order_id,customer_id,order_date,order_total,num_items
2507,23,2024-02-01,16.43,3
14344,23,2024-02-05,25.16,1
33019,1,2024-02-10,42.63,3
36557,5,2024-02-10,54.38,4
37373,27,2024-02-06,103.08,4
44323,8,2024-02-06,72.99,4
69638,23,2024-02-06,64.69,4
82309,25,2024-02-01,102.53,5
85649,1,2024-02-08,47.12,2
97354,23,2024-02-05,38.43,3
101017,12,2024-02-04,25.10,2
108320,26,2024-02-06,23.45,1
147960,17,2024-02-01,46.59,2
168895,23,2024-02-08,89.61,4
174418,19,2024-02-06,77.36,3
180774,4,2024-02-08,37.46,2
184283,20,2024-02-09,43.89,2
195221,14,2024-02-08,64.38,4
206508,19,2024-02-01,64.01,4
210452,23,2024-02-02,54.73,4
216814,25,2024-02-02,73.69,4
221911,3,2024-02-01,44.54,4
222250,14,2024-02-07,45.80,1
230396,20,2024-02-10,88.05,5
246193,26,2024-02-01,32.74,2
246695,21,2024-02-03,14.82,1
255229,18,2024-02-10,19.32,2
262029,12,2024-02-06,85.17,5
304409,15,2024-02-08,27.88,2
315910,22,2024-02-03,26.74,2
331025,30,2024-02-08,14.84,1
332417,14,2024-02-01,16.84,1
337101,18,2024-02-05,23.85,2
341786,6,2024-02-06,59.39,3
344840,23,2024-02-04,37.48,1
356062,20,2024-02-01,26.24,1
371019,23,2024-02-06,16.84,1
378052,26,2024-02-01,61.32,4
378312,7,2024-02-04,39.05,4
391425,10,2024-02-06,18.67,2
398620,14,2024-02-02,8.56,1
418533,27,2024-02-05,101.74,5
420279,23,2024-02-02,58.97,4
428674,18,2024-02-05,17.43,3
446793,18,2024-02-01,93.47,4
448596,15,2024-02-02,13.54,2
454546,27,2024-02-08,37.70,1
483147,15,2024-02-01,15.88,1
496108,16,2024-02-01,6.18,1
500520,24,2024-02-07,0.00,0
516678,23,2024-02-08,6.18,1
518995,8,2024-02-10,4.87,1
547560,25,2024-02-05,4.09,1
548080,17,2024-02-02,15.68,2
549292,4,2024-02-01,44.97,3
553639,18,2024-02-01,10.89,1
572395,26,2024-02-01,34.38,3
584895,20,2024-02-04,49.22,5
589093,16,2024-02-08,63.37,5
616218,11,2024-02-04,49.93,2
620708,4,2024-02-02,83.43,4
626453,20,2024-02-09,43.50,2
626984,30,2024-02-01,33.97,3
670553,16,2024-02-05,47.25,3
721711,14,2024-02-05,15.92,1
738167,8,2024-02-09,10.22,2
749207,2,2024-02-02,22.77,2
753068,2,2024-02-09,38.42,3
755658,8,2024-02-10,49.40,2
782974,28,2024-02-08,55.41,5
788728,24,2024-02-04,82.82,5
810175,15,2024-02-09,35.10,3
835001,7,2024-02-10,78.95,4
873466,7,2024-02-09,37.81,4
916908,19,2024-02-05,74.56,4
919746,18,2024-02-10,50.05,5
921496,23,2024-02-10,60.92,4
936269,30,2024-02-09,50.90,2
942063,17,2024-02-01,30.01,2
945714,2,2024-02-01,42.31,2
964079,12,2024-02-02,50.21,2
964284,2,2024-02-04,29.79,3
972899,15,2024-02-09,29.85,1
981386,21,2024-02-06,27.03,2
983242,22,2024-02-01,89.67,4
996627,2,2024-02-09,3.09,1
1002949,8,2024-02-10,18.32,1
1003276,11,2024-02-01,36.15,3
1003481,30,2024-02-08,35.82,2
1013182,25,2024-02-06,102.12,5
1016054,15,2024-02-02,3.96,1
1018138,22,2024-02-08,81.01,4
1029112,18,2024-02-05,14.52,1
1035867,13,2024-02-01,86.79,4
1042581,5,2024-02-10,41.68,3
1043366,7,2024-02-10,24.22,3
1043980,11,2024-02-06,31.39,2
1052005,6,2024-02-09,10.71,2
1080939,13,2024-02-06,32.99,4
1085010,4,2024-02-05,26.04,1
1085076,24,2024-02-02,49.19,4
1087222,27,2024-02-04,39.33,3
1087811,7,2024-02-01,20.12,2
1090161,21,2024-02-02,65.47,5
1097187,7,2024-02-04,16.33,3
1106598,18,2024-02-06,37.70,1
1148233,3,2024-02-08,48.80,2
1150526,19,2024-02-09,36.71,2
1165781,4,2024-02-06,89.10,5
1180279,28,2024-02-02,52.43,4
1186732,26,2024-02-10,11.30,1
1200947,13,2024-02-07,6.58,1
1213508,25,2024-02-01,36.69,2
1213722,21,2024-02-05,44.50,4
1222553,15,2024-02-06,23.02,2
1229184,9,2024-02-08,41.55,4
1229742,1,2024-02-01,20.98,3
1234343,12,2024-02-01,25.16,1
1245123,1,2024-02-05,94.15,5
1250796,25,2024-02-05,23.06,2
1257798,27,2024-02-06,74.97,5
1261731,23,2024-02-08,87.77,5
1269449,2,2024-02-01,15.90,2
1284414,3,2024-02-04,17.73,3
1294571,9,2024-02-01,106.83,3
1306776,30,2024-02-01,9.87,1
1309035,19,2024-02-10,21.95,2
1326916,13,2024-02-02,41.59,5
1330148,26,2024-02-09,18.43,2
1336615,25,2024-02-09,39.80,1
1341375,21,2024-02-04,41.90,1
1385690,17,2024-02-01,33.44,3
1417791,2,2024-02-09,3.58,1
1420556,10,2024-02-10,38.13,3
1428623,5,2024-02-05,6.29,1
1447264,14,2024-02-08,11.62,2
1451208,14,2024-02-01,112.32,5
1457193,26,2024-02-01,58.52,5
1460665,22,2024-02-05,0.00,0
1469676,22,2024-02-01,69.50,5
1470886,25,2024-02-01,19.90,2
1480073,12,2024-02-02,29.85,1
1499301,17,2024-02-10,52.50,3
1504740,22,2024-02-04,51.66,5
1507738,11,2024-02-09,0.00,0
1524330,8,2024-02-01,6.33,1
1531641,10,2024-02-09,64.33,4
1531795,5,2024-02-01,61.05,4
1534055,28,2024-02-08,46.58,2
1539987,6,2024-02-04,134.02,5
1542978,25,2024-02-01,59.73,2
1544095,15,2024-02-08,7.57,2
1548431,7,2024-02-08,83.33,5
1560139,27,2024-02-01,5.49,2
1570419,8,2024-02-10,13.32,2
1573034,29,2024-02-02,65.83,3
1600082,21,2024-02-08,52.26,2
1607531,10,2024-02-03,33.75,2
1641234,12,2024-02-04,59.81,5
1644035,21,2024-02-01,45.82,4
1644768,7,2024-02-01,103.03,4
1647507,4,2024-02-08,28.25,1
1654710,26,2024-02-06,136.62,5
1658121,29,2024-02-07,135.60,4
1668875,6,2024-02-09,90.54,4
1691882,18,2024-02-02,58.94,3
1692082,29,2024-02-08,67.15,2
1696792,5,2024-02-06,17.02,4
1709653,18,2024-02-06,7.42,1
1722542,14,2024-02-06,58.78,2
1730658,6,2024-02-08,38.91,4
1730841,1,2024-02-04,49.75,1
1733834,20,2024-02-05,56.17,2
1739347,10,2024-02-01,25.06,2
1748685,9,2024-02-03,28.29,1
1748788,27,2024-02-06,121.65,4
1775124,11,2024-02-05,94.31,5
1776988,8,2024-02-02,4.59,1
1786728,14,2024-02-02,83.41,5
1790356,3,2024-02-02,0.00,0
1795267,30,2024-02-10,48.60,3
1799038,18,2024-02-06,4.72,1
1799061,8,2024-02-02,11.56,1
1864732,12,2024-02-09,42.20,2
1871097,3,2024-02-09,51.43,5
1874305,21,2024-02-02,54.97,4
1877537,26,2024-02-02,106.81,5
1881102,19,2024-02-02,31.21,2
1881813,8,2024-02-09,34.34,4
1882050,25,2024-02-01,35.89,2
1894368,25,2024-02-04,56.18,4
1894981,6,2024-02-02,28.03,2
1909557,13,2024-02-02,40.92,2
1918579,19,2024-02-04,7.41,1
1922905,27,2024-02-08,29.85,1
1951081,21,2024-02-01,5.37,1
1952863,14,2024-02-09,34.96,1
1969934,10,2024-02-01,72.65,2
1976823,20,2024-02-01,35.38,4
1977521,5,2024-02-01,67.97,4
1991461,16,2024-02-06,42.92,2
2012663,6,2024-02-02,13.93,3
2020150,5,2024-02-03,21.39,2
2022013,5,2024-02-06,71.93,5
2024745,12,2024-02-02,28.79,3
2040669,14,2024-02-08,68.39,4
2048445,19,2024-02-03,57.18,4
2051912,29,2024-02-10,21.00,2
2057913,9,2024-02-01,22.26,1
2080681,12,2024-02-08,34.96,1
2117254,21,2024-02-06,65.84,2
2162609,8,2024-02-09,81.43,4
2163191,14,2024-02-01,42.80,1
2166751,18,2024-02-01,51.06,2
2167434,25,2024-02-01,31.92,2
2172565,1,2024-02-01,74.85,5
2172683,23,2024-02-09,40.64,3
2179403,7,2024-02-02,42.27,3
2180204,11,2024-02-08,18.79,2
2185005,17,2024-02-06,88.10,5
2187814,26,2024-02-08,85.33,4
2201523,7,2024-02-01,53.85,2
2206758,25,2024-02-10,34.33,3
2206994,18,2024-02-04,54.99,2
2215230,5,2024-02-04,17.82,3
2225823,14,2024-02-04,18.86,1
2226582,2,2024-02-01,2.04,1
2228014,7,2024-02-10,5.76,3
2235366,1,2024-02-09,109.78,4
2249003,21,2024-02-08,51.85,3
2279050,15,2024-02-08,12.63,1
2282382,3,2024-02-02,22.26,1
2282965,5,2024-02-10,24.64,2
2298068,12,2024-02-01,54.93,3
2338033,24,2024-02-02,36.97,3
2338754,20,2024-02-06,51.33,2
2340451,27,2024-02-01,83.60,5
2358234,22,2024-02-02,52.21,3
2359849,14,2024-02-09,23.60,1
2375054,3,2024-02-07,18.46,2
2401751,11,2024-02-06,47.17,4
2416729,2,2024-02-06,86.85,3
2431776,8,2024-02-01,19.90,1
2438176,10,2024-02-09,17.12,1
2442300,19,2024-02-04,79.23,4
2450391,7,2024-02-06,16.95,1
2451547,25,2024-02-06,12.58,1
2460741,29,2024-02-06,21.81,2
2464989,12,2024-02-02,51.18,3
2465474,2,2024-02-01,1.79,1
2468303,3,2024-02-01,1.02,1
2474139,13,2024-02-08,20.39,3
2478063,15,2024-02-02,3.08,1
2489219,1,2024-02-08,67.50,4
2494887,1,2024-02-02,52.74,4
2512395,6,2024-02-09,45.19,4
2516120,13,2024-02-05,19.90,1
2523119,29,2024-02-04,64.83,4
2523471,19,2024-02-10,34.46,3
2523569,30,2024-02-04,22.49,2
2560276,7,2024-02-08,39.62,2
2571999,23,2024-02-01,11.94,1
2616953,12,2024-02-04,20.01,2
2621431,10,2024-02-08,56.32,4
2621640,17,2024-02-09,105.76,4
2622309,25,2024-02-08,50.80,3
2628886,14,2024-02-09,39.78,4
2652521,27,2024-02-09,0.00,0
2668382,1,2024-02-01,77.57,5
2680615,18,2024-02-02,49.53,3
2695543,15,2024-02-03,30.78,2
2697425,10,2024-02-01,9.90,1
2703606,17,2024-02-06,18.47,2
2705750,10,2024-02-05,82.29,4
2706986,11,2024-02-09,44.92,2
2725858,14,2024-02-01,43.60,3
2730377,7,2024-02-09,59.46,3
2737263,23,2024-02-01,28.25,1
2749254,21,2024-02-06,17.82,2
2761920,30,2024-02-09,45.61,2
2788125,7,2024-02-08,46.34,2
2793375,22,2024-02-03,14.02,2
2802739,29,2024-02-01,26.14,3
2803196,25,2024-02-02,6.18,1
2804811,4,2024-02-01,42.08,2
2812576,14,2024-02-01,5.14,2
2815032,22,2024-02-02,51.79,3
2816323,16,2024-02-08,6.58,1
2827862,4,2024-02-02,36.64,1
2828494,23,2024-02-01,26.72,3
2831577,24,2024-02-06,29.53,3
2834169,17,2024-02-03,30.22,2
2837035,27,2024-02-09,12.07,2
2841145,14,2024-02-02,42.21,4
2841890,12,2024-02-05,6.75,1
2855802,13,2024-02-02,30.27,3
2874999,8,2024-02-02,28.77,2
2886319,21,2024-02-08,10.88,2
2909092,16,2024-02-03,4.21,1
2914907,14,2024-02-10,26.53,2
2926815,6,2024-02-10,21.03,3
2927582,8,2024-02-05,19.75,3
2928311,10,2024-02-02,39.34,3
2928959,16,2024-02-08,46.36,2
2929510,19,2024-02-02,45.93,5
2937790,3,2024-02-06,3.06,1
2952375,7,2024-02-06,78.13,5
2954558,10,2024-02-08,14.52,1
2960874,30,2024-02-01,33.08,3
2981087,2,2024-02-02,34.10,3
2991710,4,2024-02-10,42.43,3
2994929,24,2024-02-10,68.73,5
3012233,13,2024-02-03,28.59,3
3012848,24,2024-02-09,52.36,2
3016724,24,2024-02-08,59.95,4
3037263,11,2024-02-02,70.17,4
3071346,7,2024-02-10,41.65,3
3087415,9,2024-02-08,47.15,3
3103317,30,2024-02-03,21.32,2
3107621,8,2024-02-03,8.18,1
3115046,15,2024-02-08,51.41,4
3122756,26,2024-02-01,22.62,1
3136281,14,2024-02-01,70.27,5
3139230,20,2024-02-08,43.70,1
3139467,14,2024-02-01,45.32,5
3145242,11,2024-02-06,49.67,2
3147670,23,2024-02-04,41.04,5
3152580,10,2024-02-10,84.29,5
3192615,15,2024-02-04,0.00,0
3211702,11,2024-02-06,71.63,5
3225227,25,2024-02-08,85.15,4
3256313,11,2024-02-01,34.44,3
3263259,22,2024-02-06,48.67,3
3282152,20,2024-02-06,29.67,3
3287271,19,2024-02-08,95.51,4
3316347,24,2024-02-01,34.53,2
3317049,14,2024-02-01,73.78,4
3318862,8,2024-02-04,41.20,3
3334848,22,2024-02-08,40.08,3
3335096,10,2024-02-05,11.79,2
3364991,27,2024-02-01,25.16,1
3373813,6,2024-02-03,0.00,0
3400270,6,2024-02-09,11.94,1
3400876,23,2024-02-01,32.99,3
3408096,12,2024-02-05,7.55,1
3412465,14,2024-02-06,3.08,1
3414896,15,2024-02-04,41.75,4
3423463,18,2024-02-01,17.58,2
3426435,14,2024-02-09,125.61,5
3427908,8,2024-02-10,26.24,1
3445335,1,2024-02-09,55.59,2
3455167,8,2024-02-06,14.37,2
3473014,30,2024-02-02,63.35,4
3491860,27,2024-02-03,93.54,5
3512791,22,2024-02-01,23.24,4
3535365,10,2024-02-02,5.78,1
3545217,25,2024-02-08,21.05,1
3582597,1,2024-02-05,25.10,2
3586693,29,2024-02-02,35.94,3
3606328,1,2024-02-09,15.56,2
3609451,25,2024-02-02,76.27,4
3627041,6,2024-02-01,79.03,3
3627766,27,2024-02-01,18.89,3
3631182,5,2024-02-05,51.55,4
3631674,16,2024-02-01,81.29,4
3634375,16,2024-02-06,63.48,4
3637499,23,2024-02-09,25.16,1
3648876,15,2024-02-08,8.56,1
3658587,3,2024-02-03,22.55,2
3658767,15,2024-02-06,22.50,2
3659755,27,2024-02-10,55.78,3
3662002,22,2024-02-02,81.22,4
3670306,7,2024-02-02,50.65,3
3692281,7,2024-02-01,33.52,1
3697614,10,2024-02-05,78.24,4
3711071,10,2024-02-10,31.77,3
3711280,30,2024-02-06,55.46,4
3714620,8,2024-02-07,40.01,4
3719927,2,2024-02-10,30.23,3
3722112,26,2024-02-08,80.45,4
3747391,9,2024-02-04,60.10,3
3759773,10,2024-02-06,78.86,5
3760255,30,2024-02-04,52.10,4
3761422,9,2024-02-05,61.65,3
3776497,30,2024-02-04,33.91,4
3785097,16,2024-02-02,12.66,1
3803301,27,2024-02-10,70.05,3
3804435,10,2024-02-02,74.59,4
3831392,11,2024-02-04,101.47,5
3843662,6,2024-02-08,44.30,5
3857474,3,2024-02-05,36.49,2
3872859,8,2024-02-02,22.60,1
3874270,12,2024-02-06,7.92,1
3896167,30,2024-02-01,81.02,5
3898227,6,2024-02-01,40.73,2
3899195,25,2024-02-06,0.51,1
3900455,17,2024-02-05,97.76,4
3903782,17,2024-02-01,25.32,1
3921246,9,2024-02-08,17.31,2
3922500,16,2024-02-01,84.41,5
3925650,5,2024-02-02,67.94,5
3932234,16,2024-02-05,7.86,2
3952291,8,2024-02-09,28.11,1
3953283,1,2024-02-10,9.27,1
3966854,5,2024-02-01,104.14,4
3984500,4,2024-02-03,94.18,5
4006253,19,2024-02-01,14.61,1
4007018,22,2024-02-02,20.88,3
4018899,26,2024-02-09,44.54,3
4031417,7,2024-02-09,62.63,4
4035971,10,2024-02-08,16.95,1
4040014,22,2024-02-01,46.61,2
4059923,12,2024-02-06,107.87,3
4071782,24,2024-02-06,18.71,3
4081862,10,2024-02-06,4.50,1
4093271,21,2024-02-10,46.04,3
4115574,16,2024-02-02,18.76,1
4117780,7,2024-02-04,6.31,2
4131166,29,2024-02-01,9.95,1
4165186,26,2024-02-08,14.48,1
4182261,13,2024-02-09,13.55,2
4187804,17,2024-02-06,37.59,2
4210596,23,2024-02-01,45.80,3
4216363,5,2024-02-02,94.01,5
4216437,6,2024-02-04,19.90,1
4221922,8,2024-02-09,55.47,4
4223784,5,2024-02-09,34.66,5
4225121,23,2024-02-06,61.15,4
4232947,22,2024-02-01,28.25,1
4239077,1,2024-02-01,14.48,1
4239082,12,2024-02-01,28.61,2
4270882,9,2024-02-03,6.75,1
4291589,22,2024-02-08,21.49,3
4302591,5,2024-02-10,29.35,2
4307412,12,2024-02-09,75.48,4
4313924,22,2024-02-06,62.41,3
4314270,6,2024-02-06,65.32,3
4331282,1,2024-02-01,60.22,2
4366060,26,2024-02-03,34.47,2
4372131,26,2024-02-05,51.52,3
4391028,26,2024-02-09,0.00,0
4399504,21,2024-02-03,113.24,5
4410639,5,2024-02-09,97.05,4
4411467,15,2024-02-10,72.76,4
4421466,10,2024-02-02,24.91,3
4426677,16,2024-02-03,30.58,4
4427853,5,2024-02-06,101.48,5
4439989,14,2024-02-01,0.00,0
4442445,3,2024-02-09,7.94,1
4452614,5,2024-02-08,44.17,5
4452634,12,2024-02-06,68.48,4
4459037,4,2024-02-01,104.21,4
4461036,3,2024-02-08,18.76,1
4477447,3,2024-02-01,14.16,1
4488784,18,2024-02-01,31.87,3
4495249,14,2024-02-02,42.86,3
4496708,28,2024-02-03,127.09,5
4505828,17,2024-02-01,45.20,2
4508545,25,2024-02-03,16.95,1
4516259,20,2024-02-01,71.96,3
4517901,7,2024-02-09,42.13,4
4531915,15,2024-02-02,50.90,3
4538797,13,2024-02-06,31.65,1
4554002,25,2024-02-02,17.12,1
4561531,3,2024-02-10,20.07,4
4564125,27,2024-02-02,56.10,3
4566944,4,2024-02-08,109.10,5
4585613,20,2024-02-09,22.43,2
4589145,2,2024-02-08,30.21,3
4590222,11,2024-02-09,18.32,1
4590286,15,2024-02-06,15.56,2
4618366,20,2024-02-04,63.13,4
4628337,11,2024-02-10,58.28,3
4637323,20,2024-02-10,14.84,1
4643956,1,2024-02-08,34.06,2
4666084,22,2024-02-10,28.11,1
4701325,2,2024-02-09,60.93,3
4710449,25,2024-02-01,37.90,3
4732216,20,2024-02-02,22.62,1
4740147,30,2024-02-06,35.89,3
4754675,21,2024-02-08,76.92,5
4763238,12,2024-02-04,86.24,5
4770458,8,2024-02-08,7.58,2
4819208,18,2024-02-09,8.42,1
4819743,5,2024-02-08,30.16,1
4824454,25,2024-02-01,66.86,5
4824866,8,2024-02-05,70.32,5
4828822,28,2024-02-04,28.25,1
4838677,29,2024-02-02,78.06,5
4847423,30,2024-02-02,48.42,4
4851919,24,2024-02-09,90.43,5
4879626,12,2024-02-02,79.19,4
4884286,22,2024-02-06,41.09,2
4887908,1,2024-02-01,24.35,1
4895668,14,2024-02-04,9.95,1
4906948,6,2024-02-10,7.32,2
4907756,2,2024-02-10,91.08,4
4919817,17,2024-02-08,0.00,0
4922944,16,2024-02-09,44.75,3
4924858,22,2024-02-08,37.22,2
4930309,8,2024-02-04,13.50,3
4933137,10,2024-02-01,33.90,2
4950890,21,2024-02-09,42.80,2
4985436,10,2024-02-01,54.01,4
4994021,11,2024-02-01,71.42,3
5000387,7,2024-02-09,19.33,3
5012635,3,2024-02-05,77.44,3
5013477,14,2024-02-08,47.15,1
5019832,1,2024-02-01,114.21,5
5032903,30,2024-02-06,28.90,1
5058032,3,2024-02-01,22.48,2
5059388,14,2024-02-07,61.80,4
5093721,12,2024-02-02,37.70,1
5107108,25,2024-02-10,16.84,1
5116821,5,2024-02-06,76.91,4
5131274,28,2024-02-04,45.63,2
5147859,17,2024-02-02,6.58,1
5150174,19,2024-02-10,36.64,1
5162951,21,2024-02-01,4.69,1
5165581,5,2024-02-01,73.18,3
5184457,12,2024-02-10,0.00,0
5193999,9,2024-02-01,77.75,5
5198244,5,2024-02-04,28.29,2
5198891,18,2024-02-01,96.90,4
5203482,23,2024-02-09,79.67,5
5251669,12,2024-02-01,7.65,1
5256037,16,2024-02-02,69.66,5
5269857,19,2024-02-09,51.88,4
5283277,25,2024-02-08,26.26,4
5301752,21,2024-02-05,46.70,3
5302760,19,2024-02-03,7.65,1
5307943,28,2024-02-01,22.47,4
5314269,15,2024-02-05,6.16,1
5315891,26,2024-02-02,32.80,1
5331182,9,2024-02-10,63.90,3
5334525,9,2024-02-04,23.26,2
5335718,6,2024-02-09,43.70,1
5342313,21,2024-02-01,24.83,3
5350933,11,2024-02-06,32.68,4
5379112,7,2024-02-01,105.26,4
5384871,20,2024-02-03,2.55,1
5387002,8,2024-02-03,88.75,4
5388965,30,2024-02-10,56.56,2
5432508,7,2024-02-02,75.60,4
5432811,25,2024-02-04,39.46,2
5456000,29,2024-02-04,145.47,5
5460119,3,2024-02-02,51.65,3
5484656,12,2024-02-09,19.90,1
5487123,5,2024-02-09,3.63,1
5493851,6,2024-02-02,16.45,1
5493957,20,2024-02-02,64.47,5
5497325,1,2024-02-06,22.26,1
5518385,10,2024-02-01,48.54,3
5528553,25,2024-02-01,27.03,4
5540614,29,2024-02-09,29.73,3
5541742,27,2024-02-01,26.71,2
5549886,19,2024-02-09,25.36,2
5570887,27,2024-02-05,68.06,4
5575219,11,2024-02-01,48.29,2
5575950,28,2024-02-01,43.70,1
5580521,24,2024-02-01,62.55,4
5595673,15,2024-02-09,18.46,2
5621217,26,2024-02-01,4.53,1
5621728,17,2024-02-09,28.11,1
5627475,27,2024-02-10,37.10,1
5639475,1,2024-02-10,54.20,3
5665909,27,2024-02-06,7.16,1
5680748,23,2024-02-05,9.44,1
5690661,9,2024-02-05,21.17,2
5702184,21,2024-02-06,23.15,2
5705808,25,2024-02-08,37.82,3
5709229,28,2024-02-06,18.88,1
5721484,30,2024-02-09,50.66,2
5740818,24,2024-02-04,39.94,4
5743965,2,2024-02-06,4.21,1
5747628,29,2024-02-09,62.80,2
5760591,21,2024-02-05,1.79,1
5765706,28,2024-02-02,64.30,5
5773448,28,2024-02-02,106.29,4
5787840,23,2024-02-06,72.15,5
5799453,30,2024-02-09,52.59,5
5829928,12,2024-02-02,85.48,5
5845133,25,2024-02-06,18.30,2
5851054,12,2024-02-01,1.98,1
5856392,15,2024-02-01,18.31,2
5860237,1,2024-02-04,77.36,4
5862375,10,2024-02-06,98.11,3
5866686,4,2024-02-02,35.31,2
5870189,22,2024-02-06,85.55,3
5886730,28,2024-02-01,9.38,1
5889243,3,2024-02-02,58.36,5
5914776,17,2024-02-05,42.80,1
5915205,8,2024-02-01,1.79,1
5930731,2,2024-02-02,80.45,4
5933775,3,2024-02-01,1.51,1
5936931,15,2024-02-05,26.22,2
5940120,27,2024-02-03,41.72,2
5972261,6,2024-02-06,59.38,2
5994923,4,2024-02-04,83.38,4
6006550,29,2024-02-01,31.24,4
6040727,7,2024-02-04,132.85,5
6049593,30,2024-02-04,8.37,2
6054724,25,2024-02-01,109.10,5
6059335,10,2024-02-10,22.81,3
6061074,12,2024-02-08,46.64,2
6061794,16,2024-02-01,30.34,3
6099932,29,2024-02-09,28.76,2
6135843,11,2024-02-01,11.91,1
6135972,10,2024-02-09,28.75,2
6158368,29,2024-02-09,92.05,4
6163175,1,2024-02-03,54.52,4
6164660,4,2024-02-06,46.28,4
6165315,11,2024-02-01,62.46,5
6165860,6,2024-02-06,43.11,2
6169963,7,2024-02-01,82.42,3
6171827,21,2024-02-08,45.61,5
6181378,26,2024-02-01,25.21,2
6196012,30,2024-02-08,26.92,2
6220695,9,2024-02-08,46.74,3
6236348,24,2024-02-04,51.63,3
6244944,30,2024-02-02,18.89,3
6261573,4,2024-02-08,76.58,3
6278838,2,2024-02-09,39.16,3
6283634,28,2024-02-01,58.37,5
6287772,12,2024-02-10,67.49,3
6307135,18,2024-02-01,6.56,1
6330414,4,2024-02-03,39.50,3
6336279,13,2024-02-06,3.02,1
6346839,28,2024-02-01,20.45,1
6356808,3,2024-02-03,47.33,3
6363225,22,2024-02-01,1.51,1
6379827,6,2024-02-09,0.00,0
6392959,11,2024-02-10,1.54,1
6399703,14,2024-02-10,38.82,4
6401968,18,2024-02-01,54.21,4
6406027,2,2024-02-06,24.08,2
6412800,1,2024-02-09,11.32,2
6415757,3,2024-02-01,47.60,3
6453106,26,2024-02-02,29.30,2
6462488,3,2024-02-01,48.06,3
6462802,30,2024-02-02,1.79,1
6476642,18,2024-02-10,11.94,1
6479384,27,2024-02-08,41.60,3
6485489,20,2024-02-09,74.40,5
6488141,15,2024-02-01,22.70,4
6489872,23,2024-02-06,6.58,1
6496497,23,2024-02-02,40.95,2
6502294,11,2024-02-01,30.91,3
6519972,1,2024-02-09,32.55,1
6522580,8,2024-02-08,10.13,2
6525943,25,2024-02-09,12.79,3
6527163,23,2024-02-01,32.80,1
6532864,18,2024-02-10,64.49,3
6538652,16,2024-02-04,26.38,2
6551883,6,2024-02-01,13.05,2
6568628,29,2024-02-02,32.89,3
6573221,11,2024-02-09,23.96,3
6574253,10,2024-02-06,9.38,1
6582735,23,2024-02-04,11.56,1
6609173,7,2024-02-01,8.56,1
6615504,10,2024-02-05,37.87,4
6618178,28,2024-02-06,6.18,1
6626573,12,2024-02-04,64.96,5
6626855,19,2024-02-05,44.56,4
6635876,21,2024-02-09,50.35,4
6638021,6,2024-02-08,21.27,2
6643806,14,2024-02-01,8.18,1
6662589,23,2024-02-09,5.65,1
6668772,26,2024-02-02,65.94,4
6679568,10,2024-02-10,25.74,3
6680463,6,2024-02-08,51.96,4
6688779,28,2024-02-10,28.25,1
6689506,1,2024-02-02,62.01,3
6690161,20,2024-02-02,17.87,2
6706277,20,2024-02-08,46.19,4
6711261,27,2024-02-01,17.75,2
6711569,17,2024-02-08,66.31,5
6742995,14,2024-02-01,43.11,4
6757342,7,2024-02-10,46.67,3
6762704,15,2024-02-06,7.24,1
6774989,23,2024-02-06,54.30,4
6779510,12,2024-02-05,48.91,3
6800850,21,2024-02-05,57.59,3
6805645,25,2024-02-01,86.59,5
6827715,17,2024-02-10,23.79,2
6830748,18,2024-02-02,44.70,4
6837752,20,2024-02-09,21.59,3
6858849,10,2024-02-06,55.40,2
6872420,29,2024-02-06,50.96,4
6876300,24,2024-02-01,76.67,4
6878588,2,2024-02-09,37.70,1
6897640,2,2024-02-06,39.66,4
6903829,29,2024-02-09,104.44,5
6909041,1,2024-02-09,110.86,4
6915859,26,2024-02-04,9.14,2
6919081,9,2024-02-01,34.03,3
6923641,15,2024-02-06,32.84,2
6932788,10,2024-02-04,25.32,1
6942529,16,2024-02-09,1.79,1
6950933,27,2024-02-01,24.45,3
6955798,7,2024-02-09,22.26,1
6966755,6,2024-02-03,45.43,3
7002993,4,2024-02-10,11.96,2
7003831,27,2024-02-08,26.20,2
7004015,1,2024-02-08,40.83,2
7012771,6,2024-02-08,4.28,1
7019148,11,2024-02-04,43.61,3
7019560,8,2024-02-08,78.08,5
7032732,18,2024-02-04,10.70,2
7037575,4,2024-02-01,78.35,3
7078346,7,2024-02-03,137.00,5
7083800,1,2024-02-03,41.23,4
7087004,15,2024-02-10,7.26,1
7108844,14,2024-02-01,9.74,1
7137251,18,2024-02-09,11.25,1
7155865,5,2024-02-02,25.77,2
7173053,7,2024-02-03,62.48,5
7190568,3,2024-02-10,43.11,3
7197476,11,2024-02-10,41.41,3
7222233,7,2024-02-08,53.98,3
7242556,5,2024-02-04,16.45,1
7249895,1,2024-02-09,0.00,0
7257075,2,2024-02-10,12.66,1
7296914,8,2024-02-01,49.23,3
7326845,16,2024-02-08,63.71,5
7330002,23,2024-02-09,79.01,5
7338367,8,2024-02-06,36.03,4
7341232,3,2024-02-02,15.45,1
7344041,7,2024-02-01,24.05,2
7345677,10,2024-02-07,59.64,3
7361149,20,2024-02-03,120.85,5
7373290,16,2024-02-09,69.48,5
7383860,30,2024-02-08,26.09,3
7390364,26,2024-02-09,50.35,2
7390610,30,2024-02-02,82.16,5
7395299,25,2024-02-06,37.96,4
7409518,8,2024-02-09,29.24,2
7410674,15,2024-02-02,9.27,1
7412068,14,2024-02-06,26.65,2
7414252,23,2024-02-09,64.60,2
7426119,7,2024-02-04,45.82,4
7432981,19,2024-02-10,46.72,2
7433383,17,2024-02-09,30.86,2
7437300,27,2024-02-04,117.25,5
7443651,15,2024-02-02,4.21,1
7450241,29,2024-02-09,4.59,1
7460988,2,2024-02-08,88.10,5
7482569,4,2024-02-01,22.92,2
7483504,14,2024-02-05,40.20,2
7484497,8,2024-02-06,42.80,4
7487008,5,2024-02-01,31.02,2
7489882,16,2024-02-03,66.29,4
7495781,30,2024-02-01,113.91,5
7506487,25,2024-02-10,26.12,4
7509174,27,2024-02-05,62.32,4
7512967,11,2024-02-04,87.00,5
7528971,19,2024-02-06,0.00,0
7537777,21,2024-02-02,22.43,3
7547650,19,2024-02-02,4.87,1
7554662,24,2024-02-10,59.34,3
7556874,18,2024-02-06,43.88,2
7565302,28,2024-02-06,33.34,3
7569121,9,2024-02-05,6.58,1
7582518,7,2024-02-05,38.77,2
7589541,11,2024-02-06,99.67,5
7603406,15,2024-02-02,26.12,2
7611363,7,2024-02-05,6.67,2
7634317,2,2024-02-05,0.00,0
7640258,3,2024-02-10,25.16,1
7653094,11,2024-02-08,69.41,5
7660990,30,2024-02-04,70.12,5
7662411,5,2024-02-08,49.27,5
7666515,11,2024-02-06,109.70,3
7688674,5,2024-02-02,3.06,1
7701009,4,2024-02-06,15.11,2
7717842,1,2024-02-10,79.29,4
7718608,13,2024-02-10,29.85,1
7726991,24,2024-02-02,46.38,5
7733320,26,2024-02-02,58.04,3
7751045,12,2024-02-09,95.06,3
7758590,11,2024-02-01,11.94,1
7768477,11,2024-02-04,45.76,3
7793711,11,2024-02-09,55.61,2
7793738,22,2024-02-04,50.30,2
7794979,30,2024-02-05,8.56,1
7795484,24,2024-02-01,8.38,1
7808248,25,2024-02-04,36.84,3
7833681,22,2024-02-08,47.62,2
7846583,25,2024-02-06,54.90,4
7863894,22,2024-02-10,72.68,4
7865182,12,2024-02-09,61.25,2
7870198,6,2024-02-02,36.64,1
7875873,20,2024-02-06,18.67,2
7878602,30,2024-02-01,76.43,4
7878685,29,2024-02-01,36.39,4
7885925,22,2024-02-09,65.67,4
7897443,17,2024-02-09,80.32,3
7912106,11,2024-02-08,63.37,4
7915742,24,2024-02-10,14.52,1
7920591,9,2024-02-02,39.80,1
7933007,1,2024-02-08,46.58,4
7939862,7,2024-02-04,4.87,1
7946843,4,2024-02-03,22.01,2
7965434,19,2024-02-01,57.71,5
7986488,20,2024-02-10,41.73,5
8020311,9,2024-02-01,60.79,3
8024847,11,2024-02-09,21.82,3
8039221,7,2024-02-09,82.91,3
8075990,14,2024-02-08,4.72,1
8086517,8,2024-02-10,3.98,1
8100075,11,2024-02-10,91.98,3
8102839,23,2024-02-04,7.41,1
8132711,9,2024-02-09,0.00,0
8138189,15,2024-02-10,37.10,1
8149231,13,2024-02-02,46.96,2
8182490,28,2024-02-02,33.20,3
8197164,17,2024-02-06,9.95,1
8236114,27,2024-02-09,39.38,3
8240459,5,2024-02-06,83.82,4
8243414,28,2024-02-09,19.24,2
8263893,14,2024-02-08,59.70,2
8265602,19,2024-02-01,60.68,4
8281456,24,2024-02-08,57.25,3
8302572,8,2024-02-04,0.00,0
8317751,13,2024-02-01,29.06,2
8332248,1,2024-02-09,19.48,1
8362423,21,2024-02-02,25.68,1
8364838,22,2024-02-02,1.53,1
8377255,27,2024-02-01,97.42,3
8383198,19,2024-02-10,14.82,1
8391245,11,2024-02-02,36.69,4
8412057,27,2024-02-09,11.56,1
8415457,3,2024-02-03,7.24,1
8429570,30,2024-02-09,75.23,5
8436780,15,2024-02-04,18.46,2
8442010,6,2024-02-06,111.11,5
8458163,22,2024-02-01,41.99,3
8470257,10,2024-02-03,41.92,2
8476770,9,2024-02-02,17.16,2
8495573,22,2024-02-10,67.14,4
8498611,4,2024-02-09,9.37,1
8522926,19,2024-02-10,22.49,2
8523754,19,2024-02-08,93.93,5
8534885,4,2024-02-04,36.16,4
8537673,3,2024-02-10,76.75,4
8538075,6,2024-02-04,40.63,3
8538194,10,2024-02-04,74.02,4
8539839,18,2024-02-10,9.68,2
8552317,18,2024-02-09,71.31,5
8569840,24,2024-02-01,47.66,2
8589583,24,2024-02-10,73.15,4
8592416,30,2024-02-06,29.07,2
8613590,6,2024-02-01,96.45,5
8638212,22,2024-02-09,78.84,3
8639619,19,2024-02-01,22.62,1
8641763,18,2024-02-01,0.00,0
8657672,28,2024-02-09,49.59,3
8683728,5,2024-02-08,0.51,1
8690859,24,2024-02-10,42.40,3
8703180,19,2024-02-03,0.00,0
8707161,10,2024-02-10,26.24,1
8724813,23,2024-02-09,36.88,4
8727681,26,2024-02-09,20.45,1
8734064,22,2024-02-09,16.95,1
8737024,19,2024-02-06,8.18,1
8742014,15,2024-02-10,15.08,1
8772575,18,2024-02-10,39.54,3
8794046,22,2024-02-02,25.32,1
8801064,2,2024-02-01,53.72,2
8817773,21,2024-02-01,61.82,4
8825211,8,2024-02-04,25.32,1
8890107,13,2024-02-09,55.78,3
8899821,5,2024-02-01,50.45,3
8915878,16,2024-02-09,30.36,2
8932446,29,2024-02-10,89.19,4
8936144,21,2024-02-10,117.87,5
8950054,22,2024-02-05,16.83,2
8961746,18,2024-02-04,36.16,2
8965069,9,2024-02-01,28.25,1
8970402,28,2024-02-01,99.73,5
9015795,11,2024-02-05,17.58,2
9017071,20,2024-02-01,36.48,4
9022861,19,2024-02-01,93.45,2
9035289,23,2024-02-02,80.55,5
9052187,28,2024-02-10,11.30,1
9052758,7,2024-02-04,39.73,2
9074697,26,2024-02-10,54.46,2
9085907,20,2024-02-06,57.99,4
9098184,10,2024-02-09,22.60,1
9102491,28,2024-02-04,29.80,2
9108885,24,2024-02-01,17.89,2
9109833,15,2024-02-01,13.16,1
9116413,4,2024-02-01,43.34,2
9123654,16,2024-02-10,14.75,2
9126009,30,2024-02-09,72.75,4
9147650,10,2024-02-02,3.58,1
9147896,20,2024-02-02,36.05,3
9168141,20,2024-02-06,6.80,3
9168437,15,2024-02-01,52.39,5
9173922,29,2024-02-10,19.48,2
9176943,30,2024-02-10,6.16,1
9186203,23,2024-02-03,30.34,2
9192209,28,2024-02-08,23.60,1
9210782,1,2024-02-08,35.38,3
9215051,21,2024-02-09,78.76,5
9216457,9,2024-02-08,57.03,3
9218340,4,2024-02-01,54.58,2
9220939,8,2024-02-02,10.89,3
9239413,12,2024-02-08,31.79,2
9254426,16,2024-02-10,11.56,1
9255116,25,2024-02-10,15.71,2
9257273,13,2024-02-01,59.65,5
9263974,21,2024-02-02,9.43,1
9272487,5,2024-02-10,25.68,1
9284949,9,2024-02-02,32.81,2
9301472,6,2024-02-09,23.76,3
9312613,15,2024-02-02,4.21,1
9313230,21,2024-02-09,79.40,4
9344876,27,2024-02-06,47.11,2
9348543,21,2024-02-09,13.59,2
9358735,17,2024-02-03,16.19,2
9360440,6,2024-02-09,7.65,1
9365478,30,2024-02-08,4.61,2
9365956,19,2024-02-08,126.36,5
9377693,5,2024-02-08,75.79,4
9388015,22,2024-02-03,20.70,2
9425900,27,2024-02-01,28.25,1
9446556,4,2024-02-01,26.31,2
9450446,26,2024-02-09,43.86,3
9461895,11,2024-02-01,40.02,5
9463886,8,2024-02-01,52.01,5
9472514,19,2024-02-02,23.00,2
9502337,8,2024-02-04,16.39,2
9517571,30,2024-02-06,65.16,4
9517790,30,2024-02-06,33.64,5
9524016,8,2024-02-01,16.12,2
9524738,20,2024-02-10,18.74,1
9533152,19,2024-02-06,6.60,2
9556752,26,2024-02-10,5.65,1
9567201,28,2024-02-06,51.72,4
9570142,18,2024-02-06,114.18,5
9578829,4,2024-02-08,71.82,4
9598056,8,2024-02-09,3.63,1
9639564,22,2024-02-02,50.96,4
9641593,3,2024-02-06,15.84,4
9649285,15,2024-02-08,15.08,1
9649786,11,2024-02-01,107.40,5
9656533,1,2024-02-01,54.31,3
9658750,13,2024-02-06,87.94,5
9663957,25,2024-02-02,14.50,2
9666566,19,2024-02-10,0.00,0
9677916,23,2024-02-05,48.68,3
9688482,17,2024-02-09,68.01,4
9703505,6,2024-02-06,86.49,4
9715873,24,2024-02-04,96.31,4
9715965,21,2024-02-01,45.81,4
9716571,14,2024-02-01,30.35,2
9718895,20,2024-02-09,33.98,2
9725766,5,2024-02-03,35.88,2
9733816,25,2024-02-01,30.92,2
9735671,11,2024-02-06,61.31,2
9735697,27,2024-02-04,58.53,4
9739861,8,2024-02-02,40.07,5
9743371,10,2024-02-01,9.37,1
9758472,10,2024-02-03,91.49,5
9760778,15,2024-02-09,12.66,1
9770980,15,2024-02-02,52.97,5
9771347,18,2024-02-02,17.48,1
9780311,28,2024-02-10,24.35,1
9789565,26,2024-02-09,60.80,5
9790237,13,2024-02-08,19.27,2
9790315,7,2024-02-03,89.40,3
9793579,8,2024-02-01,0.51,1
9794851,30,2024-02-01,72.99,4
9798150,4,2024-02-01,31.33,4
9802771,17,2024-02-03,54.77,4
9802885,22,2024-02-05,76.28,5
9808824,24,2024-02-08,38.36,3
9809515,9,2024-02-02,57.36,5
9813076,10,2024-02-08,101.14,4
9813254,24,2024-02-02,6.04,1
9826458,27,2024-02-04,72.13,4
9829646,20,2024-02-01,81.46,5
9857196,14,2024-02-02,66.79,4
9861984,7,2024-02-01,36.71,2
9877497,10,2024-02-01,11.25,1
9885626,9,2024-02-02,34.74,2
9886373,30,2024-02-04,39.51,3
9888091,7,2024-02-02,37.05,1
9889146,7,2024-02-08,33.06,3
9892294,21,2024-02-09,46.57,3
9893778,22,2024-02-09,31.65,1
9927911,24,2024-02-01,43.34,3
9946038,14,2024-02-08,28.90,2
9949105,29,2024-02-03,63.32,4
9959219,6,2024-02-01,40.71,2
9981550,21,2024-02-01,39.45,3
9994662,14,2024-02-09,19.80,4
9996035,18,2024-02-01,62.69,4
9998702,5,2024-02-10,21.30,3
10017500,7,2024-02-03,10.84,2
10028089,10,2024-02-10,17.12,1
10028304,16,2024-02-01,74.70,4
10030898,12,2024-02-06,31.65,1
10031323,18,2024-02-04,73.91,4
10035447,28,2024-02-06,66.83,3
10035745,26,2024-02-06,2.25,1
10049662,4,2024-02-01,42.75,2
10054722,5,2024-02-02,47.84,4
10057864,9,2024-02-02,20.92,3
10058306,20,2024-02-04,17.20,2
10071421,14,2024-02-01,3.97,1
10083460,25,2024-02-02,47.01,2
10094147,9,2024-02-01,7.65,1
10099324,16,2024-02-01,38.45,4
10102636,2,2024-02-09,102.41,4
10103677,17,2024-02-02,70.97,3
10105568,25,2024-02-10,76.66,5
10121547,17,2024-02-02,12.63,1
10142777,14,2024-02-05,22.21,2
10153626,26,2024-02-03,19.68,1
10155179,17,2024-02-02,31.06,4
10169859,3,2024-02-10,4.69,1
10178623,21,2024-02-09,54.02,4
10180061,5,2024-02-06,20.57,2
10186051,7,2024-02-01,25.68,1
10216904,15,2024-02-08,81.29,5
10219075,28,2024-02-02,24.82,4
10230959,14,2024-02-08,51.01,4
10233593,17,2024-02-03,35.71,2
10244986,6,2024-02-03,62.13,5
10252798,29,2024-02-01,81.80,4
10255261,15,2024-02-01,37.41,2
10264293,13,2024-02-01,80.66,4
10264931,25,2024-02-04,40.40,2
10267360,9,2024-02-05,65.70,3
10269161,29,2024-02-05,7.06,2
10269908,7,2024-02-01,45.41,3
10278520,28,2024-02-02,25.06,4
10283650,23,2024-02-08,74.22,3
10286249,7,2024-02-02,156.82,5
10304886,6,2024-02-05,42.92,4
10338336,11,2024-02-09,34.96,1
10340645,29,2024-02-05,53.60,2
10346700,26,2024-02-09,76.42,4
10348997,1,2024-02-07,31.33,2
10350554,8,2024-02-10,88.06,5
10351198,14,2024-02-02,36.17,2
10398158,15,2024-02-09,51.21,3
10399345,25,2024-02-08,46.20,5
10408239,19,2024-02-08,72.27,3
10413299,8,2024-02-08,37.95,4
10455330,24,2024-02-01,95.26,4
10456110,28,2024-02-10,0.00,0
10467369,20,2024-02-03,72.08,4
10467742,19,2024-02-06,64.88,4
10474355,21,2024-02-08,38.14,4
10519029,11,2024-02-09,37.70,1
10553328,19,2024-02-05,1.79,1
10567786,27,2024-02-10,50.52,2
10579424,15,2024-02-02,2.25,1
10579831,18,2024-02-01,38.84,2
10604761,24,2024-02-03,39.07,3
10609601,3,2024-02-06,37.98,3
10621868,28,2024-02-08,28.64,2
10649537,19,2024-02-08,40.06,2
10652330,25,2024-02-03,34.13,3
10658141,3,2024-02-01,25.39,2
10658463,28,2024-02-04,16.76,1
10658673,17,2024-02-01,78.11,4
10674795,27,2024-02-10,1.79,1
10676641,25,2024-02-04,20.55,4
10679668,19,2024-02-02,17.48,1
10683136,8,2024-02-04,57.41,3
10696283,16,2024-02-09,110.92,5
10702033,4,2024-02-01,77.19,5
10706078,3,2024-02-06,51.82,3
10712670,16,2024-02-08,75.96,3
10730359,16,2024-02-08,16.15,3
10731275,27,2024-02-09,14.82,1
10735341,4,2024-02-08,23.03,2
10746389,2,2024-02-05,90.89,5
10747683,1,2024-02-02,100.22,5
10754046,20,2024-02-02,99.36,5
10754742,16,2024-02-02,51.16,5
10758610,22,2024-02-08,20.38,2
10760524,29,2024-02-09,42.82,2
10773745,3,2024-02-02,19.78,2
10779828,2,2024-02-08,91.87,3
10790607,30,2024-02-01,16.10,2
10800533,9,2024-02-04,26.19,2
10806852,6,2024-02-09,46.29,4
10808043,29,2024-02-06,48.60,4
10843099,25,2024-02-06,4.53,1
10861279,25,2024-02-01,32.23,3
10861893,1,2024-02-09,67.29,5
10870080,14,2024-02-06,15.92,1
10895575,1,2024-02-04,28.29,1
10906098,20,2024-02-06,14.93,2
10908062,24,2024-02-08,59.49,2
10912230,4,2024-02-08,5.94,1
10922358,6,2024-02-05,18.76,1
10926078,5,2024-02-06,46.35,5
10927439,12,2024-02-02,79.29,5
10932787,22,2024-02-10,14.48,1
10935164,1,2024-02-08,51.26,3
10955258,5,2024-02-04,4.59,1
10973761,30,2024-02-04,34.96,1
10985470,19,2024-02-09,13.02,1
11022265,8,2024-02-03,14.61,1
11029001,25,2024-02-04,6.56,1
11033800,11,2024-02-01,80.45,3
11034714,11,2024-02-08,101.47,4
11035605,23,2024-02-09,55.10,3
11060922,16,2024-02-10,0.00,0
11063212,4,2024-02-01,19.82,2
11063760,1,2024-02-08,45.80,1
11071663,9,2024-02-05,6.56,1
11087736,28,2024-02-05,19.84,2
11101225,16,2024-02-09,61.74,4
11141902,20,2024-02-10,8.42,1
11152495,8,2024-02-01,126.77,5
11156160,13,2024-02-02,6.04,1
11171275,17,2024-02-01,32.00,4
11173017,14,2024-02-09,32.04,2
11178028,8,2024-02-08,7.24,1
11183865,3,2024-02-06,68.28,4
11186996,1,2024-02-03,53.44,4
11192491,6,2024-02-09,45.80,1
11193492,19,2024-02-05,4.34,2
11198772,12,2024-02-06,59.07,5
11201948,9,2024-02-06,82.29,5
11202839,12,2024-02-06,20.04,2
11207739,1,2024-02-05,26.49,2
11250662,30,2024-02-10,21.73,2
11256025,6,2024-02-09,33.78,3
11282956,8,2024-02-08,48.91,5
11283515,27,2024-02-02,117.19,5
11288834,30,2024-02-06,92.79,3
11299133,25,2024-02-06,15.14,2
11304188,10,2024-02-02,36.16,3
11306540,9,2024-02-02,9.95,1
11309027,23,2024-02-06,56.26,4
11327706,16,2024-02-01,83.65,3
11328060,14,2024-02-02,9.95,1
11333917,17,2024-02-08,6.16,1
11353321,16,2024-02-10,0.00,0
11369002,22,2024-02-06,46.28,4
11376382,2,2024-02-09,46.35,2
11380453,17,2024-02-01,23.43,2
11390385,17,2024-02-01,76.12,4
11391186,18,2024-02-05,14.07,1
11425314,19,2024-02-08,42.70,2
11435683,28,2024-02-02,21.79,2
11438866,7,2024-02-09,11.30,1
11445242,11,2024-02-06,11.94,1
11458425,7,2024-02-02,46.28,2
11463397,8,2024-02-01,25.05,2
11494254,18,2024-02-09,38.65,3
11513055,14,2024-02-08,14.07,1
11514194,26,2024-02-01,15.08,1
11519476,3,2024-02-02,55.80,2
11523779,16,2024-02-07,16.43,3
11539102,18,2024-02-09,5.65,1
11557001,26,2024-02-01,83.74,5
11557796,6,2024-02-03,32.98,2
11574356,10,2024-02-08,35.44,2
11583465,12,2024-02-02,62.56,4
11589325,14,2024-02-06,68.00,4
11595572,18,2024-02-06,26.59,3
11597450,24,2024-02-09,23.57,2
11607217,13,2024-02-05,16.93,3
11607899,30,2024-02-01,53.76,2
11614368,8,2024-02-09,32.75,2
11619506,7,2024-02-09,41.90,1
11635421,15,2024-02-01,14.61,1
11635899,21,2024-02-10,22.26,1
11644474,29,2024-02-01,13.83,2
11657197,10,2024-02-03,23.85,3
11662478,16,2024-02-09,35.44,3
11681225,3,2024-02-08,4.59,1
11681619,17,2024-02-01,39.97,3
11685694,9,2024-02-06,56.58,2
11687441,22,2024-02-01,28.03,2
11707457,3,2024-02-01,54.54,2
11708483,7,2024-02-05,47.35,5
11710051,15,2024-02-01,64.65,4
11719661,16,2024-02-09,22.26,1
11722007,22,2024-02-01,54.79,5
11722089,29,2024-02-09,95.64,5
11733273,24,2024-02-01,36.10,3
11733539,4,2024-02-06,51.21,2
11733714,15,2024-02-02,71.85,4
11747154,14,2024-02-01,36.26,3
11750472,4,2024-02-05,12.84,1
11777562,24,2024-02-09,90.50,5
11799332,27,2024-02-05,88.73,4
11804025,4,2024-02-06,25.68,1
11805386,3,2024-02-06,144.38,5
11824716,18,2024-02-01,48.47,3
11865848,7,2024-02-05,52.80,2
11875936,24,2024-02-06,17.34,1
11882018,21,2024-02-02,66.99,4
11889551,25,2024-02-08,46.21,4
11914768,9,2024-02-08,18.37,2
11922510,5,2024-02-10,0.00,0
11935048,28,2024-02-02,18.74,1
11936307,14,2024-02-03,8.56,1
11948781,2,2024-02-04,14.11,3
11951713,19,2024-02-02,71.90,5
11968577,2,2024-02-08,109.45,5
11975284,10,2024-02-06,59.25,3
11983214,8,2024-02-02,47.58,3
11985282,28,2024-02-01,74.35,4
11992435,22,2024-02-06,0.00,0
11995897,21,2024-02-02,7.16,1
12007197,8,2024-02-05,66.75,2
12012111,26,2024-02-04,9.38,1
12013764,14,2024-02-01,81.79,5
12016486,9,2024-02-05,22.62,1
12022473,16,2024-02-01,73.13,4
12024506,27,2024-02-06,55.96,3
12024618,13,2024-02-09,18.32,1
12046068,26,2024-02-09,49.57,3
12051170,5,2024-02-08,92.93,4
12051428,11,2024-02-09,101.81,4
12053785,20,2024-02-01,49.81,3
12057017,10,2024-02-02,36.64,1
12059024,3,2024-02-09,37.25,3
12062187,1,2024-02-04,95.48,5
12066549,22,2024-02-05,97.73,4
12068261,8,2024-02-08,90.63,4
12074295,11,2024-02-08,40.51,3
12092017,19,2024-02-06,82.56,5
12102863,6,2024-02-09,15.72,2
12112634,23,2024-02-08,95.80,5
12118143,3,2024-02-08,42.70,3
12119304,5,2024-02-09,82.11,3
12124023,14,2024-02-06,84.71,4
12128860,4,2024-02-06,57.77,5
12138930,16,2024-02-06,12.84,1
12141070,7,2024-02-05,37.45,4
12158627,18,2024-02-06,24.27,2
12165536,25,2024-02-02,44.70,4
12175604,6,2024-02-06,29.00,4
12178023,5,2024-02-01,102.44,3
12191273,26,2024-02-02,8.56,1
12198600,4,2024-02-05,13.87,2
12199917,26,2024-02-03,29.85,1
12200413,17,2024-02-09,50.50,4
12204538,7,2024-02-10,80.11,5
12213783,11,2024-02-05,63.18,4
12221266,12,2024-02-05,36.94,3
12230583,1,2024-02-06,6.18,1
12241678,14,2024-02-06,30.41,3
12260681,29,2024-02-01,50.42,3
12265242,23,2024-02-10,4.69,1
12272430,26,2024-02-09,30.43,3
12300378,13,2024-02-01,16.95,1
12308811,21,2024-02-02,59.87,4
12313548,7,2024-02-08,32.36,3
12332341,24,2024-02-02,63.22,4
12338343,9,2024-02-06,71.28,5
12361689,28,2024-02-04,10.66,2
12363939,12,2024-02-06,16.95,1
12364288,16,2024-02-09,60.16,5
12368225,4,2024-02-09,22.62,1
12374395,10,2024-02-01,90.48,4
12378549,22,2024-02-01,61.66,5
12381350,12,2024-02-04,1.79,1
12388789,23,2024-02-02,28.11,1
12395430,28,2024-02-05,102.41,5
12403581,25,2024-02-09,28.90,1
12408747,12,2024-02-05,8.18,1
12419118,17,2024-02-10,52.47,4
12425245,16,2024-02-10,111.58,4
12455470,21,2024-02-01,38.52,4
12459360,23,2024-02-09,16.16,2
12478955,10,2024-02-08,15.20,2
12486726,21,2024-02-03,92.13,4
12490365,16,2024-02-10,64.56,4
12501610,1,2024-02-06,7.70,1
12507501,30,2024-02-10,29.78,2
12508998,24,2024-02-08,91.44,5
12519289,10,2024-02-02,9.87,1
12535974,13,2024-02-01,27.63,2
12536514,13,2024-02-04,43.76,4
12540606,12,2024-02-06,77.18,5
12542642,26,2024-02-08,98.69,5
12553536,1,2024-02-02,53.27,4
12582271,10,2024-02-06,27.05,2
12587076,8,2024-02-06,62.21,4
12597610,18,2024-02-01,103.84,5
12600480,18,2024-02-09,35.62,2
12610329,18,2024-02-04,14.82,1
12649313,17,2024-02-03,37.96,3
12658823,6,2024-02-10,20.26,2
12690109,5,2024-02-10,40.27,2
12698233,16,2024-02-01,45.31,4
12704014,13,2024-02-03,74.51,4
12710044,10,2024-02-08,49.90,4
12721393,24,2024-02-03,71.44,4
12747030,6,2024-02-09,11.91,1
12748257,12,2024-02-08,69.98,3
12756759,12,2024-02-02,15.09,2
12761859,4,2024-02-02,76.36,5
12765918,4,2024-02-03,37.05,1
12784272,15,2024-02-02,12.36,1
12794462,3,2024-02-01,44.71,3
12817752,21,2024-02-05,44.36,4
12819076,17,2024-02-09,31.10,2
12825043,26,2024-02-04,36.85,4
12849935,22,2024-02-08,87.27,5
12866392,11,2024-02-01,18.99,1
12872158,24,2024-02-06,44.02,4
12887107,28,2024-02-02,4.87,1
12888378,18,2024-02-06,0.00,0
12894059,6,2024-02-03,31.33,2
12912013,21,2024-02-04,7.65,1
12923119,28,2024-02-04,29.32,4
12925689,12,2024-02-01,0.00,0
13000883,16,2024-02-01,96.70,4
13016782,25,2024-02-09,52.97,2
13018517,9,2024-02-06,40.54,2
13022643,20,2024-02-05,1.53,1
13027017,16,2024-02-09,45.35,2
13032997,15,2024-02-03,70.39,3
13043369,25,2024-02-04,25.07,3
13084532,20,2024-02-05,44.37,4
13085932,16,2024-02-08,34.58,3
13091222,3,2024-02-10,21.40,1
13098676,22,2024-02-06,44.35,3
13115151,29,2024-02-01,3.98,1
13121521,11,2024-02-10,8.56,1
13135641,2,2024-02-02,6.29,1
13152255,26,2024-02-03,119.57,5
13181740,5,2024-02-03,73.56,4
13220767,7,2024-02-01,44.53,3
13225069,5,2024-02-05,25.01,2
13228694,11,2024-02-05,36.62,2
13239451,9,2024-02-06,9.27,1
13239620,5,2024-02-02,5.31,2
13242193,24,2024-02-01,73.33,5
13247745,12,2024-02-04,38.94,4
13252299,19,2024-02-01,8.95,1
13270838,8,2024-02-01,69.62,4
13282752,2,2024-02-08,68.03,4
13299064,3,2024-02-06,71.97,4
13313839,25,2024-02-06,33.47,3
13316941,6,2024-02-02,18.76,3
13323068,8,2024-02-08,75.15,5
13328559,2,2024-02-02,19.85,1
13329508,10,2024-02-02,137.25,5
13330645,13,2024-02-01,67.29,4
13331573,19,2024-02-10,37.05,4
13350617,12,2024-02-09,71.79,4
13351570,19,2024-02-06,27.61,2
13360244,22,2024-02-08,79.40,3
13361826,20,2024-02-02,62.86,5
13362305,2,2024-02-08,9.43,1
13372208,29,2024-02-02,60.23,5
13374206,14,2024-02-01,46.73,5
13388931,29,2024-02-09,11.44,2
13403847,12,2024-02-01,48.38,4
13404516,5,2024-02-04,39.87,4
13447641,17,2024-02-10,50.09,4
13473675,9,2024-02-10,43.07,2
13478586,4,2024-02-10,65.89,2
13481105,18,2024-02-01,24.41,2
13490340,20,2024-02-10,19.90,1
13499451,2,2024-02-08,50.70,3
13504088,28,2024-02-02,30.16,1
13507758,11,2024-02-02,78.86,5
13519230,22,2024-02-06,70.94,2
13540409,27,2024-02-08,113.31,4
13575262,28,2024-02-02,26.22,1
13579909,9,2024-02-03,55.70,3
13580039,20,2024-02-09,4.21,1
13581631,15,2024-02-04,46.46,4
13596063,12,2024-02-02,55.97,2
13597176,18,2024-02-06,27.24,3
13603884,18,2024-02-02,34.79,3
13607671,19,2024-02-09,54.05,3
13611622,30,2024-02-06,105.11,5
13620191,20,2024-02-03,43.06,3
13620268,22,2024-02-06,50.33,3
13623803,1,2024-02-05,88.64,5
13626127,27,2024-02-02,40.28,4
13630456,16,2024-02-09,19.90,1
13649035,24,2024-02-10,37.60,2
13661785,12,2024-02-02,95.05,5
13677417,6,2024-02-01,22.23,1
13682911,4,2024-02-09,45.80,1
13686143,29,2024-02-02,84.00,4
13698360,2,2024-02-09,29.69,3
13704309,28,2024-02-10,19.68,1
13709130,18,2024-02-06,36.73,4
13711608,3,2024-02-10,54.36,2
13725231,5,2024-02-02,25.21,3
13727934,2,2024-02-01,116.31,5
13744617,19,2024-02-06,18.51,2
13750463,4,2024-02-01,100.36,4
13766642,23,2024-02-05,28.23,2
13799804,17,2024-02-02,41.05,3
13815099,18,2024-02-10,30.35,2
13823065,24,2024-02-05,104.82,4
13825460,28,2024-02-06,7.24,1
13842518,3,2024-02-04,39.11,2
13862548,20,2024-02-06,36.86,2
13873232,12,2024-02-01,93.94,5
13880159,13,2024-02-09,26.83,2
13888799,20,2024-02-04,56.38,4
13899525,2,2024-02-06,21.58,2
13942009,2,2024-02-06,12.57,2
13943549,10,2024-02-02,26.55,3
13994684,6,2024-02-06,68.03,5
13997893,16,2024-02-08,16.39,3
14000935,6,2024-02-09,16.90,2
14005485,26,2024-02-04,26.37,4
14008983,4,2024-02-06,40.42,4
14019812,2,2024-02-10,130.72,5
14020009,8,2024-02-06,56.46,2
14021671,24,2024-02-08,38.80,3
14025225,12,2024-02-05,55.60,3
14025577,20,2024-02-06,106.61,4
14028315,17,2024-02-09,72.54,3
14030506,29,2024-02-08,11.81,2
14034980,5,2024-02-07,47.15,1
14038362,7,2024-02-01,18.88,1
14039031,7,2024-02-04,16.66,3
14044579,21,2024-02-08,9.38,1
14044755,22,2024-02-10,47.81,2
14046312,6,2024-02-01,58.49,5
14048977,23,2024-02-03,95.22,4
14049979,10,2024-02-01,74.76,2
14053394,18,2024-02-02,75.40,5
14067688,19,2024-02-01,35.82,3
14084859,11,2024-02-02,80.08,3
14098036,8,2024-02-06,89.04,4
14123068,7,2024-02-06,45.09,2
14126478,26,2024-02-04,8.38,1
14129982,2,2024-02-02,32.98,4
14136968,23,2024-02-02,11.91,1
14146073,25,2024-02-10,9.27,1
14168693,1,2024-02-09,49.02,3
14173278,5,2024-02-04,32.55,1
14174549,4,2024-02-05,25.92,4
14197266,22,2024-02-06,65.33,5
14199537,9,2024-02-08,15.90,2
14219746,11,2024-02-09,29.25,2
14221237,29,2024-02-03,46.56,3
14233040,9,2024-02-08,59.82,4
14238773,4,2024-02-02,46.77,4
14243244,19,2024-02-02,36.35,4
14257550,26,2024-02-05,8.56,1
14261268,16,2024-02-01,58.78,4
14268526,5,2024-02-01,15.75,3
14274411,4,2024-02-10,23.83,2
14279647,17,2024-02-01,11.82,3
14289583,9,2024-02-08,7.54,1
14290928,19,2024-02-02,23.02,2
14303741,20,2024-02-02,41.80,2
14304074,7,2024-02-06,40.90,2
14321041,16,2024-02-04,23.20,2
14341509,3,2024-02-04,26.71,2
14356645,10,2024-02-01,18.43,2
14361628,5,2024-02-01,16.95,1
14363507,28,2024-02-09,53.32,3
14367104,14,2024-02-06,11.25,1
14383494,6,2024-02-09,11.94,1
14386517,27,2024-02-09,20.65,3
14387197,20,2024-02-03,22.28,3
14426926,28,2024-02-10,22.45,3
14427162,6,2024-02-01,101.54,5
14460695,6,2024-02-06,70.72,4
14493848,14,2024-02-01,32.80,1
14522271,30,2024-02-05,28.11,1
14524941,25,2024-02-10,29.43,2
14526261,18,2024-02-02,10.46,2
14536957,21,2024-02-01,27.48,1
14537130,18,2024-02-09,51.17,2
14550770,9,2024-02-08,22.25,3
14561410,5,2024-02-09,49.70,2
14563015,28,2024-02-06,7.55,1
14572670,23,2024-02-10,4.59,1
14594285,13,2024-02-09,9.95,1
14606384,30,2024-02-09,65.23,5
14671848,18,2024-02-03,56.92,3
14685497,13,2024-02-02,44.27,3
14695290,4,2024-02-10,81.07,5
14706499,9,2024-02-06,55.90,3
14714561,6,2024-02-05,58.77,2
14715368,18,2024-02-09,19.90,1
14721471,7,2024-02-06,14.56,2
14726509,13,2024-02-03,5.37,1
14727096,14,2024-02-02,44.59,2
14742555,9,2024-02-05,27.68,2
14749443,5,2024-02-06,9.37,2
14776025,6,2024-02-02,52.60,4
14777479,8,2024-02-05,48.58,2
14785433,21,2024-02-09,95.51,4
14796912,29,2024-02-02,0.00,0
14797100,18,2024-02-08,3.08,1
14817822,30,2024-02-05,15.92,1
14829274,8,2024-02-09,66.72,3
14857024,14,2024-02-06,94.88,4
14862137,27,2024-02-01,5.65,1
14868087,15,2024-02-10,57.52,3
14878223,3,2024-02-04,29.04,3
14880621,7,2024-02-06,29.78,2
14883264,17,2024-02-10,13.43,2
14896724,16,2024-02-05,3.29,1
14899976,10,2024-02-01,58.23,4
14900231,24,2024-02-06,26.12,2
14901790,4,2024-02-10,16.11,2
14903165,21,2024-02-01,55.82,4
14925923,19,2024-02-06,7.96,1
14933646,10,2024-02-10,31.45,4
14939654,22,2024-02-04,30.73,2
14943700,23,2024-02-08,16.95,1
14952958,8,2024-02-02,2.55,1
14966396,12,2024-02-06,21.68,2
14975747,11,2024-02-04,44.01,2
14978377,15,2024-02-10,54.20,3
14983142,22,2024-02-05,67.85,2
14986049,19,2024-02-01,44.62,2
14993621,11,2024-02-10,34.53,2
14995189,18,2024-02-01,50.47,4
15003863,27,2024-02-06,26.35,2
15015039,5,2024-02-09,34.00,2
15023923,11,2024-02-08,13.87,2
15033419,8,2024-02-09,14.61,1
15037147,23,2024-02-04,98.62,4
15041857,4,2024-02-09,79.18,5
15045296,26,2024-02-09,5.78,1
15067448,30,2024-02-10,22.13,2
15074540,14,2024-02-06,33.00,2
15076828,26,2024-02-09,32.36,4
15088069,8,2024-02-09,65.38,3
15107650,24,2024-02-04,108.79,4
15107771,24,2024-02-02,106.16,4
15114748,7,2024-02-04,71.89,3
15118037,22,2024-02-09,94.33,4
15125066,14,2024-02-08,20.64,2
15127026,14,2024-02-03,8.42,1
15141601,30,2024-02-06,95.54,4
15167068,11,2024-02-10,46.43,2
15173510,4,2024-02-01,47.19,5
15186996,10,2024-02-02,12.52,2
15192084,12,2024-02-09,13.44,2
15192869,11,2024-02-02,94.01,5
15193588,27,2024-02-05,18.17,2
15198377,8,2024-02-09,23.45,3
15200395,28,2024-02-01,39.28,3
15206626,20,2024-02-01,73.73,5
15207258,14,2024-02-01,8.74,1
15211115,9,2024-02-08,54.67,4
15231860,29,2024-02-08,72.68,5
15231864,3,2024-02-06,49.71,4
15239645,10,2024-02-05,59.29,5
15247433,13,2024-02-09,52.27,5
15261744,18,2024-02-02,101.28,5
15266638,22,2024-02-03,37.14,3
15277435,23,2024-02-02,56.77,3
15284170,8,2024-02-01,21.58,2
15287431,28,2024-02-10,43.06,4
15296897,30,2024-02-10,84.75,4
15302182,11,2024-02-08,18.87,1
15312457,20,2024-02-04,41.47,3
15326615,9,2024-02-08,12.93,3
15330181,8,2024-02-03,52.49,4
15339044,14,2024-02-01,42.00,5
15339046,19,2024-02-01,78.11,4
15340035,13,2024-02-06,24.56,2
15349475,29,2024-02-02,28.29,1
15351661,15,2024-02-01,14.19,2
15353146,5,2024-02-04,95.84,5
15360611,19,2024-02-06,27.02,4
15373912,14,2024-02-06,41.45,3
15374509,19,2024-02-08,30.40,2
15389430,7,2024-02-09,31.71,3
15390754,25,2024-02-06,49.09,5
15396660,7,2024-02-04,12.27,1
15432663,23,2024-02-08,4.62,1
15438230,20,2024-02-05,26.94,2
15441266,12,2024-02-09,57.66,3
15443453,16,2024-02-06,63.32,4
15448490,2,2024-02-01,0.00,0
15451532,1,2024-02-06,9.37,1
15463302,28,2024-02-01,28.21,3
15470899,14,2024-02-01,44.78,2
15513788,3,2024-02-04,15.08,1
15527214,20,2024-02-01,75.44,2
15552194,16,2024-02-02,14.06,3
15565347,11,2024-02-09,74.34,5
15569722,30,2024-02-09,43.56,2
15572488,7,2024-02-06,3.08,1
15575799,15,2024-02-10,55.28,4
15590217,3,2024-02-09,51.85,2
15591076,19,2024-02-09,65.92,4
15600847,7,2024-02-09,7.92,1
15608884,5,2024-02-03,32.97,4
15644574,11,2024-02-09,54.04,3
15656017,5,2024-02-08,24.05,3
15656042,11,2024-02-02,39.80,1
15660282,27,2024-02-06,32.80,1
15664048,11,2024-02-10,3.62,1
15676874,7,2024-02-01,37.70,1
15688934,22,2024-02-02,3.02,1
15695001,11,2024-02-02,49.35,4
15714998,25,2024-02-06,37.53,3
15736070,19,2024-02-10,53.25,2
15745632,7,2024-02-03,9.37,1
15755107,25,2024-02-04,83.35,4
15763600,20,2024-02-09,35.78,2
15767176,13,2024-02-01,55.77,4
15772711,21,2024-02-01,3.09,1
15773711,21,2024-02-09,40.10,2
15782825,27,2024-02-02,7.65,1
15787281,10,2024-02-04,14.84,1
15794030,17,2024-02-03,26.39,2
15822978,29,2024-02-09,33.79,2
15823640,27,2024-02-04,22.23,1
15826752,18,2024-02-10,51.30,2
15829091,28,2024-02-06,56.77,2
15852445,21,2024-02-06,117.75,5
15868370,21,2024-02-09,25.15,2
15868687,22,2024-02-02,63.59,3
15884156,24,2024-02-04,0.00,0
15885384,7,2024-02-05,31.22,3
15914199,22,2024-02-09,54.85,3
15941689,22,2024-02-09,3.63,1
15979367,24,2024-02-10,0.00,0
16029396,24,2024-02-03,6.33,1
16040168,16,2024-02-03,3.96,1
16041778,13,2024-02-02,18.87,1
16052584,14,2024-02-01,49.41,5
16052739,28,2024-02-02,13.02,1
16073782,2,2024-02-08,25.92,3
16085545,6,2024-02-05,92.79,5
16104306,16,2024-02-08,70.41,3
16105857,29,2024-02-09,4.69,1
16113242,28,2024-02-01,51.04,3
16127895,26,2024-02-02,35.10,3
16130418,3,2024-02-03,47.18,4
16140233,10,2024-02-09,0.00,0
16157667,23,2024-02-01,57.69,2
16160509,10,2024-02-01,6.56,1
16166412,19,2024-02-01,76.85,5
16215646,20,2024-02-02,18.48,4
16215991,13,2024-02-01,89.11,5
16218470,26,2024-02-03,90.76,5
16225056,12,2024-02-02,74.29,4
16241829,19,2024-02-01,92.89,5
16244538,9,2024-02-05,15.08,2
16271337,25,2024-02-06,10.86,1
16281261,18,2024-02-10,53.00,3
16289431,7,2024-02-10,32.52,3
16314555,15,2024-02-01,22.60,1
16316211,13,2024-02-02,8.56,1
16317765,30,2024-02-09,52.18,5
16343198,20,2024-02-02,66.01,3
16353868,11,2024-02-05,90.19,3
16407023,20,2024-02-06,38.94,3
16409119,30,2024-02-03,62.92,4
16420874,24,2024-02-05,19.48,1
16431379,6,2024-02-09,47.53,3
16457803,5,2024-02-09,3.62,1
16471687,14,2024-02-10,47.80,2
16487425,23,2024-02-05,23.45,1
16513242,23,2024-02-01,21.53,3
16528528,7,2024-02-01,17.71,2
16530748,8,2024-02-02,49.55,3
16560056,6,2024-02-05,14.46,2
16564554,8,2024-02-04,0.00,0
16569300,29,2024-02-06,70.77,3
16574839,28,2024-02-02,65.54,4
16579410,1,2024-02-02,9.37,1
16584448,14,2024-02-10,73.77,5
16592932,6,2024-02-09,31.87,4
16596086,27,2024-02-08,55.40,4
16601809,24,2024-02-10,40.50,3
16602391,17,2024-02-01,80.83,3
16607853,11,2024-02-09,52.36,4
16611037,8,2024-02-01,18.99,1
16618213,11,2024-02-02,7.96,1
16618584,12,2024-02-09,68.68,3
16625913,2,2024-02-06,111.53,5
16646899,22,2024-02-02,29.64,1
16672402,25,2024-02-01,29.67,2
16696338,17,2024-02-01,53.19,4
16733322,20,2024-02-09,66.03,4
16745106,4,2024-02-01,57.92,4
16777537,4,2024-02-02,77.40,5
16778407,2,2024-02-10,4.09,1
16806228,27,2024-02-01,5.23,2
16818923,14,2024-02-05,49.59,3
16820637,16,2024-02-08,79.01,5
16822699,3,2024-02-01,25.34,3
16836423,18,2024-02-06,18.88,1
16843487,6,2024-02-01,13.81,2
16851783,22,2024-02-06,66.93,3
16863073,15,2024-02-05,36.68,3
16865773,18,2024-02-02,38.63,2
16873408,9,2024-02-05,6.18,1
16889465,15,2024-02-08,11.42,4
16894103,7,2024-02-02,25.48,3
16897201,26,2024-02-09,87.65,4
16907080,19,2024-02-04,71.65,4
16911355,22,2024-02-06,49.24,4
16915986,7,2024-02-08,52.94,4
16920733,27,2024-02-05,27.48,1
16944327,6,2024-02-09,29.06,2
16950881,19,2024-02-09,4.87,1
16958585,4,2024-02-06,66.84,5
16971197,3,2024-02-02,82.87,4
16975413,12,2024-02-05,67.72,4
17008108,12,2024-02-06,118.59,5
17010778,1,2024-02-09,11.25,1
17011279,6,2024-02-10,54.10,3
17012247,15,2024-02-09,9.90,1
17016179,29,2024-02-09,39.71,2
17019048,29,2024-02-06,33.56,3
17068946,6,2024-02-04,0.00,0
17070410,29,2024-02-05,58.15,4
17081076,5,2024-02-06,48.44,3
17096561,23,2024-02-01,15.95,2
17107449,7,2024-02-01,72.15,3
17118933,4,2024-02-08,41.91,2
17124963,8,2024-02-09,16.76,1
17136552,20,2024-02-09,36.47,3
17138039,27,2024-02-05,45.27,3
17140734,17,2024-02-02,98.32,5
17147006,5,2024-02-09,35.81,2
17171881,24,2024-02-01,88.09,4
17193003,19,2024-02-08,50.50,5
17203148,5,2024-02-09,52.23,5
17203690,18,2024-02-08,1.51,1
17206874,11,2024-02-01,24.26,2
17207751,13,2024-02-09,88.97,5
17211001,14,2024-02-09,70.54,5
17227180,7,2024-02-01,16.84,1
17233293,29,2024-02-01,4.69,1
17259257,7,2024-02-09,49.44,3
17266053,25,2024-02-01,55.60,3
17273450,28,2024-02-08,45.71,4
17300124,1,2024-02-08,39.76,3
17307774,24,2024-02-02,78.43,5
17368400,6,2024-02-10,31.87,3
17386710,22,2024-02-01,52.79,2
17388332,13,2024-02-01,76.52,5
17403143,12,2024-02-09,23.45,2
17420994,3,2024-02-01,0.00,0
17424421,7,2024-02-06,43.33,4
17424874,1,2024-02-09,63.59,5
17429087,3,2024-02-06,21.86,2
17439637,29,2024-02-06,35.43,3
17445522,16,2024-02-02,48.81,3
17445617,10,2024-02-05,46.06,2
17445683,18,2024-02-06,18.78,2
17479167,20,2024-02-01,81.97,4
17487310,29,2024-02-02,29.97,2
17520605,10,2024-02-06,104.53,4
17534657,23,2024-02-01,30.40,2
17536397,19,2024-02-06,9.87,1
17544972,26,2024-02-10,53.53,5
17546706,13,2024-02-10,53.50,5
17554313,15,2024-02-08,58.27,3
17555866,22,2024-02-01,28.12,3
17573451,17,2024-02-10,92.13,5
17593066,14,2024-02-10,43.70,1
17595723,7,2024-02-09,9.00,1
17604247,14,2024-02-10,76.89,4
17609465,29,2024-02-03,75.39,4
17609507,11,2024-02-01,51.48,4
17626511,6,2024-02-09,28.30,3
17628763,16,2024-02-06,18.63,3
17651439,3,2024-02-09,38.95,5
17662870,7,2024-02-02,59.24,4
17695513,26,2024-02-09,25.82,3
17706010,28,2024-02-08,17.29,2
17706910,29,2024-02-02,40.67,2
17710437,26,2024-02-10,31.54,3
17713900,13,2024-02-04,49.75,1
17714625,23,2024-02-01,0.00,0
17733316,21,2024-02-05,57.78,5
17749351,5,2024-02-03,38.15,2
17767851,24,2024-02-10,58.01,2
17771582,5,2024-02-01,5.65,1
17787980,11,2024-02-01,3.96,1
17795811,25,2024-02-04,9.16,1
17796716,17,2024-02-05,24.52,2
17812754,29,2024-02-05,30.71,4
17815008,25,2024-02-02,28.01,2
17817552,8,2024-02-01,73.32,5
17824433,8,2024-02-03,68.02,5
17833760,1,2024-02-04,63.24,3
17859187,7,2024-02-02,19.48,1
17863657,8,2024-02-04,29.83,2
17864263,20,2024-02-01,60.76,3
17881053,10,2024-02-04,42.34,2
17886634,21,2024-02-09,1.51,1
17888513,20,2024-02-08,18.95,3
17898489,3,2024-02-09,16.95,1
17898665,19,2024-02-02,22.45,2
17899609,1,2024-02-05,52.69,4
17920672,29,2024-02-08,0.00,0
17921527,12,2024-02-05,82.81,5
17937331,15,2024-02-03,45.01,3
17938576,18,2024-02-01,74.43,4
17968871,5,2024-02-02,71.38,5
17972802,22,2024-02-10,8.42,1
17991424,29,2024-02-02,36.47,3
17992304,22,2024-02-08,59.61,3
17994513,3,2024-02-09,0.00,0
17997463,5,2024-02-05,29.96,3
18016541,5,2024-02-09,117.43,5
18045415,21,2024-02-05,97.64,4
18055104,19,2024-02-01,69.13,3
18069123,20,2024-02-05,60.19,5
18076214,20,2024-02-09,71.45,4
18092368,2,2024-02-02,31.87,5
18094515,17,2024-02-01,95.17,5
18097316,11,2024-02-01,52.23,3
18102068,13,2024-02-02,5.37,1
18121733,27,2024-02-09,110.65,5
18123259,12,2024-02-10,85.81,4
18132895,1,2024-02-04,112.96,5
18141641,26,2024-02-01,32.18,2
18148352,19,2024-02-06,98.00,5
18154933,21,2024-02-01,49.60,3
18167213,6,2024-02-01,33.47,3
18184839,29,2024-02-04,13.35,3
18207071,23,2024-02-06,58.43,4
18213362,1,2024-02-05,24.75,3
18224148,14,2024-02-03,26.74,2
18233195,17,2024-02-08,41.99,3
18238848,8,2024-02-02,16.45,1
18238875,5,2024-02-01,72.65,4
18244842,15,2024-02-01,12.23,3
18254566,29,2024-02-08,74.50,4
18267784,28,2024-02-01,65.08,5
18279800,7,2024-02-04,54.59,4
18280602,22,2024-02-10,16.95,1
18292900,14,2024-02-09,39.63,2
18311798,10,2024-02-09,70.81,4
18322775,21,2024-02-01,71.67,3
18331202,10,2024-02-09,42.45,3
18335925,15,2024-02-09,18.76,1
18340302,12,2024-02-06,17.17,3
18343115,5,2024-02-05,78.88,5
18363725,22,2024-02-06,35.39,2
18370764,7,2024-02-01,134.07,4
18370908,1,2024-02-08,34.24,1
18371654,10,2024-02-10,92.28,4
18372958,3,2024-02-04,81.40,5
18373420,18,2024-02-05,39.95,4
18390445,17,2024-02-09,51.79,4
18416613,21,2024-02-10,23.35,3
18422603,7,2024-02-10,64.16,2
18438048,3,2024-02-08,71.23,4
18439200,11,2024-02-08,77.04,4
18442192,23,2024-02-01,89.90,5
18452167,24,2024-02-10,9.16,1
18453786,22,2024-02-10,76.49,4
18468969,6,2024-02-06,28.03,3
18474825,23,2024-02-01,11.94,1
18493160,14,2024-02-08,30.30,2
18503094,17,2024-02-02,44.91,2
18516739,9,2024-02-01,23.12,1
18535391,13,2024-02-04,38.32,4
18551094,29,2024-02-02,32.55,1
18555030,6,2024-02-01,13.99,2
18577686,9,2024-02-08,106.99,4
18587237,8,2024-02-01,38.31,2
18594139,27,2024-02-02,33.94,2
18594720,21,2024-02-10,39.55,2
18604448,12,2024-02-09,84.98,4
18610700,14,2024-02-02,1.53,1
18617303,20,2024-02-01,59.76,5
18623994,19,2024-02-06,60.82,4
18625148,19,2024-02-09,56.28,4
18631882,10,2024-02-03,61.18,4
18645018,20,2024-02-08,48.32,4
18703685,12,2024-02-09,37.34,3
18709728,23,2024-02-04,3.58,1
18716455,29,2024-02-06,14.95,2
18730000,9,2024-02-05,43.51,4
18745713,21,2024-02-10,9.62,2
18750223,11,2024-02-02,71.64,3
18764541,29,2024-02-09,84.05,4
18778909,20,2024-02-01,69.41,4
18790438,29,2024-02-09,48.68,4
18806142,7,2024-02-09,12.84,1
18844144,8,2024-02-02,50.92,4
18850408,7,2024-02-09,72.97,4
18851971,17,2024-02-09,51.11,4
18857757,23,2024-02-06,56.54,4
18879347,22,2024-02-08,15.92,1
18884047,17,2024-02-10,8.38,1
18888794,18,2024-02-08,73.24,3
18890020,19,2024-02-08,76.77,4
18896988,7,2024-02-09,75.76,4
18898126,2,2024-02-09,51.27,5
18906833,8,2024-02-02,118.19,5
18929792,14,2024-02-06,77.87,4
18944228,15,2024-02-05,64.29,5
18957747,19,2024-02-09,58.39,4
18970871,1,2024-02-01,0.00,0
18973371,17,2024-02-02,9.27,1
18997015,1,2024-02-01,4.59,1
19021053,29,2024-02-01,47.18,3
19021916,15,2024-02-05,47.53,3
19024414,15,2024-02-08,6.51,1
19045889,26,2024-02-02,16.45,1
19063479,28,2024-02-01,1.53,1
19089423,22,2024-02-06,7.94,1
19090127,10,2024-02-10,7.70,1
19090552,21,2024-02-08,49.08,2
19097875,6,2024-02-01,11.13,3
19101140,4,2024-02-01,32.20,3
19108642,21,2024-02-05,72.53,4
19110984,29,2024-02-08,29.00,2
19118366,2,2024-02-09,28.14,3
19133698,26,2024-02-09,46.85,1
19149134,10,2024-02-08,33.88,2
19153259,15,2024-02-06,137.54,5
19155965,21,2024-02-02,28.75,4
19162181,7,2024-02-10,58.27,5
19168491,23,2024-02-08,33.13,3
19169762,30,2024-02-10,12.66,1
19181681,15,2024-02-06,87.23,4
19190634,29,2024-02-06,85.46,4
19221489,30,2024-02-10,102.21,4
19230392,18,2024-02-08,62.39,5
19234784,6,2024-02-01,40.39,3
19239247,19,2024-02-02,23.12,1
19247309,22,2024-02-05,23.55,2
19262748,13,2024-02-06,16.45,1
19267917,10,2024-02-04,22.62,1
19272893,5,2024-02-10,44.28,3
19275615,24,2024-02-02,36.64,1
19275922,9,2024-02-05,21.47,2
19279635,28,2024-02-05,56.59,4
19294720,17,2024-02-10,13.34,3
19295344,29,2024-02-10,14.60,2
19296754,19,2024-02-08,62.27,4
19313130,2,2024-02-01,39.96,2
19313801,9,2024-02-08,24.73,3
19318121,11,2024-02-01,3.98,1
19324255,5,2024-02-02,74.25,2
19344541,4,2024-02-04,120.31,5
19344693,6,2024-02-06,10.86,1
19356211,30,2024-02-08,48.74,4
19361135,20,2024-02-10,58.49,4
19365364,18,2024-02-01,83.75,5
19378284,15,2024-02-09,24.66,2
19382979,7,2024-02-02,1.53,1
19409499,12,2024-02-10,44.84,4
19422701,5,2024-02-08,30.45,3
19426333,19,2024-02-09,44.49,2
19431078,24,2024-02-04,32.80,1
19434144,16,2024-02-04,19.50,3
19441546,25,2024-02-10,0.00,0
19452983,19,2024-02-06,22.07,2
19453407,15,2024-02-04,57.05,3
19470684,1,2024-02-10,68.67,4
19477962,10,2024-02-01,58.04,2
19495093,30,2024-02-02,71.54,3
19509318,20,2024-02-06,54.28,2
19516819,13,2024-02-06,42.61,3
19546511,27,2024-02-06,11.47,2
19556306,17,2024-02-01,61.67,2
19557072,2,2024-02-04,97.70,5
19564792,17,2024-02-09,29.99,2
19565339,8,2024-02-01,51.25,2
19566270,20,2024-02-06,28.67,2
19566992,1,2024-02-01,47.64,3
19587507,16,2024-02-04,87.22,5
19590544,11,2024-02-05,67.32,3
19591886,13,2024-02-10,25.77,2
19608913,12,2024-02-09,22.62,4
19624834,4,2024-02-10,50.84,2
19643050,26,2024-02-01,21.40,1
19664454,17,2024-02-01,37.02,2
19675396,13,2024-02-08,43.05,3
19684954,23,2024-02-10,92.03,4
19722808,20,2024-02-10,0.00,0
19725389,24,2024-02-02,15.96,3
19737517,20,2024-02-01,18.15,1
19738442,25,2024-02-08,42.71,4
19745540,4,2024-02-08,65.57,5
19747462,29,2024-02-08,61.21,4
19748170,18,2024-02-02,56.43,5
19753223,10,2024-02-07,57.50,3
19754619,11,2024-02-10,22.60,1
19764991,27,2024-02-08,60.11,3
19789395,15,2024-02-06,47.12,3
19793142,18,2024-02-09,76.00,5
19796139,10,2024-02-02,46.83,3
19802684,25,2024-02-05,15.51,2
19803874,24,2024-02-10,24.32,3
19809304,18,2024-02-09,48.85,3
19812584,5,2024-02-09,55.84,3
19823129,16,2024-02-02,11.94,1
19858101,6,2024-02-08,0.00,0
19869742,17,2024-02-08,103.90,5
19885008,5,2024-02-10,12.45,2
19887539,27,2024-02-08,64.24,4
19887579,20,2024-02-01,56.94,3
19902785,21,2024-02-08,8.38,1
19904567,14,2024-02-04,121.83,5
19906250,9,2024-02-04,94.92,3
19926335,24,2024-02-01,31.35,4
19931580,26,2024-02-10,78.85,4
19946173,7,2024-02-02,38.16,2
19954322,11,2024-02-03,16.32,3
19955408,19,2024-02-01,45.80,1
19964630,16,2024-02-02,23.60,1
19966479,15,2024-02-04,119.31,4
19987891,23,2024-02-10,31.21,2
19988791,22,2024-02-09,70.40,4
19994923,20,2024-02-08,1.53,1
20001964,24,2024-02-08,30.43,3
20001997,14,2024-02-10,55.78,3
20003253,19,2024-02-08,16.52,2
20007982,6,2024-02-01,107.03,5
20017218,29,2024-02-01,12.58,1
20018905,12,2024-02-02,32.55,1
20023058,6,2024-02-08,7.54,1
20024061,27,2024-02-06,15.92,1
20025639,27,2024-02-10,64.12,5
20028898,1,2024-02-10,34.68,2
20050310,26,2024-02-06,30.53,3
20055780,30,2024-02-01,100.47,4
20091144,19,2024-02-08,102.86,5
20101729,28,2024-02-10,86.74,5
20129460,28,2024-02-08,39.80,1
20160086,21,2024-02-02,52.47,3
20161226,11,2024-02-06,94.16,5
20171601,6,2024-02-09,59.59,4
20180119,24,2024-02-02,6.58,1
20180901,26,2024-02-05,55.11,4
20197690,18,2024-02-01,54.56,5
20200532,11,2024-02-01,3.63,1
20209755,15,2024-02-08,26.43,2
20215454,16,2024-02-01,68.37,4
20237150,20,2024-02-01,63.00,4
20251159,3,2024-02-01,16.79,2
20252535,29,2024-02-01,30.80,2
20260379,10,2024-02-09,46.82,3
20261401,21,2024-02-06,18.76,1
20264693,14,2024-02-01,38.06,4
20269406,6,2024-02-06,21.40,1
20310847,27,2024-02-05,34.50,2
20316169,8,2024-02-01,23.63,2
20322399,11,2024-02-10,106.28,4
20355018,24,2024-02-02,62.85,5
20358411,21,2024-02-02,89.07,4
20362878,18,2024-02-06,40.72,2
20363605,17,2024-02-02,60.25,3
20372061,19,2024-02-09,78.16,4
20384568,26,2024-02-01,65.52,3
20400287,7,2024-02-03,43.69,3
20402234,23,2024-02-01,27.11,3
20409481,30,2024-02-04,32.29,2
20445661,16,2024-02-06,18.41,2
20459643,19,2024-02-09,26.30,3
20512770,22,2024-02-05,21.32,2
20517229,28,2024-02-09,50.86,2
20525240,27,2024-02-01,51.50,2
20562693,8,2024-02-06,42.33,2
20565267,7,2024-02-03,64.80,3
20570727,15,2024-02-01,62.05,5
20574377,6,2024-02-06,1.54,1
20580665,21,2024-02-01,59.23,5
20615194,15,2024-02-03,34.59,2
20625435,18,2024-02-09,18.87,1
20634780,15,2024-02-02,105.39,5
20648575,17,2024-02-10,91.26,5
20651111,11,2024-02-09,36.64,1
20664100,26,2024-02-10,59.00,5
20703299,17,2024-02-10,75.21,5
20704785,22,2024-02-02,26.24,1
20710838,6,2024-02-01,71.48,4
20739633,28,2024-02-06,83.42,4
20745037,18,2024-02-05,68.80,4
20745247,22,2024-02-08,9.90,1
20751782,14,2024-02-06,52.97,3
20752298,2,2024-02-01,33.19,5
20761503,26,2024-02-08,24.10,3
20763447,28,2024-02-01,46.90,2
20771255,27,2024-02-09,24.66,2
20777493,29,2024-02-01,29.40,3
20779682,25,2024-02-04,63.79,5
20780231,26,2024-02-06,4.21,1
20800131,1,2024-02-01,39.80,1
20803286,16,2024-02-04,58.96,4
20810403,16,2024-02-08,54.82,3
20812512,9,2024-02-01,52.81,5
20812678,7,2024-02-06,19.53,1
20829112,7,2024-02-10,38.79,4
20837761,19,2024-02-04,9.43,1
20844424,27,2024-02-06,71.42,4
20855806,12,2024-02-08,68.54,4
20872395,24,2024-02-07,56.02,4
20884836,13,2024-02-09,14.11,2
20885970,4,2024-02-06,83.04,4
20893024,28,2024-02-08,38.54,4
20897461,29,2024-02-02,11.00,2
20900407,8,2024-02-03,21.49,3
20910127,18,2024-02-02,56.79,3
20911910,15,2024-02-06,7.41,1
20951227,4,2024-02-06,51.33,4
20969126,20,2024-02-04,48.32,3
20972804,23,2024-02-06,81.16,5
20991706,9,2024-02-03,19.90,1
21048315,4,2024-02-01,30.49,2
21048958,5,2024-02-04,25.51,2
21081816,24,2024-02-06,14.23,4
21101687,5,2024-02-06,37.35,2
21112144,17,2024-02-06,49.02,4
21134618,19,2024-02-10,5.78,1
21142824,12,2024-02-01,45.80,1
21145668,27,2024-02-01,19.42,2
21150908,26,2024-02-01,23.83,2
21172061,11,2024-02-06,31.39,2
21211425,14,2024-02-01,24.19,2
21230419,11,2024-02-06,57.60,5
21243241,3,2024-02-06,15.08,1
21246702,17,2024-02-02,52.59,4
21249517,21,2024-02-01,7.55,1
21256294,17,2024-02-06,25.90,2
21259490,11,2024-02-09,41.29,3
21263591,23,2024-02-09,70.31,4
21275515,5,2024-02-09,54.36,4
21278585,10,2024-02-09,96.12,5
21281245,1,2024-02-09,18.86,1
21282703,18,2024-02-01,51.13,3
21288310,18,2024-02-09,70.55,5
21299944,7,2024-02-04,42.63,2
21303720,21,2024-02-06,49.09,2
21308139,3,2024-02-06,6.16,1
21313682,16,2024-02-02,62.80,3
21320111,17,2024-02-02,38.47,4
21329054,24,2024-02-08,25.77,4
21343891,10,2024-02-06,54.35,4
21349821,1,2024-02-01,63.67,4
21350949,18,2024-02-10,8.03,2
21352003,28,2024-02-03,59.51,4
21352460,30,2024-02-01,6.51,1
21365732,20,2024-02-01,73.07,5
21373015,21,2024-02-09,56.36,2
21380350,6,2024-02-09,36.64,1
21381017,20,2024-02-03,71.98,3
21381181,10,2024-02-03,34.96,1
21382628,17,2024-02-05,15.07,3
21393587,23,2024-02-01,35.50,3
21408831,4,2024-02-01,20.17,2
21413976,2,2024-02-02,39.38,3
21451634,26,2024-02-01,73.23,3
21490171,6,2024-02-06,59.31,3
21504636,17,2024-02-06,69.05,4
21529527,23,2024-02-05,29.39,2
21565932,8,2024-02-06,7.23,3
21570026,29,2024-02-08,15.27,3
21588058,23,2024-02-09,13.02,1
21604480,29,2024-02-09,98.54,5
21618062,2,2024-02-02,66.62,4
21629922,1,2024-02-08,39.24,3
21643938,17,2024-02-08,38.15,2
21650733,29,2024-02-10,9.90,1
21658592,28,2024-02-02,40.65,2
21661526,7,2024-02-04,37.10,1
21666092,24,2024-02-01,43.93,4
21666271,8,2024-02-04,3.98,1
21715273,13,2024-02-02,62.73,5
21720164,13,2024-02-05,124.44,5
21759888,11,2024-02-09,132.20,5
21765421,29,2024-02-01,16.05,2
21767380,21,2024-02-04,39.31,3
21773180,20,2024-02-09,31.35,2
21778477,22,2024-02-04,29.44,5
21790945,8,2024-02-01,19.24,2
21795987,29,2024-02-04,12.27,1
21823086,25,2024-02-06,89.35,5
21828125,8,2024-02-06,47.51,3
21832481,24,2024-02-01,46.39,2
21839597,14,2024-02-09,19.90,1
21849773,25,2024-02-06,20.87,2
21852346,28,2024-02-02,18.86,1
21878398,4,2024-02-08,49.85,4
21878704,14,2024-02-06,32.21,2
21879669,11,2024-02-01,37.10,2
21884447,28,2024-02-06,68.55,4
21897649,23,2024-02-08,51.76,3
21904549,7,2024-02-02,55.37,5
21916572,15,2024-02-06,54.40,3
21930176,27,2024-02-10,71.60,2
21942990,16,2024-02-08,74.91,4
21958040,7,2024-02-05,17.59,2
21959141,10,2024-02-10,25.32,1
21963940,16,2024-02-02,80.53,3
21982781,3,2024-02-01,52.31,5
22005933,6,2024-02-06,18.99,1
22011942,15,2024-02-08,22.23,1
22022736,25,2024-02-01,109.14,5
22039145,24,2024-02-05,10.37,2
22051039,29,2024-02-01,68.99,4
22103951,6,2024-02-02,36.07,2
22104315,14,2024-02-09,4.50,1
22108414,19,2024-02-04,84.36,4
22115381,2,2024-02-10,65.12,4
22191445,30,2024-02-06,3.63,1
22211332,1,2024-02-08,104.55,4
22247533,9,2024-02-02,38.02,3
22256791,14,2024-02-06,34.71,3
22265987,22,2024-02-05,8.95,1
22266012,25,2024-02-02,24.05,2
22277220,27,2024-02-08,83.85,3
22314312,1,2024-02-02,77.74,4
22314842,23,2024-02-01,24.35,1
22315636,2,2024-02-06,49.70,3
22327928,8,2024-02-02,58.06,4
22328746,29,2024-02-04,99.85,4
22335533,5,2024-02-04,33.46,2
22346883,11,2024-02-02,124.54,5
22360284,12,2024-02-03,29.31,2
22361164,24,2024-02-01,18.99,1
22361807,1,2024-02-04,61.47,5
22368994,11,2024-02-06,106.36,5
22382252,4,2024-02-01,75.93,5
22387032,24,2024-02-06,25.66,2
22396525,28,2024-02-05,12.80,3
22414469,19,2024-02-04,4.62,2
22436834,4,2024-02-10,104.12,5
22438618,19,2024-02-01,3.09,1
22444608,16,2024-02-02,18.91,2
22446292,13,2024-02-06,67.35,4
22451993,19,2024-02-02,31.54,3
22456831,30,2024-02-10,42.66,2
22468241,4,2024-02-04,26.89,2
22472866,25,2024-02-02,7.42,1
22480055,8,2024-02-01,53.93,3
22483513,24,2024-02-02,14.81,2
22495432,7,2024-02-04,26.22,1
22498952,12,2024-02-01,30.76,2
22505926,15,2024-02-02,39.16,3
22506351,11,2024-02-03,13.33,2
22517047,24,2024-02-04,72.51,5
22520442,20,2024-02-10,66.43,4
22539432,21,2024-02-10,31.65,1
22544331,22,2024-02-01,11.30,1
22547230,3,2024-02-01,68.05,3
22554579,23,2024-02-06,86.87,4
22561385,10,2024-02-09,20.45,1
22561759,10,2024-02-01,56.00,2
22565131,1,2024-02-02,78.48,3
22568667,26,2024-02-04,30.44,2
22577667,11,2024-02-05,16.00,3
22580514,6,2024-02-05,28.19,3
22584950,14,2024-02-02,4.50,1
22596691,4,2024-02-02,32.80,1
22605426,27,2024-02-02,5.57,2
22612946,8,2024-02-06,19.21,3
22617368,27,2024-02-10,38.00,4
22629364,11,2024-02-03,11.30,1
22638435,11,2024-02-08,32.55,1
22638973,27,2024-02-02,4.21,1
22657585,2,2024-02-03,20.11,2
22662663,6,2024-02-08,26.46,4
22672717,18,2024-02-06,34.06,3
22686914,21,2024-02-06,9.00,1
22689429,21,2024-02-06,4.53,1
22694822,26,2024-02-01,31.95,5
22733948,17,2024-02-08,88.21,5
22752112,20,2024-02-08,51.55,3
22757577,17,2024-02-01,19.68,1
22779858,13,2024-02-08,48.06,3
22786902,4,2024-02-01,1.02,1
22790644,12,2024-02-01,64.56,3
22799939,12,2024-02-06,66.98,3
22808969,25,2024-02-05,64.39,3
22819425,27,2024-02-01,6.18,1
22829186,2,2024-02-02,45.10,3
22850745,3,2024-02-01,44.87,2
22853844,18,2024-02-03,51.66,4
22858854,6,2024-02-10,22.62,1
22866504,3,2024-02-09,24.66,2
22878204,1,2024-02-10,119.34,4
22878242,8,2024-02-02,33.79,3
22894423,21,2024-02-02,51.80,3
22907998,28,2024-02-05,64.13,3
22909085,4,2024-02-06,30.72,4
22912249,24,2024-02-04,78.38,4
22934267,29,2024-02-02,22.62,1
22938408,16,2024-02-10,11.24,2
22946176,16,2024-02-01,7.92,1
22950858,29,2024-02-04,39.66,2
22972795,9,2024-02-06,49.95,3
22974373,18,2024-02-09,14.07,1
22975903,24,2024-02-05,14.16,1
22993591,27,2024-02-05,34.18,2
22996947,3,2024-02-05,44.17,3
23011638,1,2024-02-08,8.56,1
23016756,30,2024-02-01,66.86,4
23024345,29,2024-02-01,20.41,2
23046445,28,2024-02-09,37.95,2
23064043,10,2024-02-04,33.02,3
23082396,4,2024-02-06,9.74,1
23086106,17,2024-02-08,77.48,4
23091357,4,2024-02-09,85.50,5
23096585,8,2024-02-06,44.80,3
23110959,19,2024-02-08,46.85,3
23113344,20,2024-02-10,43.31,2
23113961,3,2024-02-08,51.71,5
23156452,10,2024-02-02,34.24,1
23158298,15,2024-02-02,31.65,1
23158954,20,2024-02-04,34.24,1
23167807,11,2024-02-01,64.52,3
23174573,30,2024-02-06,48.19,3
23175307,17,2024-02-08,54.80,4
23196162,11,2024-02-01,115.07,4
23207609,22,2024-02-04,57.86,5
23213681,28,2024-02-10,7.92,2
23214257,24,2024-02-08,48.49,3
23234216,4,2024-02-01,73.72,3
23250114,4,2024-02-02,14.16,1
23251786,21,2024-02-02,20.21,2
23256045,26,2024-02-09,14.07,1
23257003,8,2024-02-03,29.08,3
23268551,3,2024-02-02,55.15,3
23272559,28,2024-02-08,106.64,4
23278327,12,2024-02-10,51.62,2
23286405,5,2024-02-10,54.05,2
23299320,8,2024-02-08,39.81,4
23299955,18,2024-02-06,19.90,1
23310914,1,2024-02-03,45.14,4
23340795,22,2024-02-01,65.76,3
23342210,24,2024-02-01,50.24,3
23357560,15,2024-02-10,42.52,2
23370429,7,2024-02-10,4.09,1
23375011,9,2024-02-02,49.69,2
23375285,22,2024-02-01,34.98,2
23383580,10,2024-02-10,44.18,3
23399334,19,2024-02-01,15.03,2
23403359,23,2024-02-02,22.23,1
23415651,19,2024-02-06,44.17,4
23429028,9,2024-02-01,35.98,3
23434433,22,2024-02-10,3.08,1
23437801,29,2024-02-08,38.06,2
23447362,2,2024-02-09,14.71,3
23448716,28,2024-02-04,63.58,3
23472358,6,2024-02-08,37.29,3
23476968,17,2024-02-10,75.35,2
23477506,3,2024-02-10,101.75,4
23478893,12,2024-02-10,47.22,3
23485564,12,2024-02-02,40.17,3
23511526,7,2024-02-03,47.29,4
23537025,13,2024-02-10,132.27,5
23550597,11,2024-02-06,51.31,5
23566299,7,2024-02-06,11.30,1
23566735,30,2024-02-01,13.90,2
23570770,12,2024-02-01,107.48,5
23574963,17,2024-02-02,53.19,4
23582360,6,2024-02-04,21.10,3
23585738,10,2024-02-02,30.16,1
23590204,8,2024-02-04,69.42,3
23590548,20,2024-02-01,35.25,3
23611291,7,2024-02-09,77.89,3
23626385,19,2024-02-06,103.84,5
23629289,23,2024-02-06,37.10,1
23635402,1,2024-02-04,17.63,2
23644842,5,2024-02-01,96.60,2
23657727,4,2024-02-02,25.84,2
23668653,30,2024-02-03,19.17,2
23673882,6,2024-02-02,4.62,1
23677785,8,2024-02-08,57.14,3
23683438,15,2024-02-06,26.24,1
23689551,1,2024-02-04,25.77,2
23718223,25,2024-02-06,17.37,2
23721907,18,2024-02-02,40.03,2
23742683,9,2024-02-09,46.62,5
23747325,9,2024-02-04,34.61,2
23755695,24,2024-02-01,36.24,3
23767694,17,2024-02-09,117.37,4
23768489,16,2024-02-02,72.48,3
23806082,24,2024-02-09,48.64,2
23807996,9,2024-02-02,57.01,2
23859669,21,2024-02-10,26.50,2
23888614,4,2024-02-09,8.74,1
23891310,27,2024-02-05,46.85,1
23909450,16,2024-02-09,7.94,1
23916705,29,2024-02-07,14.40,2
23933185,6,2024-02-01,15.08,1
23941805,18,2024-02-04,55.95,3
23960835,25,2024-02-01,87.78,5
23976952,19,2024-02-03,22.51,3
23994672,1,2024-02-01,47.88,5
24026554,14,2024-02-06,33.15,3
24031942,26,2024-02-06,12.27,1
24036823,7,2024-02-10,67.96,3
24044629,29,2024-02-04,41.97,3
24047199,22,2024-02-05,1.53,1
24068563,6,2024-02-09,39.80,1
24079808,30,2024-02-08,66.60,2
24095807,6,2024-02-02,29.97,2
24096025,27,2024-02-06,44.95,3
24097474,5,2024-02-10,37.61,4
24103941,27,2024-02-10,27.96,3
24104043,3,2024-02-02,48.47,4
24119424,16,2024-02-03,52.98,4
24121429,4,2024-02-10,2.25,1
24146764,26,2024-02-10,31.46,3
24156811,24,2024-02-02,0.51,1
24157653,12,2024-02-09,32.31,2
24164014,11,2024-02-01,41.13,2
24164182,26,2024-02-06,63.27,4
24172123,26,2024-02-03,41.14,3
24183630,24,2024-02-08,89.43,4
24184814,29,2024-02-08,48.29,3
24211094,25,2024-02-09,83.97,4
24230314,10,2024-02-02,86.67,5
24232989,2,2024-02-06,46.97,2
24240951,12,2024-02-10,45.79,2
24246253,30,2024-02-05,50.98,2
24264295,4,2024-02-01,15.69,3
24274138,26,2024-02-01,22.42,4
24291051,23,2024-02-01,40.70,5
24315075,15,2024-02-02,64.00,4
24320221,3,2024-02-06,37.70,1
24363150,10,2024-02-01,74.15,2
24373990,5,2024-02-04,20.14,2
24406476,17,2024-02-01,74.57,4
24412687,6,2024-02-09,31.45,1
24417060,15,2024-02-04,5.94,1
24432158,22,2024-02-06,31.65,1
24449920,17,2024-02-09,49.75,1
24455115,10,2024-02-08,37.05,1
24461493,5,2024-02-02,34.69,4
24472004,21,2024-02-08,42.77,4
24478936,10,2024-02-01,51.88,3
24480099,16,2024-02-02,31.65,1
24508169,19,2024-02-09,19.24,2
24520907,14,2024-02-02,86.62,5
24524652,23,2024-02-04,38.54,2
24526101,27,2024-02-10,3.97,1
24537702,28,2024-02-01,30.25,2
24546918,2,2024-02-09,0.00,0
24559093,3,2024-02-05,19.53,1
24574187,13,2024-02-09,0.51,1
24597440,21,2024-02-08,101.76,5
24602193,20,2024-02-01,20.45,1
24611428,4,2024-02-10,8.38,1
24643462,2,2024-02-06,41.22,2
24648473,30,2024-02-08,10.86,1
24659372,28,2024-02-02,23.12,1
24667737,12,2024-02-04,19.90,1
24668444,8,2024-02-01,33.94,2
24668565,22,2024-02-02,36.09,3
24669212,27,2024-02-02,13.36,2
24669816,20,2024-02-01,71.27,5
24674808,30,2024-02-02,29.56,5
24676952,2,2024-02-02,8.56,1
24688643,30,2024-02-02,8.95,1
24693929,8,2024-02-01,20.93,2
24709146,11,2024-02-10,31.45,3
24718922,4,2024-02-10,10.86,1
24745932,21,2024-02-05,26.24,1
24746154,6,2024-02-04,53.17,4
24749109,5,2024-02-01,32.40,3
24767891,27,2024-02-06,25.33,2
24781400,2,2024-02-10,53.22,4
24785415,17,2024-02-06,49.70,2
24789425,17,2024-02-08,69.39,4
24792912,9,2024-02-08,38.72,3
24792961,16,2024-02-01,40.99,2
24794802,9,2024-02-02,32.96,3
24807455,24,2024-02-01,14.52,1
24809129,28,2024-02-02,23.21,4
24830322,12,2024-02-06,6.33,1
24866875,16,2024-02-06,108.98,5
24910078,11,2024-02-08,100.17,4
24927675,29,2024-02-08,38.13,3
24949725,29,2024-02-04,41.68,3
24952215,30,2024-02-04,72.09,5
24954553,15,2024-02-08,49.70,2
25001662,27,2024-02-10,29.63,2
25010367,25,2024-02-09,45.41,5
25014361,29,2024-02-01,39.62,4
25023311,28,2024-02-01,22.05,2
25036568,2,2024-02-06,6.56,1
25048830,16,2024-02-05,46.29,4
25065376,6,2024-02-09,39.80,1
25078635,19,2024-02-09,19.53,1
25100188,8,2024-02-02,6.51,1
25125444,12,2024-02-01,57.85,4
25127290,16,2024-02-01,10.86,1
25130635,12,2024-02-05,57.38,3
25133911,8,2024-02-02,15.45,1
25159938,13,2024-02-09,25.02,3
25174143,10,2024-02-01,33.58,2
25177204,12,2024-02-06,53.04,4
25182173,8,2024-02-09,25.07,2
25193585,27,2024-02-04,40.97,3
25216720,22,2024-02-09,92.17,4
25227244,30,2024-02-01,52.45,2
25237154,26,2024-02-01,35.97,2
25238450,13,2024-02-06,31.93,2
25246744,17,2024-02-09,14.82,1
25249767,28,2024-02-09,37.73,4
25249901,11,2024-02-03,37.71,2
25252421,12,2024-02-01,25.14,1
25262060,11,2024-02-06,54.60,3
25275465,5,2024-02-05,44.76,3
25284571,23,2024-02-05,61.63,4
25287908,18,2024-02-09,131.98,4
25294893,3,2024-02-08,13.12,1
25299137,14,2024-02-06,51.93,3
25308312,5,2024-02-06,37.62,3
25310198,10,2024-02-09,63.13,3
25312653,21,2024-02-08,22.99,4
25325353,7,2024-02-01,33.96,3
25339438,7,2024-02-06,48.03,4
25350482,2,2024-02-06,69.78,3
25351308,5,2024-02-08,33.52,1
25359316,7,2024-02-08,36.12,5
25368215,4,2024-02-05,95.45,4
25373167,23,2024-02-10,16.89,3
25390148,25,2024-02-05,12.26,2
25400243,15,2024-02-04,101.76,4
25402445,26,2024-02-03,71.35,4
25405958,13,2024-02-08,9.87,1
25412185,3,2024-02-02,32.31,2
25414083,11,2024-02-01,71.82,3
25427582,11,2024-02-08,12.63,1
25428164,1,2024-02-05,43.08,4
25433896,28,2024-02-01,54.25,4
25445576,2,2024-02-05,48.57,4
25460839,6,2024-02-10,64.08,3
25492983,13,2024-02-08,24.56,2
25504961,17,2024-02-08,28.29,1
25510044,19,2024-02-02,97.05,5
25517835,9,2024-02-07,61.14,4
25518398,21,2024-02-01,31.33,2
25526192,28,2024-02-06,5.65,1
25528063,16,2024-02-09,68.77,4
25532738,8,2024-02-06,73.49,4
25548305,25,2024-02-01,57.77,4
25562207,24,2024-02-04,38.25,2
25583079,24,2024-02-01,61.39,4
25587893,9,2024-02-09,51.44,5
25594068,11,2024-02-08,46.38,2
25598586,22,2024-02-06,12.66,1
25606130,21,2024-02-09,29.64,1
25609137,1,2024-02-08,87.32,4
25609789,12,2024-02-04,23.60,1
25611940,30,2024-02-06,58.26,5
25632591,26,2024-02-01,12.66,1
25636755,5,2024-02-06,80.85,4
25640958,18,2024-02-09,58.53,3
25678673,15,2024-02-04,121.42,5
25692605,20,2024-02-05,16.36,1
25703631,20,2024-02-03,8.95,1
25731718,7,2024-02-08,101.09,5
25752768,6,2024-02-06,4.50,1
25756166,20,2024-02-02,45.67,3
25758029,21,2024-02-02,93.09,5
25762647,18,2024-02-06,66.02,3
25769053,30,2024-02-08,69.63,4
25772472,16,2024-02-09,78.22,5
25779835,3,2024-02-01,35.68,3
25786797,30,2024-02-01,59.60,3
25790294,10,2024-02-08,25.14,1
25798328,30,2024-02-02,14.16,1
25798543,25,2024-02-01,45.74,3
25816064,8,2024-02-10,16.24,2
25821717,8,2024-02-10,27.48,1
25832745,30,2024-02-01,153.62,5
25841894,11,2024-02-01,9.33,2
25842742,16,2024-02-08,28.68,3
25843961,14,2024-02-09,56.28,4
25857662,14,2024-02-08,49.75,1
25861161,5,2024-02-08,44.84,3
25862210,8,2024-02-02,18.66,2
25871763,16,2024-02-01,11.43,2
25871824,10,2024-02-03,66.02,5
25886667,22,2024-02-04,49.45,2
25895010,6,2024-02-08,39.38,4
25899461,2,2024-02-09,19.48,1
25932826,3,2024-02-08,63.60,4
25975144,9,2024-02-02,99.27,4
26015958,30,2024-02-06,3.98,1
26027608,23,2024-02-01,49.83,4
26034597,19,2024-02-02,52.85,2
26071745,7,2024-02-05,53.80,5
26073524,8,2024-02-01,54.74,4
26074025,17,2024-02-02,45.50,4
26079012,29,2024-02-06,66.14,2
26089135,2,2024-02-04,62.55,5
26102267,20,2024-02-08,37.64,2
26102557,26,2024-02-09,55.84,5
26109218,27,2024-02-05,39.15,4
26120821,5,2024-02-04,143.79,5
26123951,7,2024-02-10,21.40,1
26190515,21,2024-02-09,30.78,4
26192806,10,2024-02-03,12.63,1
26204732,19,2024-02-09,25.74,2
26205186,7,2024-02-09,84.02,5
26227395,18,2024-02-04,19.69,2
26248865,4,2024-02-04,78.28,5
26256630,9,2024-02-01,15.78,3
26262974,16,2024-02-08,21.62,4
26269876,16,2024-02-04,62.73,4
26275150,28,2024-02-03,64.10,3
26277321,9,2024-02-05,39.60,2
26278628,7,2024-02-01,62.60,4
26302720,26,2024-02-04,3.09,1
26306040,25,2024-02-04,11.30,1
26321944,17,2024-02-03,71.60,4
26324357,23,2024-02-02,16.60,2
26328611,8,2024-02-06,71.37,5
26335823,5,2024-02-08,29.68,1
26339986,7,2024-02-04,4.28,1
26356034,19,2024-02-09,49.13,2
26362902,3,2024-02-04,47.15,1
26367850,1,2024-02-06,13.83,2
26372540,7,2024-02-09,41.01,4
26372620,29,2024-02-06,69.32,4
26391744,24,2024-02-10,17.12,1
26404681,1,2024-02-04,25.89,3
26407279,16,2024-02-02,60.43,3
26410350,15,2024-02-05,2.55,1
26418302,24,2024-02-02,70.77,5
26431603,18,2024-02-08,56.98,3
26443913,20,2024-02-06,80.46,4
26447497,24,2024-02-06,7.41,1
26453665,10,2024-02-10,52.03,4
26460433,30,2024-02-03,39.17,4
26461446,5,2024-02-09,78.26,5
26462223,21,2024-02-08,161.76,5
26470637,21,2024-02-06,5.65,1
26471455,22,2024-02-05,23.10,4
26479056,11,2024-02-10,77.97,4
26491044,6,2024-02-01,68.51,4
26493125,29,2024-02-09,78.09,4
26495597,23,2024-02-02,8.20,2
26501710,4,2024-02-09,60.04,5
26530228,29,2024-02-04,19.90,1
26533814,14,2024-02-10,87.75,4
26555038,17,2024-02-06,54.89,5
26580100,27,2024-02-04,15.47,3
26580112,1,2024-02-09,23.35,3
26586858,14,2024-02-02,42.67,2
26595686,12,2024-02-02,33.39,2
26600382,3,2024-02-08,6.51,1
26610008,26,2024-02-06,59.66,3
26612207,21,2024-02-02,45.19,2
26622935,1,2024-02-09,74.02,4
26631243,9,2024-02-09,68.51,4
26634365,9,2024-02-03,63.37,2
26638472,17,2024-02-01,54.19,4
26640381,8,2024-02-02,82.52,4
26656091,22,2024-02-02,115.28,5
26665329,27,2024-02-05,28.22,2
26689239,28,2024-02-06,63.18,2
26707674,8,2024-02-09,33.34,2
26717984,13,2024-02-04,45.95,5
26719485,8,2024-02-05,22.83,2
26725055,26,2024-02-03,60.43,5
26733772,20,2024-02-09,57.31,3
26747212,9,2024-02-08,3.58,1
26765331,18,2024-02-06,43.84,3
26770891,29,2024-02-10,47.34,2
26782016,11,2024-02-09,57.68,3
26789377,12,2024-02-01,4.28,1
26799367,26,2024-02-01,34.47,2
26807789,13,2024-02-01,25.63,2
26817234,18,2024-02-06,85.06,4
26818123,26,2024-02-04,72.59,4
26823194,1,2024-02-05,22.23,1
26824295,14,2024-02-04,81.46,4
26824941,17,2024-02-01,60.86,5
26830550,26,2024-02-10,93.45,3
26840670,15,2024-02-08,50.33,3
26844753,11,2024-02-05,46.04,2
26853384,1,2024-02-09,4.62,1
26853392,27,2024-02-01,18.24,2
26855186,5,2024-02-01,17.85,2
26864165,11,2024-02-08,17.12,1
26877216,11,2024-02-09,82.20,4
26896098,25,2024-02-08,39.57,2
26937428,12,2024-02-09,46.46,4
26943589,9,2024-02-10,33.52,1
26973715,12,2024-02-01,66.95,3
26977412,20,2024-02-01,6.58,1
26990487,18,2024-02-01,16.11,2
27003615,10,2024-02-01,14.52,1
27021370,12,2024-02-08,65.83,5
27046057,5,2024-02-05,6.51,1
27069582,30,2024-02-06,42.17,3
27077556,13,2024-02-10,56.30,3
27085027,12,2024-02-02,8.56,1
27090833,1,2024-02-01,74.57,4
27097043,9,2024-02-03,18.99,1
27106580,13,2024-02-09,52.32,3
27122263,4,2024-02-06,7.65,1
27130345,1,2024-02-05,75.88,5
27138289,21,2024-02-05,54.18,5
27139975,17,2024-02-02,16.51,2
27142208,16,2024-02-04,15.26,2
27160777,15,2024-02-04,57.25,4
27173330,1,2024-02-08,9.74,1
27174298,23,2024-02-02,46.84,4
27178999,27,2024-02-01,28.36,2
27184075,4,2024-02-04,17.22,3
27186766,7,2024-02-06,12.91,2
27187055,3,2024-02-01,67.88,5
27191519,1,2024-02-01,1.54,1
27194465,24,2024-02-04,31.19,2
27197108,17,2024-02-09,8.76,2
27203644,7,2024-02-06,53.39,2
27214651,4,2024-02-06,47.71,3
27215147,13,2024-02-08,14.92,2
27226466,11,2024-02-10,30.51,3
27229533,19,2024-02-09,41.16,3
27242548,16,2024-02-10,44.48,5
27244205,9,2024-02-04,31.54,2
27251289,8,2024-02-03,23.45,1
27264398,3,2024-02-09,32.68,3
27281904,14,2024-02-04,47.82,5
27296348,27,2024-02-01,23.32,3
27303742,15,2024-02-08,19.85,2
27306853,11,2024-02-09,80.87,5
27310871,18,2024-02-08,27.13,3
27316603,16,2024-02-02,20.91,2
27319108,22,2024-02-04,85.64,5
27324915,17,2024-02-02,94.03,5
27329963,7,2024-02-04,3.58,1
27346520,15,2024-02-05,112.59,5
27359200,13,2024-02-01,58.17,2
27359981,18,2024-02-01,30.43,2
27361573,21,2024-02-02,25.62,3
27361992,5,2024-02-08,14.98,2
27368862,28,2024-02-05,111.47,5
27385002,22,2024-02-04,118.02,5
27400592,16,2024-02-06,23.63,3
27403563,12,2024-02-04,53.71,2
27416240,30,2024-02-01,29.94,3
27425277,21,2024-02-10,42.93,2
27439135,5,2024-02-06,57.43,5
27441639,16,2024-02-09,32.18,3
27454322,2,2024-02-02,19.24,2
27459546,12,2024-02-04,52.79,3
27464971,8,2024-02-10,43.43,3
27465842,17,2024-02-01,59.44,5
27471244,10,2024-02-08,92.83,3
27472126,26,2024-02-10,87.13,4
27486945,28,2024-02-04,45.55,3
27494579,2,2024-02-06,55.43,4
27498061,12,2024-02-06,40.37,3
27520862,5,2024-02-08,45.52,2
27526331,9,2024-02-06,54.42,4
27529959,22,2024-02-05,23.52,2
27539463,23,2024-02-08,45.01,2
27541780,28,2024-02-09,13.86,2
27549951,27,2024-02-09,37.33,2
27552221,4,2024-02-02,57.75,3
27557443,3,2024-02-05,26.68,2
27601677,27,2024-02-02,66.65,5
27603685,14,2024-02-02,11.09,3
27612926,9,2024-02-04,89.80,3
27620165,17,2024-02-06,12.27,1
27632003,30,2024-02-04,0.00,0
27646494,20,2024-02-09,91.33,3
27665339,11,2024-02-01,44.17,4
27669744,15,2024-02-09,112.42,4
27691600,12,2024-02-01,54.88,5
27702712,22,2024-02-06,7.65,1
27716127,21,2024-02-08,90.27,5
27737095,9,2024-02-02,9.22,2
27738115,18,2024-02-10,46.77,3
27745597,19,2024-02-06,70.73,3
27751701,25,2024-02-09,132.64,5
27760280,20,2024-02-09,48.99,3
27780465,10,2024-02-08,6.04,1
27781461,24,2024-02-09,39.87,5
27786310,28,2024-02-02,68.12,2
27802075,2,2024-02-10,54.23,5
27816672,15,2024-02-08,74.77,4
27822334,1,2024-02-02,22.79,2
27829616,12,2024-02-08,18.39,2
27836382,8,2024-02-05,69.46,5
27836572,3,2024-02-10,35.12,2
27844436,18,2024-02-02,25.84,2
27861433,27,2024-02-04,62.61,4
27865190,4,2024-02-06,36.70,3
27867931,20,2024-02-06,26.83,2
27895106,16,2024-02-09,61.22,3
27931590,23,2024-02-10,83.97,5
27932014,9,2024-02-09,35.01,3
27934881,11,2024-02-09,24.82,3
27955019,11,2024-02-08,65.41,3
27957206,27,2024-02-06,49.50,2
27963158,15,2024-02-02,25.14,1
27982720,19,2024-02-05,81.52,5
27983234,5,2024-02-01,58.18,5
27989884,26,2024-02-01,18.10,1
27989991,9,2024-02-01,38.98,2
27993113,14,2024-02-02,37.08,2
27996558,5,2024-02-02,63.68,3
27997790,22,2024-02-06,31.89,5
27999725,11,2024-02-06,7.92,1
28017416,10,2024-02-01,50.85,4
28039677,8,2024-02-04,63.24,4
28058542,30,2024-02-01,83.69,3
28082877,28,2024-02-06,28.56,2
28092346,25,2024-02-08,36.43,3
28096657,13,2024-02-04,31.45,1
28108489,29,2024-02-06,87.17,5
28116841,18,2024-02-09,35.68,4
28122104,28,2024-02-08,38.16,2
28127502,22,2024-02-10,1.02,1
28130005,13,2024-02-10,41.14,2
28136311,6,2024-02-01,80.49,5
28152877,26,2024-02-03,87.58,5
28171485,5,2024-02-08,31.45,1
28183575,12,2024-02-06,62.54,3
28198779,27,2024-02-02,59.74,4
28199767,3,2024-02-08,27.94,2
28215822,11,2024-02-01,20.04,2
28226365,1,2024-02-09,21.43,3
28226598,6,2024-02-09,1.98,1
28232294,5,2024-02-01,25.14,1
28241315,20,2024-02-04,11.94,1
28252143,14,2024-02-02,18.87,1
28254365,17,2024-02-10,29.68,1
28261188,14,2024-02-04,62.02,3
28271522,21,2024-02-04,0.00,0
28284401,1,2024-02-04,80.72,3
28285272,21,2024-02-08,15.07,2
28296368,29,2024-02-01,21.40,1
28301499,17,2024-02-06,7.96,1
28306416,3,2024-02-02,49.75,1
28310409,29,2024-02-02,47.15,1
28331460,20,2024-02-06,2.04,1
28357039,29,2024-02-09,38.06,2
28364592,10,2024-02-09,45.25,3
28367471,6,2024-02-02,34.48,4
28389204,6,2024-02-02,78.57,3
28396807,22,2024-02-01,66.80,4
28405898,17,2024-02-09,0.00,0
28434934,7,2024-02-06,28.74,3
28443496,1,2024-02-09,95.85,5
28446478,4,2024-02-06,62.66,5
28454395,19,2024-02-08,56.23,3
28457641,2,2024-02-04,76.79,4
28474430,15,2024-02-02,82.58,5
28480237,9,2024-02-04,65.16,4
28486124,16,2024-02-02,39.75,3
28488660,26,2024-02-10,52.91,4
28497676,24,2024-02-01,52.38,2
28520066,12,2024-02-01,51.95,4
28536304,17,2024-02-09,77.48,5
28536853,6,2024-02-09,46.41,4
28537236,23,2024-02-01,115.89,4
28543266,18,2024-02-10,41.24,3
28546975,21,2024-02-01,66.91,4
28566205,21,2024-02-10,40.88,2
28570632,1,2024-02-03,19.90,1
28571704,20,2024-02-02,61.59,4
28574308,17,2024-02-09,66.64,3
28576686,17,2024-02-01,53.44,2
28587652,27,2024-02-04,44.82,2
28592154,26,2024-02-01,36.01,3
28597035,23,2024-02-08,84.64,5
28598152,23,2024-02-10,0.00,0
28619077,2,2024-02-08,21.19,3
28636785,22,2024-02-08,33.38,2
28663606,8,2024-02-01,41.90,1
28672094,14,2024-02-05,73.12,4
28704773,2,2024-02-08,30.04,3
28723119,2,2024-02-02,82.69,5
28726301,16,2024-02-01,43.91,4
28726548,19,2024-02-09,23.12,1
28726742,4,2024-02-05,21.12,2
28727389,17,2024-02-02,83.45,4
28732032,14,2024-02-06,119.82,4
28752510,3,2024-02-06,26.61,3
28757473,22,2024-02-06,81.97,5
28761118,30,2024-02-06,103.92,5
28776272,24,2024-02-09,35.49,2
28791027,7,2024-02-06,28.59,2
28799837,5,2024-02-04,79.18,5
28801658,17,2024-02-08,19.68,1
28816294,12,2024-02-04,43.70,1
28818992,17,2024-02-01,26.11,2
28819524,18,2024-02-06,10.70,3
28822776,1,2024-02-04,79.48,3
28831836,19,2024-02-04,70.68,5
28851120,21,2024-02-09,60.83,3
28856700,28,2024-02-09,50.55,3
28864883,24,2024-02-03,46.81,4
28930077,27,2024-02-03,73.33,3
28934650,3,2024-02-01,125.13,5
28956342,8,2024-02-06,78.86,5
28957161,8,2024-02-04,47.22,4
28960786,11,2024-02-09,66.84,3
28978822,13,2024-02-08,43.34,4
28982595,17,2024-02-06,32.07,3
28986243,14,2024-02-01,14.27,2
29001736,2,2024-02-08,72.46,5
29001871,30,2024-02-10,74.31,3
29014392,24,2024-02-04,18.08,2
29019518,25,2024-02-10,35.25,3
29022941,9,2024-02-06,65.77,2
29029390,5,2024-02-02,71.85,4
29038561,29,2024-02-02,104.29,4
29065445,22,2024-02-06,70.45,4
29071713,28,2024-02-05,20.89,3
29075289,13,2024-02-08,39.00,3
29084380,15,2024-02-04,112.47,5
29088878,8,2024-02-08,43.94,4
29114037,17,2024-02-09,118.36,4
29129462,24,2024-02-01,91.20,4
29144105,23,2024-02-06,53.50,3
29149639,26,2024-02-06,56.04,2
29164015,5,2024-02-09,17.63,3
29169681,14,2024-02-06,62.89,5
29174967,19,2024-02-04,55.45,5
29182772,17,2024-02-02,68.80,5
29185723,5,2024-02-08,74.29,3
29205327,26,2024-02-02,63.21,2
29221123,29,2024-02-06,33.51,2
29234885,28,2024-02-01,29.68,1
29259299,9,2024-02-01,9.74,1
29262831,26,2024-02-08,4.62,1
29304883,25,2024-02-09,50.76,3
29320664,11,2024-02-06,19.48,1
29331385,27,2024-02-04,12.98,2
29332112,21,2024-02-08,8.38,1
29365431,1,2024-02-08,27.88,3
29380309,25,2024-02-06,48.39,5
29386216,6,2024-02-06,7.26,1
29400514,15,2024-02-02,56.80,5
29409085,2,2024-02-09,38.96,2
29418628,16,2024-02-06,121.52,5
29439201,17,2024-02-09,57.27,3
29439813,22,2024-02-09,35.65,3
29459537,11,2024-02-02,38.88,2
29465034,2,2024-02-02,63.05,4
29465246,13,2024-02-02,28.52,2
29467313,2,2024-02-02,17.55,4
29482068,1,2024-02-01,45.11,4
29504758,19,2024-02-06,29.21,3
29527138,18,2024-02-06,33.22,3
29530435,28,2024-02-01,37.68,3
29533355,24,2024-02-06,43.66,2
29536035,21,2024-02-04,95.08,5
29540049,22,2024-02-08,12.36,2
29543294,22,2024-02-10,26.00,2
29544775,25,2024-02-08,9.00,1
29548500,7,2024-02-09,65.40,4
29555035,16,2024-02-08,48.07,4
29555545,3,2024-02-01,5.65,1
29564372,27,2024-02-05,49.02,3
29582856,7,2024-02-10,16.28,2
29591880,6,2024-02-06,21.12,2
29596678,23,2024-02-06,12.35,2
29615110,5,2024-02-09,0.00,0
29628646,9,2024-02-01,63.24,4
29633965,18,2024-02-04,89.32,3
29639741,15,2024-02-09,17.65,2
29655345,23,2024-02-10,61.19,3
29668416,12,2024-02-10,66.28,4
29671230,15,2024-02-09,0.00,0
29672228,22,2024-02-05,32.06,4
29675164,9,2024-02-02,17.48,1
29694438,8,2024-02-09,49.55,4
29697439,4,2024-02-01,35.55,4
29706505,7,2024-02-04,65.88,4
29711002,6,2024-02-08,47.52,5
29737906,14,2024-02-08,31.64,3
29773463,20,2024-02-04,19.55,2
29775344,8,2024-02-03,5.37,1
29779824,23,2024-02-02,3.29,1
29785755,9,2024-02-01,38.75,3
29789719,26,2024-02-01,61.62,5
29820438,3,2024-02-02,46.37,2
29847484,25,2024-02-01,45.05,4
29851414,26,2024-02-09,31.45,1
29878962,30,2024-02-09,9.90,1
29886186,19,2024-02-01,33.52,1
29943362,8,2024-02-01,62.41,3
29952427,20,2024-02-06,14.10,2
29954582,28,2024-02-09,57.29,3
29956699,6,2024-02-09,23.44,2
29961689,11,2024-02-10,83.08,5
29967563,18,2024-02-02,51.40,3
29972765,26,2024-02-06,31.15,2
29985679,21,2024-02-03,22.78,3
29989402,21,2024-02-09,0.00,0
30002820,4,2024-02-03,48.44,2
30009096,8,2024-02-09,36.31,2
30014872,20,2024-02-01,40.13,5
30025041,21,2024-02-01,96.20,4
30032940,20,2024-02-10,60.50,4
30040409,14,2024-02-08,0.00,0
30046041,6,2024-02-01,73.58,5
30050030,3,2024-02-02,47.15,4
30055409,7,2024-02-02,53.29,4
30062863,25,2024-02-05,28.61,2
30104459,9,2024-02-08,24.35,1
30105646,19,2024-02-08,30.51,2
30142524,13,2024-02-02,10.86,1
30146422,11,2024-02-09,18.49,2
30146461,20,2024-02-06,51.11,3
30146475,2,2024-02-03,41.26,3
30150329,20,2024-02-09,56.90,3
30171677,11,2024-02-01,51.97,4
30174205,15,2024-02-06,42.58,3
30175516,14,2024-02-04,33.00,3
30180425,6,2024-02-05,45.93,3
30192257,23,2024-02-04,135.72,5
30193731,6,2024-02-04,47.46,2
30204218,21,2024-02-06,74.59,4
30208836,12,2024-02-06,18.69,2
30215438,14,2024-02-03,8.56,1
30219728,8,2024-02-01,39.55,3
30238983,12,2024-02-10,13.03,2
30253846,6,2024-02-08,14.48,1
30261541,30,2024-02-01,39.15,2
30286615,12,2024-02-08,40.42,2
30298521,25,2024-02-09,81.50,5
30309765,23,2024-02-09,64.45,4
30354941,24,2024-02-01,38.02,5
30356485,2,2024-02-02,47.98,3
30366178,5,2024-02-02,12.36,1
30385678,16,2024-02-09,69.36,4
30408920,3,2024-02-03,17.19,2
30409944,26,2024-02-10,18.99,1
30415659,27,2024-02-06,61.58,3
30419546,25,2024-02-07,72.41,4
30421466,19,2024-02-04,4.28,1
30422822,9,2024-02-01,34.44,2
30453023,29,2024-02-03,76.53,5
30456727,20,2024-02-09,50.34,3
30486720,22,2024-02-02,51.10,3
30489270,27,2024-02-08,4.87,1
30510993,16,2024-02-02,1.98,1
30521674,6,2024-02-06,5.65,1
30529784,8,2024-02-10,37.94,3
30536109,16,2024-02-01,69.57,4
30541020,11,2024-02-09,143.19,5
30541968,22,2024-02-02,42.47,2
30548148,27,2024-02-09,4.87,1
30548621,9,2024-02-01,41.76,4
30578501,22,2024-02-05,10.40,2
30589198,4,2024-02-06,14.85,3
30595175,29,2024-02-04,0.00,0
30596759,2,2024-02-02,37.72,1
30596887,30,2024-02-10,41.10,2
30601053,27,2024-02-04,23.06,2
30619722,24,2024-02-06,79.20,4
30626860,28,2024-02-10,0.00,0
30627144,8,2024-02-08,53.53,3
30627257,30,2024-02-04,68.40,3
30632643,13,2024-02-03,30.59,5
30641511,9,2024-02-03,26.79,2
30657218,8,2024-02-03,7.54,1
30659878,16,2024-02-06,12.66,1
30665973,27,2024-02-10,0.00,0
30670911,20,2024-02-08,20.40,2
30686175,9,2024-02-09,73.11,3
30698863,15,2024-02-10,64.67,5
30707263,11,2024-02-10,12.58,1
30707288,8,2024-02-06,87.03,4
30720283,23,2024-02-06,28.77,3
30722350,10,2024-02-05,83.51,3
30742621,29,2024-02-09,6.51,1
30744783,8,2024-02-04,96.74,5
30770472,24,2024-02-08,19.53,1
30780298,28,2024-02-04,56.69,3
30784813,16,2024-02-09,66.40,3
30784896,5,2024-02-09,46.14,4
30809657,18,2024-02-09,33.59,2
30831327,22,2024-02-09,23.68,3
30855407,11,2024-02-06,80.79,5
30860977,6,2024-02-08,9.37,1
30871087,7,2024-02-09,19.90,1
30882633,11,2024-02-09,62.91,3
30884673,12,2024-02-09,1.54,1
30897742,10,2024-02-01,45.14,4
30931057,23,2024-02-01,76.71,4
30938496,15,2024-02-02,0.00,0
30948808,28,2024-02-01,9.38,1
30958218,13,2024-02-02,7.54,1
30960283,27,2024-02-05,41.49,3
30965908,19,2024-02-05,82.35,5
31046000,30,2024-02-09,56.14,4
31047510,11,2024-02-09,7.54,1
31055215,14,2024-02-10,72.91,4
31070372,15,2024-02-08,29.47,3
31085285,27,2024-02-10,18.39,2
31086228,14,2024-02-01,37.10,1
31086351,6,2024-02-03,20.19,2
31117815,24,2024-02-04,67.32,5
31118562,11,2024-02-02,42.31,2
31129360,14,2024-02-09,49.65,3
31155455,30,2024-02-06,37.57,2
31180847,19,2024-02-01,61.47,3
31188909,15,2024-02-09,91.12,4
31200220,23,2024-02-06,43.12,5
31215841,21,2024-02-01,76.42,4
31216175,2,2024-02-04,72.63,4
31234996,14,2024-02-09,45.55,4
31247512,11,2024-02-10,22.26,1
31259938,12,2024-02-05,56.18,5
31270196,14,2024-02-01,12.29,2
31274642,23,2024-02-01,39.95,3
31277914,26,2024-02-03,25.14,1
31284044,19,2024-02-04,68.52,3
31297511,24,2024-02-08,16.95,1
31299886,12,2024-02-06,67.50,4
31315800,9,2024-02-08,17.48,1
31317630,5,2024-02-02,105.41,5
31326721,19,2024-02-06,25.68,1
31336840,11,2024-02-09,14.61,1
31340275,3,2024-02-09,48.13,3
31347892,20,2024-02-10,37.57,2
31352298,19,2024-02-01,64.19,4
31356143,7,2024-02-06,123.37,5
31357890,3,2024-02-01,6.94,2
31363317,30,2024-02-10,65.88,3
31366559,13,2024-02-08,56.76,5
31367715,21,2024-02-08,71.41,5
31368386,3,2024-02-03,15.92,1
31369866,17,2024-02-04,31.65,1
31375869,16,2024-02-06,35.50,4
31384919,13,2024-02-01,46.85,1
31387438,10,2024-02-01,12.07,3
31389617,1,2024-02-03,31.97,2
31397390,22,2024-02-06,44.65,2
31416708,10,2024-02-01,59.57,3
31424113,8,2024-02-09,0.00,0
31435335,9,2024-02-09,14.07,1
31444762,8,2024-02-04,21.98,2
31449114,23,2024-02-06,44.49,4
31463384,15,2024-02-02,33.18,2
31477943,1,2024-02-06,78.28,4
31481742,28,2024-02-06,24.88,3
31486459,24,2024-02-10,14.61,1
31492682,12,2024-02-04,34.83,3
31501399,20,2024-02-04,21.51,3
31503513,13,2024-02-09,94.58,5
31503711,20,2024-02-03,21.43,2
31516663,6,2024-02-09,42.16,2
31528235,22,2024-02-08,101.72,4
31558232,4,2024-02-10,58.85,5
31604453,3,2024-02-02,120.99,5
31605312,2,2024-02-06,77.25,2
31610376,20,2024-02-01,54.14,3
31615217,8,2024-02-10,29.38,2
31624725,27,2024-02-02,34.50,2
31631956,28,2024-02-09,70.24,5
31653250,3,2024-02-10,36.98,2
31656039,7,2024-02-09,77.66,3
31662998,11,2024-02-01,31.05,2
31670952,21,2024-02-08,25.84,2
31682598,12,2024-02-05,67.06,4
31707457,6,2024-02-03,11.74,2
31716590,11,2024-02-01,24.86,2
31721778,30,2024-02-06,55.59,3
31744150,27,2024-02-04,3.97,1
31761065,7,2024-02-10,44.97,4
31762475,10,2024-02-01,39.26,3
31763159,28,2024-02-06,47.58,3
31763970,21,2024-02-10,0.00,0
31769426,9,2024-02-06,101.00,5
31787056,12,2024-02-02,9.74,1
31807291,29,2024-02-10,41.90,1
31818953,19,2024-02-04,51.87,4
31836813,18,2024-02-01,60.28,2
31839727,24,2024-02-09,98.35,5
31845051,29,2024-02-06,16.95,1
31850881,13,2024-02-05,25.86,2
31852290,29,2024-02-05,52.04,4
31876877,7,2024-02-08,6.18,1
31892589,30,2024-02-01,49.07,2
31912385,26,2024-02-06,25.57,4
31933318,19,2024-02-01,55.79,2
31936526,7,2024-02-03,96.29,4
31955262,15,2024-02-08,54.42,4
32002943,26,2024-02-08,91.20,5
32004972,11,2024-02-08,42.51,3
32006449,30,2024-02-02,31.65,1
32020348,15,2024-02-04,61.08,3
32027009,3,2024-02-06,51.63,3
32035783,26,2024-02-05,85.19,5
32039731,17,2024-02-03,53.43,4
32052767,9,2024-02-04,79.78,4
32070353,8,2024-02-06,31.82,3
32071899,11,2024-02-02,49.84,3
32078058,13,2024-02-08,11.40,2
32079684,30,2024-02-05,21.21,2
32080629,7,2024-02-03,42.05,2
32087534,24,2024-02-08,114.82,5
32088302,11,2024-02-03,70.46,4
32090419,30,2024-02-06,81.78,4
32105819,13,2024-02-01,27.48,1
32113744,26,2024-02-05,63.60,4
32114393,26,2024-02-08,85.81,5
32129511,24,2024-02-09,17.81,2
32134102,11,2024-02-06,43.62,4
32134838,2,2024-02-05,0.00,0
32137126,9,2024-02-03,35.38,3
32155159,2,2024-02-02,7.90,2
32155341,13,2024-02-01,61.55,5
32168706,17,2024-02-01,58.41,4
32181306,18,2024-02-09,38.04,3
32187305,22,2024-02-08,60.80,3
32192827,4,2024-02-08,43.34,4
32196270,30,2024-02-09,13.16,1
32217614,13,2024-02-03,37.55,3
32223299,7,2024-02-04,6.29,1
32223339,21,2024-02-08,79.08,4
32226732,4,2024-02-08,14.10,2
32228808,18,2024-02-01,88.97,4
32228818,7,2024-02-09,51.86,3
32229855,11,2024-02-01,35.78,2
32243857,19,2024-02-10,59.55,4
32246155,12,2024-02-05,68.80,5
32256381,2,2024-02-06,71.31,5
32257938,30,2024-02-04,23.09,2
32261592,18,2024-02-05,32.80,1
32266348,11,2024-02-03,61.33,2
32273046,8,2024-02-01,12.66,1
32277074,8,2024-02-05,60.54,2
32283758,19,2024-02-06,67.48,4
32316644,25,2024-02-01,21.05,1
32327584,17,2024-02-10,30.00,4
32330104,11,2024-02-09,48.07,3
32330308,21,2024-02-06,35.79,3
32334321,25,2024-02-02,27.42,2
32340284,16,2024-02-09,31.18,3
32340394,6,2024-02-10,1.53,1
32360277,6,2024-02-06,9.16,3
32361060,28,2024-02-02,30.10,3
32366603,9,2024-02-02,29.40,2
32374397,27,2024-02-01,16.36,1
32386176,18,2024-02-06,63.71,5
32387784,29,2024-02-01,31.54,4
32425677,14,2024-02-08,4.72,1
32429724,12,2024-02-10,32.74,3
32433758,14,2024-02-10,19.18,2
32453006,8,2024-02-05,7.54,1
32459314,29,2024-02-01,42.83,3
32472693,7,2024-02-05,63.04,3
32484969,21,2024-02-08,49.71,4
32486187,26,2024-02-01,15.67,2
32486301,24,2024-02-06,19.26,3
32512602,29,2024-02-02,76.90,4
32514987,29,2024-02-10,71.07,4
32517288,5,2024-02-01,97.47,4
32530893,20,2024-02-06,45.46,2
32541929,3,2024-02-08,24.35,1
32550197,26,2024-02-08,35.95,4
32550315,18,2024-02-05,38.80,3
32555666,18,2024-02-03,19.45,2
32571469,7,2024-02-10,56.06,5
32578413,19,2024-02-06,59.23,3
32596879,21,2024-02-02,7.26,1
32597616,20,2024-02-09,65.65,2
32615385,30,2024-02-03,63.46,4
32628929,17,2024-02-10,119.53,5
32630289,27,2024-02-01,8.02,2
32639723,11,2024-02-02,41.53,2
32642240,29,2024-02-08,26.80,3
32661263,1,2024-02-03,51.68,3
32665126,1,2024-02-01,20.91,2
32676488,12,2024-02-01,88.92,5
32678912,18,2024-02-03,29.85,1
32700713,24,2024-02-01,59.77,4
32719777,7,2024-02-08,23.97,2
32729536,23,2024-02-03,23.22,3
32749431,24,2024-02-06,28.29,1
32760804,22,2024-02-01,18.82,2
32785715,1,2024-02-01,50.63,4
32795168,11,2024-02-04,31.35,2
32801446,16,2024-02-01,60.85,2
32806949,10,2024-02-04,58.12,3
32809299,14,2024-02-08,93.03,4
32809436,27,2024-02-01,19.77,2
32818938,26,2024-02-09,49.97,5
32827590,22,2024-02-01,57.73,3
32830627,19,2024-02-04,62.30,2
32837632,15,2024-02-10,65.85,4
32838434,30,2024-02-04,63.61,4
32867207,19,2024-02-06,93.44,4
32886548,23,2024-02-01,38.88,2
32893484,26,2024-02-02,67.24,5
32909906,18,2024-02-05,36.57,4
32911140,20,2024-02-05,29.64,1
32917535,6,2024-02-02,0.00,0
32932666,17,2024-02-01,32.99,3
32945883,3,2024-02-02,59.60,4
32952681,30,2024-02-09,9.27,1
32964408,24,2024-02-03,54.70,4
32965976,3,2024-02-02,29.64,1
32965988,2,2024-02-10,28.90,1
32972915,3,2024-02-10,9.27,1
32976088,19,2024-02-09,18.15,1
32980791,27,2024-02-05,37.16,4
32981245,12,2024-02-02,14.48,1
32982475,16,2024-02-09,59.54,3
32987592,27,2024-02-01,28.94,3
33032707,6,2024-02-01,122.48,5
33037834,25,2024-02-10,35.31,5
33040946,5,2024-02-01,67.87,3
33041020,24,2024-02-01,71.74,4
33044823,15,2024-02-06,22.73,2
33067236,5,2024-02-08,50.53,2
33078335,30,2024-02-06,64.13,5
33087252,10,2024-02-10,45.37,2
33100196,25,2024-02-01,0.00,0
33104791,8,2024-02-08,37.53,4
33112175,25,2024-02-01,33.29,3
33126652,12,2024-02-06,19.23,2
33131141,15,2024-02-06,15.88,1
33138440,17,2024-02-01,28.29,1
33138990,24,2024-02-06,105.77,4
33148675,9,2024-02-09,78.81,3
33155433,23,2024-02-10,6.16,1
33212102,16,2024-02-10,0.00,0
33212691,3,2024-02-01,59.37,4
33212802,26,2024-02-07,58.08,2
33217432,18,2024-02-06,65.03,4
33222811,28,2024-02-08,102.76,5
33227044,22,2024-02-09,66.24,4
33238422,18,2024-02-02,4.28,1
33254135,6,2024-02-04,85.94,3
33272817,20,2024-02-06,36.20,2
33305951,13,2024-02-05,47.18,4
33306439,25,2024-02-02,18.32,1
33313825,29,2024-02-05,7.97,2
33318030,15,2024-02-09,54.18,3
33329428,13,2024-02-10,26.84,3
33340024,2,2024-02-08,42.63,4
33345425,13,2024-02-08,14.82,1
33365770,24,2024-02-08,110.76,4
33367722,1,2024-02-09,25.68,1
33375436,14,2024-02-05,35.04,3
33407996,8,2024-02-01,46.12,2
33428301,3,2024-02-09,61.15,3
33452597,30,2024-02-08,61.87,4
33461331,17,2024-02-05,45.16,3
33469599,13,2024-02-06,54.33,3
33495834,30,2024-02-01,91.03,4
33507215,12,2024-02-06,41.00,3
33522722,29,2024-02-10,0.00,0
33528650,20,2024-02-09,23.73,2
33530909,14,2024-02-09,23.28,4
33553899,16,2024-02-04,51.65,4
33568722,23,2024-02-04,2.55,1
33569885,4,2024-02-03,8.49,2
33576598,6,2024-02-10,37.36,4
33599294,7,2024-02-06,100.67,3
33601771,13,2024-02-04,50.57,3
33602108,4,2024-02-01,52.81,3
33605478,4,2024-02-08,3.08,1
33613266,5,2024-02-02,13.60,3
33617626,10,2024-02-06,55.26,3
33620722,12,2024-02-05,119.38,5
33622530,28,2024-02-01,48.66,2
33623918,15,2024-02-02,58.79,2
33631137,25,2024-02-01,90.63,5
33640340,20,2024-02-09,57.72,4
33643807,14,2024-02-09,4.53,1
33650294,1,2024-02-02,33.02,2
33659777,6,2024-02-09,32.17,5
33667630,2,2024-02-06,48.87,4
33686396,28,2024-02-02,123.35,5
33690177,13,2024-02-06,49.95,4
33701326,19,2024-02-05,26.19,2
33719579,13,2024-02-04,38.63,3
33738735,14,2024-02-10,24.03,2
33763476,20,2024-02-04,38.36,3
33767241,6,2024-02-09,0.00,0
33779926,21,2024-02-08,36.90,4
33781191,18,2024-02-05,14.61,1
33792072,10,2024-02-04,1.98,1
33797445,11,2024-02-04,16.57,3
33798063,5,2024-02-01,83.94,3
33806133,9,2024-02-09,47.35,3
33823439,5,2024-02-09,25.14,1
33830366,27,2024-02-08,25.14,1
33833000,18,2024-02-01,37.10,1
33847726,7,2024-02-03,49.49,2
33865725,27,2024-02-01,46.35,4
33882776,10,2024-02-01,47.15,1
33883805,24,2024-02-01,7.24,3
33885975,11,2024-02-06,107.99,5
33887146,24,2024-02-05,56.12,2
33899793,28,2024-02-03,51.54,5
33899962,3,2024-02-01,14.61,1
33904196,8,2024-02-06,43.32,3
33909295,26,2024-02-02,57.92,5
33918402,3,2024-02-01,32.06,3
33921918,16,2024-02-08,77.31,4
33923331,25,2024-02-01,37.05,1
33950194,6,2024-02-01,19.62,3
33951872,25,2024-02-01,68.34,5
33952388,27,2024-02-06,45.24,3
33989301,30,2024-02-08,17.90,2
33996580,8,2024-02-09,48.55,3
34017717,28,2024-02-02,4.72,1
34022110,20,2024-02-01,31.70,3
34057946,29,2024-02-05,31.12,2
34069998,26,2024-02-09,0.00,0
34071885,8,2024-02-02,23.52,2
34079837,22,2024-02-01,35.70,3
34105298,24,2024-02-09,18.32,1
34105307,14,2024-02-02,65.39,5
34115995,27,2024-02-09,72.43,4
34136023,13,2024-02-09,109.14,5
34153897,21,2024-02-06,41.26,2
34196553,20,2024-02-04,28.48,2
34202935,24,2024-02-10,18.87,1
34229256,20,2024-02-02,86.92,5
34240947,6,2024-02-09,5.65,1
34289171,3,2024-02-08,83.84,5
34291786,4,2024-02-09,53.50,3
34293419,1,2024-02-01,54.42,4
34300568,20,2024-02-10,73.95,5
34303586,5,2024-02-01,0.00,0
34304631,20,2024-02-10,25.79,3
34307923,3,2024-02-06,69.53,5
34310639,21,2024-02-01,44.99,2
34318531,1,2024-02-01,31.75,4
34318894,4,2024-02-09,0.00,0
34320872,22,2024-02-02,45.80,1
34325566,4,2024-02-04,6.16,1
34332849,14,2024-02-02,88.44,4
34336633,23,2024-02-01,56.58,4
34347327,4,2024-02-03,31.12,4
34355947,8,2024-02-03,53.12,3
34362678,1,2024-02-06,0.00,0
34376150,23,2024-02-02,43.61,3
34404205,10,2024-02-06,89.26,5
34408360,24,2024-02-09,68.07,3
34417136,16,2024-02-05,34.59,2
34418679,2,2024-02-02,12.11,2
34451871,10,2024-02-10,4.28,1
34457234,29,2024-02-06,40.32,3
34458572,17,2024-02-04,24.08,2
34462797,30,2024-02-05,14.84,1
34465322,10,2024-02-01,73.03,3
34475387,19,2024-02-08,84.84,4
34493683,9,2024-02-06,93.31,5
34499184,5,2024-02-09,5.65,1
34500003,21,2024-02-06,62.19,4
34505532,13,2024-02-02,67.46,3
34520642,2,2024-02-05,76.92,4
34530128,1,2024-02-06,53.61,3
34533035,24,2024-02-03,0.51,1
34540553,5,2024-02-02,6.56,1
34561342,28,2024-02-03,70.44,3
34581414,11,2024-02-09,17.67,4
34589484,12,2024-02-08,32.50,4
34590742,20,2024-02-06,99.64,5
34595192,7,2024-02-06,71.34,3
34607630,4,2024-02-09,7.94,1
34626072,19,2024-02-02,68.55,2
34630941,8,2024-02-01,34.93,4
34643767,13,2024-02-04,37.48,1
34646977,3,2024-02-09,59.80,2
34648044,5,2024-02-09,17.12,1
34669763,2,2024-02-06,76.88,3
34671250,7,2024-02-01,68.58,4
34681680,25,2024-02-08,90.16,5
34682956,17,2024-02-10,21.79,2
34714701,28,2024-02-10,67.26,4
34725074,11,2024-02-02,6.29,1
34729026,22,2024-02-08,34.29,3
34731839,25,2024-02-10,27.87,3
34738544,21,2024-02-10,29.99,3
34742263,9,2024-02-01,68.07,4
34753337,22,2024-02-01,6.04,1
34761318,19,2024-02-02,34.51,3
34770155,18,2024-02-09,35.24,4
34776896,19,2024-02-02,7.24,1
34776973,2,2024-02-10,80.07,3
34795950,7,2024-02-06,0.00,0
34805886,8,2024-02-10,38.34,4
34809905,19,2024-02-06,57.23,4
34824108,7,2024-02-05,86.94,3
34848435,18,2024-02-09,17.12,1
34850784,13,2024-02-03,36.93,3
34851322,19,2024-02-04,42.63,2
34863029,12,2024-02-09,59.69,4
34867364,27,2024-02-01,25.86,2
34882786,6,2024-02-09,81.65,3
34883650,3,2024-02-05,44.81,3
34895939,1,2024-02-02,49.60,3
34905398,27,2024-02-09,0.51,1
34912253,16,2024-02-09,40.94,3
34913209,14,2024-02-02,52.72,4
34920878,3,2024-02-01,63.26,3
34922725,21,2024-02-01,83.65,5
34932151,19,2024-02-10,37.78,2
34938614,6,2024-02-10,54.20,3
34942276,27,2024-02-09,48.24,4
34968101,15,2024-02-02,66.72,4
35032355,8,2024-02-06,72.45,4
35038099,24,2024-02-04,9.44,1
35054752,27,2024-02-08,40.84,4
35069004,2,2024-02-06,25.90,2
35119236,6,2024-02-02,27.82,2
35135478,12,2024-02-08,43.00,5
35151149,30,2024-02-08,91.15,5
35169888,29,2024-02-09,48.15,5
35171305,8,2024-02-01,12.44,2
35180654,24,2024-02-05,15.92,2
35187303,8,2024-02-09,30.00,4
35191785,29,2024-02-06,3.97,1
35205431,11,2024-02-10,56.15,4
35221756,16,2024-02-10,7.12,2
35222962,12,2024-02-01,27.24,2
35229339,17,2024-02-03,54.08,3
35261338,18,2024-02-01,30.75,5
35269032,1,2024-02-05,44.04,3
35280476,18,2024-02-10,51.87,3
35291196,6,2024-02-10,78.52,5
35298480,23,2024-02-08,80.69,5
35307845,10,2024-02-04,37.58,2
35321383,7,2024-02-09,9.95,1
35328184,29,2024-02-06,1.98,1
35336991,10,2024-02-06,21.70,2
35338681,21,2024-02-03,71.78,3
35342847,11,2024-02-07,49.98,3
35356886,18,2024-02-06,49.30,3
35368518,19,2024-02-08,96.14,4
35370467,15,2024-02-06,61.44,4
35371440,13,2024-02-09,64.74,5
35380198,16,2024-02-02,55.61,4
35390551,26,2024-02-04,102.09,4
35399840,21,2024-02-08,64.53,5
35409428,17,2024-02-06,41.29,3
35409677,4,2024-02-06,6.58,1
35427564,29,2024-02-02,8.74,1
35445224,17,2024-02-05,105.47,5
35450753,11,2024-02-02,34.08,3
35479147,6,2024-02-04,52.18,2
35483816,27,2024-02-04,47.15,1
35488688,29,2024-02-01,64.09,5
35502253,14,2024-02-08,67.06,5
35523321,14,2024-02-08,0.51,1
35527619,6,2024-02-08,55.77,5
35538650,30,2024-02-01,55.79,3
35545451,10,2024-02-10,3.06,1
35552479,27,2024-02-05,69.44,3
35577572,24,2024-02-01,3.97,1
35587979,9,2024-02-01,21.15,2
35588385,2,2024-02-01,26.04,1
35593438,28,2024-02-09,69.24,5
35604672,19,2024-02-03,32.93,3
35608928,20,2024-02-01,85.99,3
35652943,13,2024-02-02,3.96,1
35696075,12,2024-02-09,66.09,4
35698715,18,2024-02-06,56.50,2
35700950,20,2024-02-04,28.52,3
35728353,8,2024-02-02,56.95,2
35741655,2,2024-02-04,74.98,5
35748724,1,2024-02-09,16.07,2
35771693,11,2024-02-04,88.46,5
35782174,20,2024-02-06,43.22,3
35809567,5,2024-02-01,18.86,1
35812126,2,2024-02-09,98.47,5
35822659,10,2024-02-10,34.24,1
35840536,23,2024-02-08,0.00,0
35844482,25,2024-02-01,105.98,5
35850112,4,2024-02-06,29.64,1
35851450,6,2024-02-10,57.55,3
35853846,5,2024-02-04,27.30,2
35856644,28,2024-02-08,27.62,3
35859077,10,2024-02-09,17.48,1
35869854,22,2024-02-10,68.35,5
35883529,9,2024-02-02,40.50,2
35898563,18,2024-02-06,26.14,2
35911494,27,2024-02-01,48.90,3
35935590,12,2024-02-09,1.54,1
35955997,15,2024-02-06,25.90,2
35959944,21,2024-02-09,42.86,2
35965894,22,2024-02-10,25.14,1
35975083,4,2024-02-03,42.52,2
36028609,7,2024-02-08,6.12,1
36041265,8,2024-02-01,28.90,1
36053606,21,2024-02-06,50.21,2
36056059,6,2024-02-06,20.38,2
36057832,25,2024-02-03,34.31,2
36064365,29,2024-02-10,18.99,1
36064730,20,2024-02-09,4.53,1
36071542,16,2024-02-10,48.53,3
36106533,20,2024-02-03,40.49,3
36112948,20,2024-02-08,120.61,5
36125255,12,2024-02-02,21.23,2
36131719,22,2024-02-01,73.53,5
36153021,26,2024-02-02,39.55,2
36154101,1,2024-02-09,16.68,2
36169948,3,2024-02-08,18.88,1
36188010,11,2024-02-05,0.00,0
36203880,20,2024-02-05,9.27,1
36211048,25,2024-02-01,23.15,3
36211339,6,2024-02-08,64.28,4
36248574,8,2024-02-09,20.45,1
36259707,2,2024-02-10,19.48,1
36264856,26,2024-02-10,43.46,3
36278806,9,2024-02-04,2.55,1
36286693,19,2024-02-08,59.28,5
36289004,4,2024-02-10,42.36,3
36293527,19,2024-02-09,9.00,2
36296091,12,2024-02-10,28.01,2
36309137,28,2024-02-09,5.94,1
36309831,7,2024-02-10,23.60,2
36319980,21,2024-02-05,16.72,2
36321177,5,2024-02-08,51.75,4
36348879,12,2024-02-04,40.03,2
36362582,24,2024-02-09,60.35,3
36366747,25,2024-02-06,28.13,2
36386836,23,2024-02-02,69.93,4
36387383,16,2024-02-01,52.94,3
36396850,8,2024-02-09,13.02,1
36397666,26,2024-02-09,59.27,3
36400627,22,2024-02-06,13.80,2
36401504,23,2024-02-10,34.96,1
36423698,23,2024-02-01,18.86,1
36426887,5,2024-02-09,60.41,3
36429178,24,2024-02-03,36.24,2
36440709,16,2024-02-09,23.98,2
36455410,12,2024-02-10,34.48,3
36468375,5,2024-02-04,61.08,2
36475169,29,2024-02-08,52.40,3
36493374,20,2024-02-05,39.91,5
36495668,19,2024-02-01,12.58,1
36502563,12,2024-02-01,54.33,2
36505469,6,2024-02-09,26.24,1
36528781,6,2024-02-01,36.43,4
36537545,6,2024-02-02,120.43,5
36548705,29,2024-02-10,5.78,1
36550489,21,2024-02-04,23.12,1
36559698,24,2024-02-10,40.34,2
36564135,21,2024-02-01,17.69,2
36565280,26,2024-02-02,33.71,2
36568710,27,2024-02-06,17.40,2
36583618,28,2024-02-08,81.78,4
36587635,17,2024-02-06,30.81,3
36590598,25,2024-02-06,50.07,2
36618067,22,2024-02-08,36.64,1
36623794,13,2024-02-04,40.75,3
36624325,27,2024-02-10,53.39,4
36626109,24,2024-02-01,52.43,5
36627254,30,2024-02-01,44.75,4
36635426,11,2024-02-10,0.00,0
36651088,30,2024-02-01,27.23,2
36657150,12,2024-02-06,12.66,1
36687766,25,2024-02-01,9.95,1
36715928,13,2024-02-08,70.96,4
36718613,18,2024-02-01,61.55,3
36729165,5,2024-02-01,43.90,2
36735038,30,2024-02-05,35.00,3
36735898,28,2024-02-08,61.34,5
36742392,20,2024-02-10,46.06,4
36743472,17,2024-02-01,0.00,0
36750124,2,2024-02-07,19.85,2
36751327,20,2024-02-09,25.46,3
36752996,13,2024-02-09,53.67,3
36761843,9,2024-02-06,55.41,5
36771786,1,2024-02-03,18.62,2
36806024,27,2024-02-09,46.80,4
36820407,30,2024-02-01,21.20,3
36822359,8,2024-02-02,15.92,1
36835391,27,2024-02-09,74.05,2
36835847,12,2024-02-04,28.43,2
36841893,19,2024-02-01,32.56,2
36849072,15,2024-02-09,60.18,3
36849626,6,2024-02-08,117.61,5
36894744,27,2024-02-09,17.70,2
36897117,1,2024-02-09,83.84,4
36910648,16,2024-02-05,20.42,2
36913750,14,2024-02-06,42.84,4
36915085,22,2024-02-02,47.87,4
36937343,21,2024-02-09,12.36,1
36937955,2,2024-02-10,23.79,2
36941801,12,2024-02-02,38.98,3
36942865,10,2024-02-02,9.44,1
36947352,29,2024-02-09,119.34,4
36957683,25,2024-02-09,131.11,5
36963660,17,2024-02-06,62.03,5
36973798,30,2024-02-09,21.96,3
36985296,7,2024-02-02,58.22,4
36993616,22,2024-02-09,63.73,3
36998178,6,2024-02-06,40.18,4
37020766,25,2024-02-10,42.43,4
37033672,12,2024-02-01,44.56,3
37034518,13,2024-02-10,29.68,1
37035968,5,2024-02-05,22.91,3
37047693,23,2024-02-06,49.56,4
37054680,19,2024-02-01,62.02,2
37076094,8,2024-02-06,23.12,1
37077225,25,2024-02-01,41.08,2
37085833,20,2024-02-01,42.36,2
37097673,3,2024-02-08,3.97,1
37111992,3,2024-02-10,77.98,4
37115016,9,2024-02-01,115.15,4
37116574,24,2024-02-01,91.08,4
37120089,20,2024-02-10,22.21,2
37126749,1,2024-02-09,54.86,4
37127230,18,2024-02-02,55.52,3
37129961,5,2024-02-05,44.85,4
37132324,25,2024-02-05,8.56,1
37132875,1,2024-02-06,43.60,4
37138086,4,2024-02-09,3.58,1
37139464,30,2024-02-02,42.08,3
37141605,8,2024-02-04,75.26,5
37146385,12,2024-02-01,114.89,4
37151404,7,2024-02-10,85.56,4
37159158,14,2024-02-05,37.72,1
37197540,18,2024-02-09,85.11,5
37202237,4,2024-02-02,62.08,4
37203861,17,2024-02-04,14.61,1
37212192,6,2024-02-01,76.41,5
37215328,24,2024-02-01,31.14,3
37219092,18,2024-02-01,84.73,3
37219664,17,2024-02-10,34.24,1
37223984,5,2024-02-08,85.57,5
37225266,6,2024-02-03,55.50,3
37236769,4,2024-02-09,24.98,2
37237501,16,2024-02-01,14.84,1
37239223,18,2024-02-01,33.30,4
37246776,30,2024-02-01,119.68,4
37270411,4,2024-02-08,73.65,3
37279011,24,2024-02-02,6.29,1
37295729,2,2024-02-02,78.34,4
37308327,16,2024-02-09,56.86,5
37324007,16,2024-02-09,12.66,1
37325457,5,2024-02-05,38.00,2
37328910,29,2024-02-10,24.18,2
37334590,20,2024-02-04,29.94,2
37335745,22,2024-02-01,55.76,4
37340698,18,2024-02-04,34.83,4
37342813,15,2024-02-08,45.11,2
37350374,5,2024-02-05,28.35,4
37362412,1,2024-02-01,46.76,4
37363796,30,2024-02-05,12.49,3
37384348,15,2024-02-09,113.80,4
37392507,10,2024-02-08,25.13,2
37435610,23,2024-02-10,8.56,1
37438551,10,2024-02-06,94.70,5
37439151,26,2024-02-02,17.34,1
37443005,14,2024-02-01,18.76,1
37447416,5,2024-02-01,81.07,4
37463678,25,2024-02-10,2.04,1
37464786,6,2024-02-01,0.00,0
37472502,13,2024-02-04,19.90,1
37478934,23,2024-02-10,72.82,4
37488611,15,2024-02-05,105.67,4
37513214,10,2024-02-10,19.68,1
37518819,5,2024-02-02,24.27,2
37531873,12,2024-02-02,84.07,5
37540050,20,2024-02-06,50.98,5
37555791,27,2024-02-02,63.31,5
37558463,1,2024-02-10,57.40,5
37560863,25,2024-02-10,84.97,3
37561245,7,2024-02-04,67.59,5
37578899,19,2024-02-08,0.00,0
37590193,26,2024-02-09,41.90,1
37598315,23,2024-02-01,43.53,3
37602430,13,2024-02-01,14.82,1
37620612,18,2024-02-01,44.64,2
37626327,28,2024-02-05,55.41,2
37641243,20,2024-02-06,74.44,5
37682516,4,2024-02-08,32.88,3
37683361,14,2024-02-06,74.45,4
37684411,1,2024-02-06,65.30,2
37690462,29,2024-02-09,19.85,1
37697075,29,2024-02-08,6.29,1
37741231,11,2024-02-01,89.05,5
37754275,22,2024-02-02,37.10,1
37754650,17,2024-02-09,97.62,5
37761440,10,2024-02-10,29.83,2
37802899,26,2024-02-09,76.80,5
37827759,14,2024-02-01,17.06,4
37837126,5,2024-02-06,28.23,2
37853398,25,2024-02-08,26.02,2
37854628,8,2024-02-09,28.25,1
37867370,25,2024-02-01,45.26,2
37922604,18,2024-02-03,76.33,5
37944213,5,2024-02-04,36.64,1
37945070,6,2024-02-10,36.66,4
37952883,28,2024-02-10,43.07,2
37955611,18,2024-02-10,55.60,3
37959416,13,2024-02-09,14.84,1
37965505,9,2024-02-10,28.25,1
37968647,11,2024-02-05,13.09,2
37998362,30,2024-02-08,58.13,3
37998510,24,2024-02-04,6.02,2
38004278,10,2024-02-06,49.06,2
38008574,4,2024-02-07,63.70,3
38008594,3,2024-02-03,61.49,3
38009322,20,2024-02-02,27.48,1
38011138,2,2024-02-10,48.06,3
38015578,11,2024-02-03,109.95,4
38016046,20,2024-02-09,48.34,4
38016783,26,2024-02-04,64.57,4
38019619,22,2024-02-06,84.65,4
38049382,22,2024-02-06,7.54,1
38053391,10,2024-02-01,70.23,4
38065519,30,2024-02-04,9.92,2
38068649,24,2024-02-02,30.25,2
38069798,7,2024-02-10,25.49,2
38108421,24,2024-02-01,32.17,3
38111088,11,2024-02-06,78.98,4
38120616,26,2024-02-09,2.25,1
38126683,2,2024-02-08,45.09,2
38127436,19,2024-02-09,76.47,3
38131462,18,2024-02-09,63.05,3
38132486,8,2024-02-06,77.37,4
38137322,15,2024-02-10,42.43,2
38146846,12,2024-02-01,3.08,1
38158198,1,2024-02-05,12.58,1
38171217,15,2024-02-04,51.74,3
38185395,8,2024-02-08,17.38,2
38192839,20,2024-02-09,29.37,3
38192955,16,2024-02-08,50.02,4
38216806,23,2024-02-04,18.74,3
38216914,30,2024-02-06,82.16,4
38220971,5,2024-02-09,45.66,4
38238206,1,2024-02-09,4.08,2
38251930,9,2024-02-09,94.26,5
38258520,13,2024-02-03,5.78,1
38260206,15,2024-02-01,13.12,1
38267662,3,2024-02-08,23.12,1
38272371,24,2024-02-01,52.78,4
38283816,20,2024-02-02,32.55,1
38285422,10,2024-02-02,59.98,2
38315106,5,2024-02-06,71.45,3
38325939,8,2024-02-01,10.89,1
38333526,19,2024-02-06,89.03,4
38340069,12,2024-02-05,45.71,3
38343057,28,2024-02-04,43.49,3
38348436,3,2024-02-09,59.77,3
38354841,8,2024-02-06,60.59,4
38361122,17,2024-02-05,12.30,2
38367268,27,2024-02-02,71.83,5
38368862,15,2024-02-08,39.39,4
38377470,12,2024-02-04,25.68,1
38387489,4,2024-02-06,26.04,1
38398802,30,2024-02-02,25.14,1
38409235,25,2024-02-08,82.12,4
38427580,6,2024-02-02,63.50,4
38435475,22,2024-02-09,12.29,3
38437444,22,2024-02-01,4.87,1
38461518,11,2024-02-02,27.09,2
38468014,5,2024-02-02,72.96,4
38488743,27,2024-02-02,65.09,4
38493888,1,2024-02-09,7.65,1
38507025,4,2024-02-08,41.56,4
38511103,11,2024-02-04,14.07,1
38517179,23,2024-02-01,45.25,3
38518823,17,2024-02-08,21.27,2
38526261,19,2024-02-08,37.72,1
38528194,20,2024-02-09,57.72,4
38529637,11,2024-02-04,14.57,3
38540506,4,2024-02-08,6.04,1
38543686,10,2024-02-10,0.00,0
38555033,16,2024-02-01,41.51,3
38560303,7,2024-02-10,67.39,4
38563492,12,2024-02-02,44.01,2
38591041,1,2024-02-06,108.34,4
38602131,13,2024-02-02,63.55,3
38626462,17,2024-02-01,5.65,1
38626509,22,2024-02-09,27.58,2
38639995,28,2024-02-10,28.97,2
38642678,1,2024-02-06,7.42,1
38643700,29,2024-02-03,30.11,2
38655297,5,2024-02-04,31.65,1
38659019,17,2024-02-09,14.38,2
38675759,4,2024-02-01,80.84,5
38703574,29,2024-02-05,24.02,2
38706622,20,2024-02-08,8.18,1
38715628,9,2024-02-06,8.38,1
38721828,5,2024-02-02,32.24,2
38740914,30,2024-02-05,51.09,5
38764049,7,2024-02-03,64.14,3
38770239,20,2024-02-03,59.49,4
38770336,29,2024-02-09,71.64,3
38772694,16,2024-02-09,4.21,1
38776767,19,2024-02-05,36.54,2
38780898,13,2024-02-01,22.74,3
38791041,30,2024-02-09,53.91,4
38795409,10,2024-02-04,12.24,2
38799358,9,2024-02-02,7.70,1
38814068,17,2024-02-06,63.40,3
38827549,18,2024-02-05,40.71,2
38831479,21,2024-02-09,36.61,3
38840937,28,2024-02-04,118.06,5
38843466,13,2024-02-01,99.60,4
38848362,27,2024-02-09,17.21,3
38851853,18,2024-02-03,36.68,3
38852463,9,2024-02-04,9.74,1
38853000,16,2024-02-02,59.42,5
38865160,20,2024-02-08,56.82,2
38884263,17,2024-02-02,6.29,1
38887796,19,2024-02-06,92.64,4
38897389,20,2024-02-08,44.24,3
38902437,8,2024-02-05,60.34,5
38906807,2,2024-02-04,50.30,4
38909293,14,2024-02-05,24.60,2
38911163,10,2024-02-06,18.74,2
38914631,14,2024-02-08,21.32,3
38933838,24,2024-02-01,9.38,1
38944557,7,2024-02-04,28.27,2
38949146,22,2024-02-02,1.53,1
38953715,23,2024-02-01,16.84,1
38991609,23,2024-02-06,44.62,3
38992225,24,2024-02-09,32.55,1
39002344,16,2024-02-01,41.47,2
39006395,30,2024-02-01,65.49,4
39011776,28,2024-02-02,92.28,5
39020537,1,2024-02-01,7.70,1
39027227,20,2024-02-05,71.14,5
39043235,15,2024-02-08,82.43,3
39049655,22,2024-02-06,26.88,3
39049744,25,2024-02-08,6.29,1
39050803,8,2024-02-01,45.78,3
39053360,5,2024-02-09,32.17,4
39061230,4,2024-02-08,66.49,2
39064564,2,2024-02-01,47.48,3
39072293,9,2024-02-09,53.00,4
39087064,10,2024-02-09,9.16,1
39087797,9,2024-02-09,41.46,2
39093097,17,2024-02-04,18.93,3
39093775,3,2024-02-09,10.86,1
39106131,6,2024-02-09,13.09,2
39146838,25,2024-02-08,29.01,2
39148808,28,2024-02-10,18.65,2
39148978,15,2024-02-01,83.26,4
39149499,26,2024-02-10,42.10,4
39159958,30,2024-02-02,79.62,5
39160198,17,2024-02-09,39.29,3
39180792,30,2024-02-09,72.81,5
39184792,22,2024-02-04,24.77,2
39207119,24,2024-02-01,35.78,2
39232383,16,2024-02-04,4.87,1
39232666,7,2024-02-09,37.86,3
39244618,28,2024-02-10,43.35,2
39253188,9,2024-02-02,64.23,2
39254656,24,2024-02-05,31.46,3
39265699,14,2024-02-03,26.87,4
39269752,2,2024-02-02,25.00,3
39273361,25,2024-02-04,9.16,1
39281721,7,2024-02-03,17.52,2
39290073,18,2024-02-06,19.98,2
39292922,12,2024-02-10,18.86,1
39307255,28,2024-02-08,39.12,2
39314899,29,2024-02-06,18.87,1
39322640,19,2024-02-01,59.33,4
39344030,25,2024-02-03,37.33,2
39345321,21,2024-02-08,18.88,1
39347923,18,2024-02-06,12.36,1
39354184,11,2024-02-01,18.03,2
39357534,26,2024-02-01,25.32,1
39364477,22,2024-02-03,17.78,2
39415671,16,2024-02-04,4.69,1
39417721,5,2024-02-10,25.53,3
39422118,13,2024-02-08,4.09,1
39436814,7,2024-02-05,9.44,1
39457242,29,2024-02-04,87.65,5
39464168,12,2024-02-05,133.83,5
39467330,11,2024-02-02,52.00,3
39475992,3,2024-02-06,16.50,2
39484203,27,2024-02-01,64.00,4
39485662,13,2024-02-10,67.79,3
39487881,28,2024-02-01,65.13,3
39507877,14,2024-02-06,83.86,4
39530773,4,2024-02-03,7.42,1
39539019,2,2024-02-01,22.84,4
39541032,3,2024-02-09,46.64,3
39547515,7,2024-02-07,80.34,2
39553023,10,2024-02-02,43.00,4
39582861,5,2024-02-08,60.34,4
39586599,30,2024-02-01,83.04,5
39587737,6,2024-02-06,41.90,1
39598901,28,2024-02-08,36.72,4
39612986,17,2024-02-02,5.78,1
39631280,27,2024-02-04,83.97,3
39654200,27,2024-02-06,37.33,5
39660530,17,2024-02-04,4.72,1
39670072,10,2024-02-02,32.97,3
39677242,29,2024-02-02,3.96,1
39679185,13,2024-02-10,4.72,1
39682923,26,2024-02-05,19.85,1
39684823,8,2024-02-08,57.88,4
39698430,14,2024-02-01,41.22,2
39699411,19,2024-02-04,6.04,1
39714447,17,2024-02-09,25.74,3
39734347,4,2024-02-09,52.50,2
39744336,30,2024-02-04,35.93,4
39745831,24,2024-02-10,24.68,3
39774219,11,2024-02-02,91.72,4
39788131,22,2024-02-05,54.76,4
39799874,1,2024-02-10,67.12,3
39823369,28,2024-02-01,40.80,3
39854795,11,2024-02-10,74.63,2
39870667,3,2024-02-10,42.50,2
39893153,9,2024-02-01,22.26,1
39900665,1,2024-02-02,25.44,2
39926019,27,2024-02-02,76.35,4
39933855,7,2024-02-05,66.20,4
39942837,14,2024-02-08,96.28,5
39952823,24,2024-02-01,14.86,2
39953051,21,2024-02-04,0.00,0
39967497,9,2024-02-06,37.00,4
39972683,7,2024-02-05,41.54,3
40032793,23,2024-02-02,26.78,2
40047153,6,2024-02-01,67.22,3
40051027,14,2024-02-01,31.00,4
40064471,24,2024-02-01,36.47,3
40092321,22,2024-02-02,9.74,1
40104080,1,2024-02-01,45.89,2
40110478,2,2024-02-06,128.40,4
40125045,4,2024-02-08,23.54,3
40128123,20,2024-02-08,13.18,2
40143824,28,2024-02-05,8.38,1
40185452,1,2024-02-03,100.27,5
40187257,16,2024-02-06,55.78,3
40187842,27,2024-02-05,52.45,3
40194646,29,2024-02-02,54.29,2
40205647,28,2024-02-01,88.57,4
40226593,23,2024-02-06,4.53,1
40247225,24,2024-02-08,12.66,1
40249985,23,2024-02-02,18.74,1
40268241,30,2024-02-01,36.61,3
40304403,26,2024-02-03,35.53,4
40317449,3,2024-02-02,45.80,1
40320032,1,2024-02-06,52.48,4
40336151,16,2024-02-06,9.90,1
40343522,26,2024-02-01,15.60,2
40367507,28,2024-02-06,52.08,4
40368274,10,2024-02-09,3.97,1
40370909,7,2024-02-01,7.65,1
40376469,15,2024-02-04,66.62,4
40397418,13,2024-02-06,23.53,3
40402208,24,2024-02-06,63.20,4
40420173,1,2024-02-01,55.75,2
40425192,18,2024-02-09,11.91,1
40441950,2,2024-02-10,81.99,4
40461970,22,2024-02-02,70.72,5
40470421,29,2024-02-02,119.05,5
40496781,13,2024-02-02,42.40,2
40496910,25,2024-02-09,83.61,3
40516996,19,2024-02-05,18.30,3
40536482,17,2024-02-01,51.70,2
40572433,21,2024-02-09,78.17,3
40577608,20,2024-02-08,20.63,2
40585012,11,2024-02-02,125.79,5
40591782,15,2024-02-01,28.64,3
40615813,21,2024-02-02,100.57,3
40616856,2,2024-02-02,10.37,2
40620612,2,2024-02-08,29.38,2
40640707,7,2024-02-06,33.47,2
40661588,30,2024-02-08,7.40,3
40662708,11,2024-02-01,4.55,2
40680017,24,2024-02-01,55.15,2
40681771,12,2024-02-08,42.73,2
40686484,27,2024-02-01,14.16,1
40696430,15,2024-02-06,25.43,2
40715212,8,2024-02-02,45.00,2
40724781,4,2024-02-10,51.15,4
40735033,29,2024-02-01,58.75,4
40769170,14,2024-02-10,15.08,1
40769344,21,2024-02-09,12.27,1
40773037,12,2024-02-08,57.75,5
40783277,5,2024-02-01,47.50,3
40790966,30,2024-02-02,39.00,2
40808222,2,2024-02-08,44.62,5
40821119,30,2024-02-05,7.65,1
40821685,1,2024-02-06,61.07,3
40825389,6,2024-02-10,4.28,1
40828896,29,2024-02-09,51.20,4
40835309,1,2024-02-06,45.21,3
40840395,19,2024-02-06,24.10,2
40863287,17,2024-02-06,0.00,0
40864232,23,2024-02-10,21.05,1
40869680,22,2024-02-04,42.27,3
40898558,19,2024-02-08,46.35,4
40941917,25,2024-02-10,79.20,5
40943353,23,2024-02-10,51.91,3
40945763,3,2024-02-02,47.16,4
40953555,3,2024-02-01,37.66,4
40957580,8,2024-02-01,53.02,2
40960187,5,2024-02-08,30.50,2
40971710,5,2024-02-05,40.60,2
40976132,24,2024-02-06,47.15,1
40989322,21,2024-02-01,51.20,3
41023346,27,2024-02-05,39.41,2
41037918,3,2024-02-05,41.91,2
41039136,15,2024-02-08,56.34,4
41040409,23,2024-02-05,8.69,2
41044755,12,2024-02-01,39.83,2
41060315,4,2024-02-05,32.59,4
41070031,16,2024-02-04,125.69,5
41090117,11,2024-02-08,22.26,3
41090717,15,2024-02-08,4.09,1
41094712,26,2024-02-01,13.88,2
41113020,21,2024-02-08,30.53,4
41115545,12,2024-02-01,23.50,4
41118957,1,2024-02-05,31.65,1
41131210,5,2024-02-10,97.74,5
41135660,7,2024-02-08,61.44,5
41147938,19,2024-02-06,55.72,2
41149804,10,2024-02-02,41.52,5
41150948,26,2024-02-02,3.29,1
41168955,26,2024-02-05,23.11,2
41185419,30,2024-02-09,54.01,4
41215668,11,2024-02-04,6.18,1
41228345,4,2024-02-01,13.42,3
41230070,9,2024-02-01,29.94,3
41230337,22,2024-02-08,86.66,4
41250554,3,2024-02-08,48.91,4
41266123,29,2024-02-09,0.00,0
41268800,13,2024-02-04,4.28,1
41269353,19,2024-02-10,37.70,1
41276484,25,2024-02-02,17.15,2
41277872,30,2024-02-02,16.92,2
41281426,22,2024-02-02,48.10,2
41291590,11,2024-02-09,11.91,1
41303678,10,2024-02-05,7.70,1
41329163,30,2024-02-06,45.51,5
41337602,11,2024-02-05,37.05,1
41347222,22,2024-02-08,62.58,5
41351934,6,2024-02-03,72.02,2
41353146,29,2024-02-09,3.96,1
41354174,12,2024-02-04,66.84,3
41365377,29,2024-02-01,33.55,3
41377621,27,2024-02-01,57.86,4
41385918,10,2024-02-02,74.60,4
41387850,4,2024-02-10,11.53,2
41389473,25,2024-02-06,6.58,1
41391077,17,2024-02-05,41.94,3
41402057,22,2024-02-08,0.00,0
41426171,22,2024-02-08,35.55,4
41433994,6,2024-02-10,33.82,2
41439374,26,2024-02-09,48.26,2
41463259,6,2024-02-05,26.85,2
41467630,27,2024-02-09,15.39,3
41483235,6,2024-02-01,15.67,2
41529593,24,2024-02-09,23.31,3
41532412,8,2024-02-08,65.16,4
41562995,11,2024-02-06,5.78,1
41563602,2,2024-02-01,38.96,3
41564855,4,2024-02-08,12.58,1
41570855,27,2024-02-08,70.51,3
41588415,14,2024-02-01,51.79,4
41589049,22,2024-02-05,60.01,2
41590874,15,2024-02-01,36.16,3
41594289,28,2024-02-04,27.48,1
41620244,17,2024-02-08,59.37,3
41637574,21,2024-02-02,16.67,2
41637730,12,2024-02-02,84.10,4
41666859,9,2024-02-06,56.13,4
41691899,2,2024-02-09,47.96,3
41692100,14,2024-02-04,33.52,5
41729394,5,2024-02-10,91.89,5
41733803,20,2024-02-01,9.93,2
41734135,16,2024-02-08,48.01,4
41737991,5,2024-02-01,59.78,3
41741361,19,2024-02-06,25.14,1
41742802,22,2024-02-08,35.16,3
41749167,14,2024-02-01,37.32,3
41757909,9,2024-02-02,44.50,4
41783545,16,2024-02-09,10.88,2
41784657,9,2024-02-08,62.43,5
41794303,3,2024-02-06,7.96,1
41796346,26,2024-02-08,54.98,3
41797775,2,2024-02-08,26.39,3
41801758,16,2024-02-02,67.57,5
41825434,3,2024-02-01,66.56,4
41853516,23,2024-02-09,16.59,2
41856554,7,2024-02-06,68.46,4
41888383,29,2024-02-01,24.41,4
41888521,24,2024-02-09,43.26,4
41891243,22,2024-02-01,72.96,4
41902187,17,2024-02-01,79.39,2
41915889,8,2024-02-08,13.02,1
41917368,14,2024-02-04,23.45,1
41922625,11,2024-02-01,41.92,4
41930274,12,2024-02-06,59.92,2
41950159,1,2024-02-04,36.06,4
41964752,3,2024-02-09,34.06,2
41979488,29,2024-02-01,39.80,2
41984126,23,2024-02-10,6.18,1
41987503,26,2024-02-08,4.50,1
41991867,21,2024-02-01,24.98,2
42000224,12,2024-02-10,87.66,5
42006558,16,2024-02-05,24.91,3
42040816,8,2024-02-04,20.41,2
42043112,12,2024-02-01,91.13,5
42044934,30,2024-02-06,96.55,4
42050397,25,2024-02-06,55.22,3
42052569,11,2024-02-08,22.42,2
42062913,1,2024-02-02,13.14,2
42063736,15,2024-02-08,89.09,4
42083988,17,2024-02-01,45.75,4
42086181,4,2024-02-06,10.55,2
42102015,4,2024-02-04,19.90,1
42114135,3,2024-02-09,25.16,1
42117111,30,2024-02-09,50.21,3
42142706,13,2024-02-06,21.40,1
42159192,10,2024-02-02,28.90,1
42160610,4,2024-02-01,27.48,1
42163578,11,2024-02-05,12.84,1
42166723,15,2024-02-01,28.01,2
42168890,12,2024-02-06,20.99,2
42177113,28,2024-02-01,20.47,3
42177698,9,2024-02-08,14.52,1
42179058,18,2024-02-09,23.86,2
42210195,26,2024-02-03,48.64,3
42212146,8,2024-02-04,39.91,3
42216698,28,2024-02-02,30.54,3
42220193,14,2024-02-10,22.06,4
42228442,29,2024-02-10,58.64,4
42228587,7,2024-02-04,19.85,1
42233783,11,2024-02-09,17.12,1
42254105,17,2024-02-09,33.12,2
42294459,17,2024-02-08,43.52,3
42296970,30,2024-02-03,48.59,4
42316106,23,2024-02-07,9.74,1
42327973,25,2024-02-05,30.29,2
42336640,22,2024-02-08,65.66,3
42349729,26,2024-02-09,37.95,2
42350424,3,2024-02-06,34.96,1
42350983,12,2024-02-09,15.88,1
42362966,14,2024-02-06,78.58,4
42369741,15,2024-02-03,22.23,1
42377976,11,2024-02-01,61.21,3
42396985,13,2024-02-10,108.81,4
42401466,17,2024-02-06,111.10,5
42405866,15,2024-02-09,12.63,1
42420085,29,2024-02-02,21.44,2
42424106,13,2024-02-02,71.80,5
42434563,9,2024-02-01,53.24,3
42442013,29,2024-02-09,19.90,1
42449368,13,2024-02-01,8.74,1
42455228,10,2024-02-08,13.76,3
42483100,15,2024-02-06,21.13,3
42484469,15,2024-02-08,90.74,5
42485065,26,2024-02-03,30.35,3
42486950,24,2024-02-01,22.60,1
42506049,29,2024-02-03,44.67,3
42509639,26,2024-02-01,100.04,5
42513317,6,2024-02-08,38.79,4
42514293,22,2024-02-10,75.99,4
42517889,19,2024-02-08,18.76,1
42524748,11,2024-02-04,65.74,3
42526252,6,2024-02-08,1.79,1
42545156,26,2024-02-01,121.62,4
42551940,13,2024-02-09,39.90,3
42556217,28,2024-02-08,42.80,1
42557600,3,2024-02-02,39.87,3
42565411,5,2024-02-02,49.16,2
42566380,16,2024-02-06,109.05,4
42573511,10,2024-02-10,53.38,4
42586685,2,2024-02-08,24.73,2
42589124,25,2024-02-01,31.46,2
42600809,4,2024-02-01,89.15,5
42606387,29,2024-02-01,61.88,3
42612159,22,2024-02-09,88.23,3
42615724,7,2024-02-09,78.19,5
42625157,30,2024-02-05,43.70,1
42632731,28,2024-02-03,65.44,4
42635887,10,2024-02-10,37.46,3
42636833,27,2024-02-01,33.14,3
42638044,13,2024-02-06,13.80,2
42653636,25,2024-02-09,62.56,3
42661732,22,2024-02-06,26.13,3
42670722,29,2024-02-09,21.72,2
42672115,10,2024-02-05,123.91,5
42676880,2,2024-02-06,57.14,2
42704468,1,2024-02-02,96.94,4
42704815,27,2024-02-05,56.16,5
42706460,2,2024-02-01,50.53,4
42707733,18,2024-02-01,23.45,1
42746813,22,2024-02-01,24.35,1
42756294,8,2024-02-08,11.94,1
42768210,12,2024-02-05,89.06,5
42787521,1,2024-02-05,37.16,4
42808240,15,2024-02-03,22.26,1
42810742,8,2024-02-01,36.93,3
42822988,17,2024-02-06,50.85,5
42832881,7,2024-02-01,52.56,3
42841734,17,2024-02-09,104.24,4
42856145,26,2024-02-01,38.77,4
42860854,3,2024-02-02,79.99,4
42862587,25,2024-02-04,43.41,3
42869761,9,2024-02-02,76.04,4
42871873,21,2024-02-01,65.71,3
42876065,14,2024-02-04,66.72,4
42920813,8,2024-02-06,13.55,2
42935414,6,2024-02-02,43.57,3
42946993,22,2024-02-06,58.20,3
42955323,14,2024-02-08,80.80,4
42982843,6,2024-02-06,4.28,1
42991766,5,2024-02-04,22.60,1
42995263,12,2024-02-05,26.81,2
43001308,22,2024-02-03,48.13,3
43010049,3,2024-02-08,0.00,0
43041713,28,2024-02-08,18.42,2
43062313,28,2024-02-05,57.37,3
43063250,11,2024-02-01,41.55,2
43063383,26,2024-02-08,60.89,4
43068515,18,2024-02-01,4.59,1
43069038,16,2024-02-08,24.90,2
43109388,19,2024-02-06,87.87,5
43120370,24,2024-02-08,18.74,1
43135466,13,2024-02-02,9.44,1
43165047,23,2024-02-08,24.66,3
43226865,24,2024-02-09,23.08,2
43229913,16,2024-02-05,66.19,5
43235181,16,2024-02-09,45.55,3
43241518,20,2024-02-02,28.75,2
43252923,26,2024-02-05,68.70,5
43254708,10,2024-02-01,18.32,1
43277713,21,2024-02-09,28.05,4
43280311,2,2024-02-05,0.00,0
43288392,15,2024-02-06,25.16,1
43311516,30,2024-02-08,65.33,4
43315825,11,2024-02-02,68.70,2
43319615,2,2024-02-05,47.65,4
43324637,19,2024-02-08,5.63,2
43326112,21,2024-02-09,42.90,2
43327679,18,2024-02-10,61.08,4
43355980,21,2024-02-04,54.48,3
43360262,5,2024-02-01,12.27,1
43360613,1,2024-02-05,45.68,2
43366455,29,2024-02-06,79.62,3
43437686,18,2024-02-08,7.94,1
43450677,29,2024-02-08,44.80,2
43462381,22,2024-02-06,3.08,1
43463717,12,2024-02-09,56.56,4
43464750,10,2024-02-02,36.64,1
43468028,5,2024-02-09,15.88,1
43472471,16,2024-02-08,14.82,1
43484011,3,2024-02-06,83.66,5
43508026,1,2024-02-09,74.74,4
43517882,24,2024-02-06,23.45,1
43520572,5,2024-02-06,41.93,3
43528052,5,2024-02-02,18.74,1
43555039,2,2024-02-06,37.34,3
43559196,30,2024-02-04,10.89,1
43580403,17,2024-02-03,36.85,2
43592854,10,2024-02-01,37.41,4
43600325,1,2024-02-06,40.47,4
43619675,17,2024-02-08,53.28,4
43619847,25,2024-02-04,48.97,3
43635987,24,2024-02-01,7.83,2
43636314,3,2024-02-01,40.91,3
43642593,2,2024-02-06,68.07,3
43656847,23,2024-02-09,42.29,2
43657631,12,2024-02-08,57.80,3
43675856,19,2024-02-09,70.63,3
43689916,16,2024-02-01,16.95,1
43700922,11,2024-02-09,13.74,2
43704531,17,2024-02-06,28.87,2
43711024,25,2024-02-01,25.84,2
43719298,22,2024-02-01,51.86,5
43723984,5,2024-02-02,44.10,2
43735734,8,2024-02-01,92.76,5
43738568,12,2024-02-06,23.16,2
43745788,5,2024-02-02,8.11,2
43749345,12,2024-02-06,112.19,5
43753038,18,2024-02-06,37.83,3
43764479,24,2024-02-09,78.68,5
43788132,17,2024-02-02,53.21,3
43799102,10,2024-02-06,96.81,3
43807863,30,2024-02-09,28.74,2
43812573,30,2024-02-05,28.66,3
43817022,16,2024-02-02,35.60,3
43818877,3,2024-02-08,68.99,4
43820112,24,2024-02-01,53.37,3
43832770,17,2024-02-08,29.79,3
43833183,9,2024-02-06,13.06,2
43851206,21,2024-02-01,66.62,3
43852492,12,2024-02-09,4.62,1
43852747,8,2024-02-09,95.35,5
43853420,15,2024-02-07,54.20,3
43874647,9,2024-02-10,37.30,3
43882167,22,2024-02-06,26.77,2
43887597,5,2024-02-08,4.28,1
43924836,19,2024-02-02,12.87,2
43937947,9,2024-02-09,72.09,3
43943175,24,2024-02-01,32.82,3
43950002,2,2024-02-10,70.53,5
43955277,11,2024-02-01,45.67,2
43978235,8,2024-02-04,35.60,2
43981395,17,2024-02-08,56.94,4
43983303,5,2024-02-06,127.25,5
44007560,29,2024-02-08,65.57,4
44017636,19,2024-02-09,34.96,1
44030955,1,2024-02-06,73.01,3
44035358,28,2024-02-10,10.77,2
44055059,28,2024-02-01,3.06,1
44071350,13,2024-02-09,99.74,4
44086805,14,2024-02-06,51.47,4
44089873,8,2024-02-09,68.40,3
44114535,7,2024-02-04,28.25,1
44122760,21,2024-02-03,43.56,4
44123185,16,2024-02-09,8.18,1
44126984,19,2024-02-02,71.06,4
44140162,24,2024-02-01,37.88,4
44146543,7,2024-02-08,44.74,2
44154149,29,2024-02-01,29.97,2
44155813,21,2024-02-03,62.32,4
44167403,16,2024-02-01,63.25,4
44176395,3,2024-02-06,78.31,5
44177123,21,2024-02-04,32.21,2
44184045,29,2024-02-08,80.60,5
44206531,18,2024-02-01,54.77,4
44233213,14,2024-02-01,13.58,2
44244166,24,2024-02-02,0.00,0
44252067,17,2024-02-06,58.95,3
44260656,5,2024-02-10,29.64,2
44268423,14,2024-02-08,9.16,1
44289006,3,2024-02-10,17.55,2
44301264,23,2024-02-02,18.30,2
44301530,2,2024-02-08,22.96,3
44307477,4,2024-02-09,47.53,3
44308260,14,2024-02-02,54.84,3
44308707,24,2024-02-08,76.59,5
44309817,21,2024-02-08,44.39,2
44317974,5,2024-02-04,76.34,5
44318652,21,2024-02-02,63.86,5
44332810,15,2024-02-09,19.48,1
44351701,19,2024-02-01,18.76,1
44352796,28,2024-02-08,87.61,3
44357561,18,2024-02-08,3.96,1
44363119,14,2024-02-06,37.70,1
44366118,14,2024-02-07,19.34,2
44375192,28,2024-02-03,18.44,2
44380222,1,2024-02-03,16.25,2
44385323,17,2024-02-05,12.20,2
44389756,2,2024-02-03,75.65,3
44397628,10,2024-02-06,1.53,1
44399430,1,2024-02-06,42.84,4
44402964,4,2024-02-09,31.86,2
44432559,17,2024-02-01,44.86,4
44448811,7,2024-02-10,96.80,4
44466199,12,2024-02-10,85.81,4
44472608,2,2024-02-05,20.01,3
44499433,20,2024-02-01,1.53,1
44510552,14,2024-02-01,40.88,2
44512930,9,2024-02-05,34.35,2
44543628,29,2024-02-08,26.07,2
44555568,7,2024-02-09,51.63,5
44570976,20,2024-02-05,94.05,5
44581564,8,2024-02-04,62.44,2
44595972,28,2024-02-06,6.18,1
44621869,22,2024-02-02,82.48,3
44635486,23,2024-02-02,84.94,4
44636359,18,2024-02-03,83.93,5
44641802,19,2024-02-04,30.89,5
44644388,12,2024-02-08,58.33,4
44654136,25,2024-02-01,26.24,1
44682118,4,2024-02-02,55.96,3
44695392,10,2024-02-09,29.13,3
44697897,12,2024-02-09,48.64,3
44705033,23,2024-02-06,54.55,3
44722805,21,2024-02-02,0.00,0
44723981,8,2024-02-01,0.00,0
44725603,23,2024-02-06,40.44,3
44736037,9,2024-02-07,62.69,4
44737320,22,2024-02-08,82.14,5
44747792,27,2024-02-01,67.07,4
44759483,24,2024-02-02,31.65,1
44760831,30,2024-02-04,19.69,3
44774493,14,2024-02-08,115.01,5
44779392,1,2024-02-04,27.68,3
44792574,25,2024-02-04,37.14,2
44804794,7,2024-02-01,27.37,2
44807180,2,2024-02-02,38.93,2
44807508,6,2024-02-01,13.02,1
44816458,27,2024-02-09,54.82,3
44831967,13,2024-02-06,66.31,4
44833424,16,2024-02-04,119.07,5
44836598,27,2024-02-10,47.21,3
44842810,4,2024-02-01,67.55,3
44848551,22,2024-02-06,46.77,3
44850753,26,2024-02-01,12.92,2
44854630,21,2024-02-08,58.21,4
44861245,15,2024-02-03,103.21,5
44875481,26,2024-02-02,19.68,1
44914154,4,2024-02-01,28.14,3
44924540,20,2024-02-06,37.08,2
44951214,13,2024-02-05,61.88,3
44967559,12,2024-02-10,8.95,2
44968836,18,2024-02-06,35.84,3
44969417,6,2024-02-02,41.86,3
44995528,6,2024-02-10,42.14,3
45004709,4,2024-02-06,25.91,2
45004872,15,2024-02-01,31.83,3
45011369,18,2024-02-10,101.54,5
45015021,25,2024-02-10,93.77,5
45015629,3,2024-02-08,67.98,4
45016041,9,2024-02-05,76.41,5
45019525,4,2024-02-02,25.99,2
45044042,18,2024-02-09,0.00,0
45054608,1,2024-02-01,35.03,2
45056732,9,2024-02-06,35.53,3
45057811,25,2024-02-02,31.64,5
45062617,22,2024-02-09,23.90,2
45066360,10,2024-02-09,69.09,3
45083276,27,2024-02-01,22.08,2
45092321,13,2024-02-08,16.33,2
45098165,25,2024-02-09,6.33,1
45103110,13,2024-02-01,55.12,2
45144954,6,2024-02-09,85.18,5
45144960,4,2024-02-06,4.50,1
45152955,1,2024-02-02,60.82,2
45158567,28,2024-02-09,43.70,1
45164749,4,2024-02-02,43.50,2
45169358,21,2024-02-02,18.32,2
45213498,27,2024-02-04,21.58,2
45220815,19,2024-02-10,56.39,4
45269180,23,2024-02-02,54.37,3
45278240,3,2024-02-09,22.11,3
45279483,23,2024-02-09,12.36,1
45283601,22,2024-02-09,58.50,3
45286395,4,2024-02-06,37.10,1
45291398,15,2024-02-05,84.29,5
45315562,18,2024-02-08,45.19,3
45334647,15,2024-02-10,72.46,5
45334668,21,2024-02-04,51.46,5
45386031,26,2024-02-01,67.52,5
45408330,18,2024-02-09,90.62,3
45426325,30,2024-02-10,61.65,3
45428346,16,2024-02-01,24.99,3
45457993,17,2024-02-05,28.29,1
45482558,21,2024-02-06,4.53,1
45492266,19,2024-02-01,30.97,2
45496070,16,2024-02-01,6.51,1
45507449,27,2024-02-10,54.96,3
45522546,29,2024-02-03,19.68,1
45531447,21,2024-02-02,58.72,4
45537102,13,2024-02-02,39.18,3
45569212,27,2024-02-01,78.18,5
45575362,14,2024-02-10,7.96,1
45597055,3,2024-02-08,66.63,2
45601166,9,2024-02-09,22.89,5
45604840,26,2024-02-01,39.65,2
45611835,25,2024-02-01,72.05,3
45612236,12,2024-02-06,114.41,5
45630373,13,2024-02-05,57.40,4
45633225,30,2024-02-01,35.69,3
45640056,25,2024-02-10,54.03,3
45646747,20,2024-02-08,1.54,1
45649796,7,2024-02-10,65.21,3
45650705,8,2024-02-03,27.48,1
45652132,7,2024-02-08,95.49,5
45666274,1,2024-02-08,73.13,5
45669952,27,2024-02-02,0.00,0
45676249,26,2024-02-09,18.24,2
45681200,26,2024-02-08,43.16,2
45690614,28,2024-02-08,17.46,2
45709735,14,2024-02-06,4.09,1
45718694,2,2024-02-01,90.23,4
45726748,3,2024-02-04,121.65,5
45732419,26,2024-02-10,5.65,1
45746583,26,2024-02-04,55.27,3
45747997,18,2024-02-08,38.34,2
45750614,7,2024-02-10,57.64,5
45755143,11,2024-02-10,25.79,2
45763654,21,2024-02-10,71.33,4
45773276,2,2024-02-06,55.67,4
45789084,29,2024-02-08,45.24,3
45807757,21,2024-02-08,40.78,3
45809352,5,2024-02-02,7.92,1
45824268,25,2024-02-01,3.08,1
45831122,23,2024-02-08,1.53,1
45837005,11,2024-02-03,17.97,2
45838340,8,2024-02-05,25.30,3
45841416,26,2024-02-09,83.79,5
45846560,12,2024-02-04,61.70,3
45855705,27,2024-02-02,81.95,3
45860586,28,2024-02-01,76.10,4
45876377,30,2024-02-06,85.73,3
45882089,20,2024-02-04,35.21,2
45883869,24,2024-02-08,17.34,1
45898587,8,2024-02-09,22.60,1
45901453,25,2024-02-08,90.55,5
45938429,5,2024-02-02,22.57,2
45943555,18,2024-02-03,39.56,3
45946608,12,2024-02-01,30.01,2
45963205,14,2024-02-09,2.76,2
45972440,17,2024-02-01,51.63,4
45978278,6,2024-02-06,57.56,5
45979044,29,2024-02-02,82.84,5
45985195,24,2024-02-02,78.20,4
45995533,26,2024-02-10,70.33,3
45995693,5,2024-02-06,69.13,5
46025065,30,2024-02-02,38.37,5
46037964,3,2024-02-10,6.56,1
46038280,28,2024-02-06,88.55,3
46056560,14,2024-02-06,47.15,1
46061997,24,2024-02-01,42.50,3
46073310,5,2024-02-02,25.32,1
46085488,16,2024-02-01,47.79,2
46115445,26,2024-02-10,84.03,4
46117435,3,2024-02-06,7.55,1
46119139,10,2024-02-04,33.02,2
46128228,3,2024-02-01,10.54,2
46132654,29,2024-02-10,97.38,4
46137745,23,2024-02-09,36.62,4
46144134,22,2024-02-02,81.21,5
46146041,13,2024-02-03,24.31,2
46154061,9,2024-02-06,79.07,5
46168106,25,2024-02-09,68.28,5
46183162,26,2024-02-02,30.88,4
46183384,28,2024-02-01,15.52,2
46187102,8,2024-02-09,41.90,1
46191523,23,2024-02-01,57.95,3
46193624,23,2024-02-02,28.29,1
46194196,11,2024-02-02,41.38,2
46201565,19,2024-02-01,21.65,3
46210826,1,2024-02-06,43.48,3
46235049,11,2024-02-09,61.64,3
46250658,2,2024-02-04,45.13,2
46251120,23,2024-02-08,50.28,2
46251737,20,2024-02-08,46.42,5
46258312,8,2024-02-04,41.98,2
46274326,13,2024-02-04,59.47,3
46274867,26,2024-02-01,28.90,1
46275701,13,2024-02-10,23.07,2
46293917,4,2024-02-01,71.48,3
46312552,15,2024-02-08,41.57,2
46315483,17,2024-02-02,104.07,5
46327694,10,2024-02-09,5.51,2
46328154,5,2024-02-10,31.77,3
46347274,1,2024-02-09,74.46,4
46358344,9,2024-02-06,104.02,4
46364102,14,2024-02-02,56.72,4
46366194,22,2024-02-04,80.33,4
46379437,19,2024-02-02,83.91,5
46411406,24,2024-02-06,63.67,5
46434126,12,2024-02-02,38.73,2
46439681,29,2024-02-02,37.64,2
46440765,23,2024-02-03,27.04,3
46446972,3,2024-02-10,75.39,4
46453494,29,2024-02-09,63.07,2
46455993,17,2024-02-01,118.62,5
46458212,29,2024-02-06,69.24,5
46461718,28,2024-02-02,18.74,1
46493025,12,2024-02-09,62.87,4
46504146,1,2024-02-04,54.08,3
46509807,21,2024-02-08,36.28,2
46523901,30,2024-02-08,7.91,2
46529627,28,2024-02-03,34.72,2
46538248,9,2024-02-04,46.72,3
46541282,7,2024-02-03,34.62,2
46566014,3,2024-02-06,48.17,3
46586633,9,2024-02-02,9.27,1
46608523,7,2024-02-08,78.62,3
46624786,11,2024-02-08,39.09,3
46628632,22,2024-02-08,40.54,4
46629918,21,2024-02-02,15.92,1
46631211,22,2024-02-09,23.47,2
46634367,25,2024-02-09,103.51,4
46646107,9,2024-02-10,23.16,2
46647042,25,2024-02-10,51.82,4
46655167,29,2024-02-10,20.16,2
46670681,10,2024-02-06,43.22,3
46681531,5,2024-02-06,61.70,3
46706626,11,2024-02-01,109.37,5
46707471,6,2024-02-01,82.06,4
46711082,17,2024-02-01,20.06,3
46721233,19,2024-02-02,19.50,2
46732932,30,2024-02-08,36.75,2
46747063,14,2024-02-02,14.59,2
46763162,1,2024-02-05,20.27,2
46766476,22,2024-02-04,39.76,5
46781897,6,2024-02-08,76.52,4
46783561,27,2024-02-08,82.95,5
46787097,4,2024-02-10,33.55,3
46796434,14,2024-02-04,37.92,3
46797765,10,2024-02-08,47.01,2
46798273,4,2024-02-06,58.53,3
46799324,25,2024-02-01,7.25,2
46807811,20,2024-02-03,1.98,1
46837606,25,2024-02-09,59.73,5
46844307,4,2024-02-04,22.26,1
46868771,7,2024-02-06,55.07,4
46878581,13,2024-02-05,7.54,1
46892922,26,2024-02-06,46.36,2
46919293,19,2024-02-08,16.95,1
46925684,18,2024-02-01,33.26,2
46927686,28,2024-02-08,51.41,2
46932526,25,2024-02-06,4.50,1
46953711,12,2024-02-01,50.71,2
46955186,4,2024-02-06,27.77,2
47000550,22,2024-02-09,19.68,1
47022903,13,2024-02-01,31.57,3
47027450,29,2024-02-06,51.17,3
47038714,2,2024-02-03,38.69,3
47040287,26,2024-02-10,10.97,2
47046091,17,2024-02-10,6.18,1
47052181,23,2024-02-04,103.43,4
47053299,23,2024-02-02,69.45,2
47056198,20,2024-02-02,30.81,2
47069937,14,2024-02-06,81.89,4
47074951,26,2024-02-01,77.75,5
47085753,23,2024-02-09,6.51,1
47087751,13,2024-02-10,19.26,2
47130862,20,2024-02-06,25.68,1
47132663,11,2024-02-01,76.64,4
47135112,10,2024-02-10,63.77,3
47135495,12,2024-02-05,48.98,3
47138654,7,2024-02-06,66.78,5
47154505,13,2024-02-05,103.62,5
47161102,25,2024-02-01,8.84,2
47174890,25,2024-02-02,116.64,5
47184004,2,2024-02-10,62.49,2
47187178,4,2024-02-01,45.24,2
47189835,19,2024-02-02,31.65,1
47197224,23,2024-02-05,32.40,2
47217904,2,2024-02-10,0.00,0
47219123,6,2024-02-10,44.19,3
47243839,28,2024-02-08,83.28,4
47245622,16,2024-02-09,37.70,1
47246889,1,2024-02-01,27.44,2
47251101,15,2024-02-03,25.40,2
47254447,29,2024-02-02,69.28,3
47257376,20,2024-02-04,8.56,1
47258208,2,2024-02-05,133.88,4
47267430,24,2024-02-06,12.27,1
47270893,30,2024-02-01,40.69,4
47275151,30,2024-02-01,69.93,4
47278644,26,2024-02-04,25.55,2
47290675,6,2024-02-08,88.88,5
47298561,29,2024-02-04,31.18,2
47299572,26,2024-02-08,4.28,1
47328647,1,2024-02-06,26.48,4
47338541,16,2024-02-09,47.37,4
47338592,24,2024-02-01,100.55,5
47345922,8,2024-02-01,52.01,3
47350066,3,2024-02-04,73.92,5
47354131,5,2024-02-06,17.12,1
47360491,1,2024-02-06,45.94,4
47380033,27,2024-02-02,6.56,1
47381960,8,2024-02-01,19.97,2
47412581,1,2024-02-06,64.20,4
47420117,17,2024-02-09,15.88,1
47438179,30,2024-02-01,80.13,3
47471468,11,2024-02-02,62.02,5
47475373,29,2024-02-09,60.29,4
47478852,25,2024-02-02,74.68,4
47480609,23,2024-02-10,32.80,1
47508976,6,2024-02-08,35.80,2
47527588,12,2024-02-02,55.18,5
47555097,7,2024-02-10,6.29,1
47565644,2,2024-02-06,6.51,1
47571824,17,2024-02-05,22.78,3
47577814,7,2024-02-02,35.03,3
47586793,13,2024-02-02,20.18,2
47594785,10,2024-02-01,1.53,1
47609479,29,2024-02-09,78.01,4
47611888,23,2024-02-10,90.00,5
47654403,17,2024-02-01,60.74,3
47685906,5,2024-02-02,6.12,1
47696074,1,2024-02-06,68.44,4
47703239,23,2024-02-08,77.02,5
47717487,1,2024-02-04,65.33,4
47723380,21,2024-02-06,70.43,5
47729234,26,2024-02-10,23.45,1
47730337,13,2024-02-01,22.74,2
47742550,26,2024-02-06,110.45,5
47752360,22,2024-02-10,59.23,3
47755663,20,2024-02-05,20.24,3
47755679,21,2024-02-09,61.42,4
47774196,23,2024-02-04,6.33,1
47777364,15,2024-02-02,14.60,2
47802246,19,2024-02-06,15.72,2
47812968,11,2024-02-05,35.05,2
47815459,6,2024-02-02,34.24,1
47838816,5,2024-02-06,4.09,1
47841881,30,2024-02-08,33.48,3
47846950,18,2024-02-06,53.19,3
47859451,10,2024-02-08,78.18,4
47868180,11,2024-02-09,15.35,2
47895218,26,2024-02-08,27.48,1
47895314,21,2024-02-09,37.05,1
47899181,30,2024-02-06,37.50,3
47900184,1,2024-02-02,106.37,4
47907606,29,2024-02-03,73.07,5
47917487,7,2024-02-08,3.06,1
47944842,1,2024-02-08,62.71,4
47948013,24,2024-02-02,138.16,5
47978626,8,2024-02-04,54.95,4
47980810,8,2024-02-02,61.55,3
48024353,14,2024-02-05,68.90,4
48036988,6,2024-02-02,121.35,5
48051883,1,2024-02-08,38.84,2
48083748,29,2024-02-10,72.03,4
48089116,17,2024-02-08,77.92,4
48098872,2,2024-02-09,39.98,3
48104857,21,2024-02-10,77.45,2
48110425,29,2024-02-02,21.05,1
48114660,9,2024-02-10,80.87,5
48118344,10,2024-02-01,55.87,3
48119802,14,2024-02-02,5.65,1
48129457,24,2024-02-05,32.80,1
48132532,2,2024-02-01,106.05,4
48135461,19,2024-02-02,5.94,1
48153295,16,2024-02-04,91.92,5
48154767,17,2024-02-02,50.05,3
48164023,27,2024-02-01,76.25,5
48169501,10,2024-02-01,39.99,3
48172597,28,2024-02-06,97.07,4
48173840,16,2024-02-10,60.99,2
48181704,6,2024-02-09,2.04,1
48198311,13,2024-02-09,44.32,2
48223359,19,2024-02-04,55.76,5
48235087,27,2024-02-01,28.56,2
48242503,4,2024-02-01,40.58,2
48242558,25,2024-02-01,33.60,2
48246861,14,2024-02-08,15.92,1
48247303,11,2024-02-10,24.35,1
48247608,18,2024-02-09,52.46,2
48254333,22,2024-02-04,39.95,4
48255076,17,2024-02-05,83.89,5
48258061,17,2024-02-02,46.85,1
48260588,11,2024-02-01,8.38,1
48271111,8,2024-02-09,37.10,1
48281125,22,2024-02-08,33.79,2
48300589,2,2024-02-09,17.42,2
48306263,30,2024-02-08,107.33,4
48318214,14,2024-02-06,100.16,4
48320251,9,2024-02-10,56.69,4
48323521,2,2024-02-01,100.95,5
48326295,13,2024-02-06,60.00,3
48328823,15,2024-02-02,24.42,2
48329350,4,2024-02-09,51.70,5
48333057,18,2024-02-01,61.43,3
48344213,13,2024-02-04,12.66,1
48347231,30,2024-02-09,8.25,2
48348702,11,2024-02-10,59.08,3
48361585,11,2024-02-02,56.04,4
48373170,16,2024-02-04,60.53,3
48375558,1,2024-02-02,90.55,2
48390215,28,2024-02-01,90.67,4
48397219,25,2024-02-09,59.17,4
48406416,23,2024-02-10,0.00,0
48424519,10,2024-02-09,2.55,1
48429246,23,2024-02-10,61.54,5
48429740,16,2024-02-06,46.51,5
48431889,20,2024-02-08,58.94,5
48433045,16,2024-02-08,72.56,3
48446226,14,2024-02-02,67.33,5
48448361,28,2024-02-10,30.52,3
48450417,25,2024-02-02,23.52,2
48468608,29,2024-02-09,73.85,3
48491394,23,2024-02-06,32.78,3
48500930,22,2024-02-09,8.93,2
48506035,26,2024-02-06,47.31,2
48523595,29,2024-02-01,27.45,3
48527512,26,2024-02-01,60.78,3
48528245,29,2024-02-05,26.24,1
48545121,2,2024-02-09,46.60,2
48583349,5,2024-02-09,89.23,5
48588918,28,2024-02-03,1.54,1
48592932,28,2024-02-05,34.87,2
48602425,14,2024-02-03,0.00,0
48604186,3,2024-02-06,4.48,2
48609713,11,2024-02-06,19.90,1
48619694,3,2024-02-09,7.26,1
48627798,21,2024-02-01,45.57,3
48635262,11,2024-02-02,13.49,3
48644768,28,2024-02-01,1.53,1
48647870,25,2024-02-01,73.45,4
48674900,17,2024-02-05,52.85,3
48679885,22,2024-02-02,5.94,1
48711415,18,2024-02-01,85.86,5
48712652,29,2024-02-09,90.61,4
48714134,30,2024-02-01,26.22,1
48734618,2,2024-02-02,99.43,4
48743225,9,2024-02-10,103.62,5
48752716,13,2024-02-07,8.28,2
48781928,5,2024-02-09,10.89,1
48783130,25,2024-02-06,25.57,2
48796867,15,2024-02-04,29.15,5
48800069,12,2024-02-06,24.66,2
48811292,3,2024-02-02,66.42,5
48834261,23,2024-02-06,35.43,3
48842337,25,2024-02-06,19.89,2
48866481,6,2024-02-01,12.27,1
48866924,24,2024-02-10,38.72,2
48867843,20,2024-02-09,47.18,3
48900872,2,2024-02-03,48.45,4
48904978,23,2024-02-01,29.68,1
48913565,9,2024-02-10,25.32,1
48924061,20,2024-02-06,48.10,2
48936797,16,2024-02-08,20.79,3
48952052,21,2024-02-09,32.18,3
48971249,15,2024-02-05,30.73,3
48985104,30,2024-02-02,65.85,4
48987570,18,2024-02-02,40.05,4
49014938,7,2024-02-06,59.06,2
49033919,13,2024-02-10,43.64,2
49036336,3,2024-02-06,22.26,1
49037414,17,2024-02-09,129.54,5
49037767,10,2024-02-09,57.66,3
49043624,11,2024-02-02,51.67,4
49043805,2,2024-02-05,63.27,5
49062555,6,2024-02-01,47.15,1
49066787,6,2024-02-09,108.03,5
49103728,1,2024-02-04,99.28,4
49108323,9,2024-02-06,19.20,2
49116735,11,2024-02-08,9.16,1
49118057,9,2024-02-08,16.07,3
49139196,4,2024-02-10,5.65,1
49141225,24,2024-02-10,44.34,5
49158357,30,2024-02-08,40.79,3
49181174,6,2024-02-03,21.40,1
49187693,23,2024-02-08,22.94,2
49209849,19,2024-02-01,56.07,3
49215335,12,2024-02-08,1.79,1
49219893,26,2024-02-06,50.05,3
49227383,8,2024-02-05,13.02,1
49228913,19,2024-02-06,0.00,0
49233660,5,2024-02-01,6.67,2
49240864,29,2024-02-02,12.78,2
49255253,3,2024-02-02,50.17,5
49266905,17,2024-02-06,109.13,4
49270353,25,2024-02-01,7.70,1
49270612,11,2024-02-04,70.59,5
49271091,21,2024-02-02,51.28,2
49271322,14,2024-02-08,19.48,1
49281551,24,2024-02-01,108.87,3
49314313,13,2024-02-02,83.60,4
49315010,19,2024-02-01,39.80,1
49318959,22,2024-02-08,4.21,1
49320345,18,2024-02-06,68.74,4
49341593,7,2024-02-02,62.42,4
49342132,5,2024-02-05,30.16,1
49345395,30,2024-02-10,72.98,3
49354428,13,2024-02-06,2.25,1
49356329,14,2024-02-06,88.78,4
49359210,20,2024-02-06,33.52,1
49361439,17,2024-02-04,52.46,2
49367833,1,2024-02-03,18.87,1
49375065,26,2024-02-06,15.73,2
49379707,16,2024-02-08,50.85,2
49383674,12,2024-02-10,17.48,1
49395635,10,2024-02-03,26.78,2
49398120,27,2024-02-02,93.52,4
49405261,21,2024-02-01,58.21,3
49420979,5,2024-02-02,1.79,1
49425772,3,2024-02-01,54.79,2
49427098,11,2024-02-03,36.62,3
49431618,30,2024-02-01,13.91,2
49440453,22,2024-02-01,10.89,3
49443504,7,2024-02-06,47.01,4
49448420,29,2024-02-01,25.26,2
49466951,14,2024-02-04,45.19,4
49477673,30,2024-02-09,46.39,5
49482425,22,2024-02-10,77.15,4
49490844,7,2024-02-01,39.54,2
49512103,26,2024-02-06,135.59,5
49518638,15,2024-02-05,38.91,3
49518711,5,2024-02-03,38.42,3
49547445,5,2024-02-02,16.32,2
49553833,9,2024-02-10,45.02,2
49561442,7,2024-02-08,55.63,3
49561464,24,2024-02-04,103.70,5
49565148,19,2024-02-08,33.11,3
49571525,20,2024-02-08,61.59,4
49574639,24,2024-02-02,32.81,3
49578746,15,2024-02-08,55.30,3
49581548,1,2024-02-04,39.41,4
49582669,27,2024-02-06,67.17,3
49590131,20,2024-02-01,0.00,0
49592552,9,2024-02-08,117.04,4
49593638,17,2024-02-02,38.33,2
49596379,16,2024-02-06,57.52,4
49625576,22,2024-02-09,13.83,2
49625762,9,2024-02-05,69.72,4
49676227,12,2024-02-05,10.89,1
49689116,28,2024-02-10,28.39,2
49689951,28,2024-02-02,106.27,4
49691528,14,2024-02-06,120.52,5
49696771,26,2024-02-06,78.92,3
49704393,23,2024-02-01,23.30,3
49713033,28,2024-02-01,11.94,1
49713964,13,2024-02-02,28.38,2
49719310,23,2024-02-05,69.75,2
49730435,1,2024-02-10,50.89,2
49753043,3,2024-02-01,39.29,4
49756724,28,2024-02-05,48.58,2
49763754,18,2024-02-05,60.34,3
49767501,13,2024-02-06,28.68,4
49774648,3,2024-02-04,70.33,4
49805630,26,2024-02-06,95.85,3
49805889,5,2024-02-03,55.76,5
49812532,18,2024-02-01,28.25,1
49817854,23,2024-02-01,99.51,5
49852341,28,2024-02-10,14.61,1
49886782,30,2024-02-10,18.99,1
49901961,13,2024-02-01,27.32,2
49902973,29,2024-02-04,18.01,2
49903337,30,2024-02-05,25.14,2
49904682,21,2024-02-06,30.08,3
49918939,9,2024-02-02,55.47,3
49926243,23,2024-02-02,40.09,3
49947592,19,2024-02-06,46.79,5
49952017,3,2024-02-06,40.74,3
49960541,14,2024-02-06,72.68,4
49965760,16,2024-02-10,24.05,2
50004650,18,2024-02-01,9.87,1
50019474,21,2024-02-06,24.35,1
50026981,27,2024-02-04,9.44,1
50057544,2,2024-02-06,73.16,4
50059174,13,2024-02-03,66.13,4
50080033,22,2024-02-08,2.55,1
50082508,29,2024-02-02,8.18,1
50119630,20,2024-02-08,12.66,1
50122586,12,2024-02-09,38.34,5
50165543,27,2024-02-05,99.83,5
50171801,1,2024-02-09,57.37,3
50172485,3,2024-02-05,25.16,1
50172715,2,2024-02-01,22.10,4
50174526,13,2024-02-10,75.76,5
50179729,13,2024-02-09,0.00,0
50210910,6,2024-02-08,23.86,2
50221510,15,2024-02-06,82.50,4
50229801,2,2024-02-04,39.00,3
50237059,23,2024-02-08,55.62,3
50241098,15,2024-02-05,35.87,3
50253932,23,2024-02-01,40.79,3
50265816,8,2024-02-10,40.14,4
50275718,27,2024-02-06,6.67,2
50325837,2,2024-02-08,45.40,2
50332029,30,2024-02-01,57.97,5
50335598,26,2024-02-02,86.62,5
50337864,8,2024-02-05,92.13,4
50350776,14,2024-02-02,12.28,3
50368760,7,2024-02-06,25.14,1
50375793,30,2024-02-10,40.09,3
50387315,5,2024-02-06,32.92,3
50394311,18,2024-02-02,81.96,4
50453816,16,2024-02-01,16.98,2
50493880,1,2024-02-05,21.40,1
50502726,1,2024-02-09,42.78,4
50507765,2,2024-02-09,21.69,2
50559879,12,2024-02-10,24.91,2
50563961,17,2024-02-06,3.02,1
50589810,24,2024-02-06,82.35,3
50597174,29,2024-02-08,28.14,3
50607541,23,2024-02-03,58.29,5
50610744,14,2024-02-09,107.52,5
50618477,2,2024-02-09,31.06,2
50634458,23,2024-02-02,97.12,5
50666724,27,2024-02-02,44.89,2
50712094,17,2024-02-02,77.92,5
50720969,6,2024-02-01,66.55,4
50722273,11,2024-02-01,48.43,3
50723506,3,2024-02-05,20.65,2
50724564,2,2024-02-01,0.00,0
50730144,27,2024-02-10,25.32,2
50744132,19,2024-02-01,13.72,3
50758596,20,2024-02-08,16.30,2
50765610,3,2024-02-01,68.68,3
50769319,27,2024-02-01,34.86,2
50775781,28,2024-02-06,48.45,2
50780446,25,2024-02-09,70.81,4
50791100,12,2024-02-06,45.80,1
50798511,26,2024-02-09,9.16,1
50822243,23,2024-02-08,26.04,1
50822763,28,2024-02-06,53.95,2
50838810,14,2024-02-04,32.57,3
50856293,24,2024-02-01,89.18,5
50857071,22,2024-02-10,48.86,4
50864131,22,2024-02-06,0.00,0
50873482,13,2024-02-06,39.96,2
50884920,5,2024-02-09,8.93,2
50886077,14,2024-02-01,21.05,1
50895280,29,2024-02-03,5.65,1
50901654,26,2024-02-05,26.89,2
50905197,23,2024-02-05,9.37,1
50906249,15,2024-02-08,79.38,2
50924411,22,2024-02-01,16.12,2
50930063,3,2024-02-03,13.00,2
50947870,2,2024-02-10,9.22,2
50982728,21,2024-02-03,62.84,3
50988769,8,2024-02-09,49.68,4
51015538,24,2024-02-02,46.98,5
51030990,5,2024-02-03,45.39,3
51031149,27,2024-02-01,19.14,3
51045442,6,2024-02-01,42.80,1
51046460,26,2024-02-08,53.33,4
51052598,6,2024-02-05,16.76,1
51055243,10,2024-02-06,78.38,5
51061006,2,2024-02-01,49.16,5
51061316,20,2024-02-06,8.74,1
51066912,1,2024-02-04,94.18,5
51074263,5,2024-02-09,19.68,1
51078817,12,2024-02-09,53.41,3
51087656,22,2024-02-06,36.33,3
51100723,16,2024-02-02,88.42,4
51106888,4,2024-02-10,53.75,3
51134619,28,2024-02-01,12.01,2
51152872,13,2024-02-09,36.63,3
51171018,1,2024-02-10,43.09,2
51194115,22,2024-02-04,66.76,5
51215324,6,2024-02-02,10.72,2
51221881,10,2024-02-01,78.61,4
51233212,28,2024-02-10,30.25,2
51299270,19,2024-02-09,75.60,3
51316910,12,2024-02-05,36.05,3
51332675,25,2024-02-03,79.40,5
51344830,1,2024-02-10,65.76,3
51354224,21,2024-02-09,44.22,5
51368001,25,2024-02-08,39.72,2
51385046,28,2024-02-10,0.00,0
51389459,10,2024-02-01,0.00,0
51408141,2,2024-02-10,91.44,3
51409421,18,2024-02-05,16.36,1
51433483,6,2024-02-08,49.75,1
51438456,5,2024-02-06,49.98,4
51448536,26,2024-02-10,1.54,1
51454316,1,2024-02-01,72.02,4
51454825,30,2024-02-06,61.41,3
51458074,17,2024-02-06,36.27,3
51462895,13,2024-02-02,63.75,3
51483742,17,2024-02-09,23.60,1
51485682,28,2024-02-05,1.51,1
51517302,24,2024-02-02,7.68,2
51529255,1,2024-02-09,32.04,2
51533852,12,2024-02-01,15.08,1
51564137,12,2024-02-05,82.58,4
51564461,4,2024-02-01,77.64,5
51574673,25,2024-02-09,107.94,5
51575769,21,2024-02-01,67.88,2
51575835,5,2024-02-03,47.15,1
51579452,26,2024-02-02,59.70,2
51580673,23,2024-02-08,81.16,3
51607106,4,2024-02-05,62.85,5
51611709,29,2024-02-02,31.92,3
51614543,16,2024-02-03,11.81,2
51636778,13,2024-02-08,16.76,1
51642489,6,2024-02-08,30.31,4
51685818,15,2024-02-08,70.13,3
51689943,27,2024-02-01,41.16,3
51709365,7,2024-02-08,47.67,2
51726751,5,2024-02-06,0.00,0
51728849,3,2024-02-10,1.51,1
51757905,28,2024-02-09,51.67,4
51774785,12,2024-02-05,9.98,2
51786578,16,2024-02-01,60.94,4
51793104,15,2024-02-02,18.86,1
51793909,5,2024-02-04,27.34,2
51804339,17,2024-02-10,64.81,4
51806341,30,2024-02-05,8.56,1
51812953,4,2024-02-04,24.14,2
51815604,15,2024-02-09,75.03,4
51838942,11,2024-02-10,62.19,5
51851262,24,2024-02-01,15.88,1
51864722,5,2024-02-05,58.44,4
51889364,15,2024-02-01,80.56,4
51894829,26,2024-02-01,76.53,4
51899333,26,2024-02-04,36.19,3
51908272,26,2024-02-10,40.30,2
51919361,3,2024-02-08,54.86,3
51925223,8,2024-02-01,47.29,3
51933721,26,2024-02-01,68.87,5
51986507,22,2024-02-08,17.12,1
51993699,1,2024-02-08,42.08,4
52002850,15,2024-02-10,3.06,1
52003124,7,2024-02-01,41.15,3
52009203,6,2024-02-09,30.42,2
52009526,11,2024-02-08,35.81,3
52029767,8,2024-02-03,28.46,2
52034769,28,2024-02-10,88.51,5
52036406,30,2024-02-09,33.48,2
52058542,1,2024-02-06,78.93,5
52067704,25,2024-02-04,42.52,2
52107246,5,2024-02-04,91.91,4
52115256,21,2024-02-06,27.23,4
52127556,8,2024-02-02,92.37,3
52128285,25,2024-02-08,27.90,2
52141639,14,2024-02-09,25.66,2
52156064,16,2024-02-01,25.90,2
52165232,5,2024-02-04,49.84,5
52177399,15,2024-02-01,19.33,2
52194649,26,2024-02-09,74.22,4
52206643,21,2024-02-10,89.95,2
52219116,18,2024-02-02,49.55,3
52225735,12,2024-02-05,77.89,4
52246680,1,2024-02-06,26.17,2
52248468,15,2024-02-03,48.91,3
52251028,11,2024-02-04,99.84,4
52258986,23,2024-02-06,92.02,4
52279456,19,2024-02-08,37.48,1
52280719,12,2024-02-04,11.96,2
52302018,25,2024-02-10,48.91,4
52313792,19,2024-02-09,27.48,1
52323252,12,2024-02-09,15.88,1
52324465,15,2024-02-01,53.87,4
52332475,3,2024-02-06,20.74,2
52333164,16,2024-02-10,22.11,3
52338852,2,2024-02-02,81.09,5
52353077,27,2024-02-10,62.05,2
52359604,16,2024-02-01,18.76,1
52360802,18,2024-02-06,89.70,5
52363221,18,2024-02-06,63.94,2
52367246,16,2024-02-02,7.55,1
52393101,10,2024-02-03,25.92,2
52393853,18,2024-02-01,13.01,2
52410961,19,2024-02-09,16.95,1
52427703,14,2024-02-10,4.09,1
52458118,4,2024-02-05,51.65,3
52463478,15,2024-02-06,21.05,4
52474088,6,2024-02-10,106.82,4
52489144,27,2024-02-08,47.96,3
52492575,4,2024-02-10,18.93,2
52527159,16,2024-02-04,26.69,2
52534025,16,2024-02-09,92.20,5
52543792,8,2024-02-03,6.75,1
52546509,2,2024-02-02,12.39,2
52554139,16,2024-02-09,43.70,1
52563696,3,2024-02-01,88.02,5
52572203,3,2024-02-02,8.18,1
52598472,29,2024-02-09,5.65,1
52604640,17,2024-02-08,52.00,5
52618136,22,2024-02-03,39.54,3
52630470,30,2024-02-01,14.16,1
52652421,10,2024-02-01,30.61,4
52670854,8,2024-02-06,130.35,4
52695101,19,2024-02-05,11.25,1
52696261,7,2024-02-05,105.54,5
52700962,6,2024-02-06,73.45,4
52714269,12,2024-02-01,31.42,4
52716458,16,2024-02-03,28.19,3
52735308,5,2024-02-02,81.36,5
52757262,8,2024-02-01,63.32,4
52761326,8,2024-02-10,42.80,2
52770893,19,2024-02-09,26.69,3
52817999,29,2024-02-09,12.66,1
52834340,4,2024-02-04,21.67,3
52838759,11,2024-02-08,87.58,3
52886470,9,2024-02-08,118.31,5
52891556,29,2024-02-04,46.11,3
52897877,25,2024-02-05,42.28,4
52898831,1,2024-02-05,58.82,3
52914155,22,2024-02-08,50.21,4
52919599,9,2024-02-09,64.54,4
52939710,20,2024-02-01,17.34,1
52943348,9,2024-02-05,39.38,3
52944040,28,2024-02-06,29.63,2
52955416,21,2024-02-05,18.85,3
52973322,24,2024-02-04,54.81,5
52979745,6,2024-02-09,33.64,3
52987594,24,2024-02-01,6.04,1
52990785,22,2024-02-06,28.29,1
53006035,1,2024-02-02,34.67,2
53007182,2,2024-02-04,18.99,1
53018470,1,2024-02-01,9.58,2
53020872,1,2024-02-01,18.87,1
53028922,28,2024-02-02,43.38,5
53067164,12,2024-02-02,37.72,1
53069086,13,2024-02-06,15.39,2
53076501,28,2024-02-04,43.37,4
53081381,9,2024-02-02,32.80,1
53085411,4,2024-02-10,82.19,5
53095847,11,2024-02-09,93.76,3
53134472,15,2024-02-06,12.90,2
53137639,10,2024-02-06,53.25,3
53142871,17,2024-02-04,1.54,1
53161493,6,2024-02-09,26.40,2
53177129,9,2024-02-04,62.71,2
53191462,28,2024-02-02,3.62,1
53197811,5,2024-02-03,55.42,3
53198405,10,2024-02-10,117.22,4
53205780,6,2024-02-10,21.10,3
53218060,9,2024-02-06,19.26,2
53229973,7,2024-02-09,9.38,1
53243539,6,2024-02-05,60.21,3
53243560,6,2024-02-02,18.74,1
53260658,5,2024-02-01,47.76,3
53266687,26,2024-02-10,1.98,1
53267775,9,2024-02-02,7.96,1
53271679,14,2024-02-02,10.86,1
53271945,3,2024-02-09,88.43,5
53288983,10,2024-02-10,0.00,0
53295233,17,2024-02-06,53.94,2
53304928,29,2024-02-02,14.64,2
53307948,22,2024-02-09,84.95,5
53329366,11,2024-02-05,84.16,5
53332114,6,2024-02-06,41.82,3
53351856,11,2024-02-09,44.56,2
53357164,18,2024-02-08,5.65,1
53363355,7,2024-02-01,25.99,3
53384565,19,2024-02-01,97.76,5
53384817,8,2024-02-09,61.75,2
53408869,19,2024-02-04,7.65,1
53415844,25,2024-02-02,37.72,1
53431376,30,2024-02-06,65.29,3
53433059,24,2024-02-06,17.34,1
53438855,6,2024-02-04,63.16,5
53439991,5,2024-02-06,9.27,1
53441384,18,2024-02-06,43.80,3
53450469,6,2024-02-01,50.34,4
53462139,13,2024-02-01,7.94,1
53477213,3,2024-02-06,18.81,2
53486112,14,2024-02-02,24.66,2
53489006,8,2024-02-06,0.00,0
53491999,9,2024-02-08,44.84,5
53494368,4,2024-02-09,28.46,4
53503102,18,2024-02-01,20.76,2
53506752,3,2024-02-09,0.00,0
53508246,25,2024-02-06,45.96,5
53533555,17,2024-02-08,32.08,3
53533713,19,2024-02-09,89.88,3
53542902,16,2024-02-06,45.37,3
53552937,22,2024-02-08,71.29,4
53553253,24,2024-02-06,65.00,2
53559287,18,2024-02-08,26.00,2
53568958,22,2024-02-04,105.32,4
53587126,7,2024-02-10,54.80,3
53627083,16,2024-02-08,25.68,1
53629810,17,2024-02-02,29.77,4
53647307,16,2024-02-05,44.16,4
53648026,20,2024-02-05,35.76,5
53649995,1,2024-02-06,63.94,2
53660952,11,2024-02-06,0.00,0
53687795,23,2024-02-01,11.14,2
53691115,5,2024-02-04,15.16,2
53696399,21,2024-02-10,34.51,2
53709959,19,2024-02-01,83.82,4
53731003,27,2024-02-09,120.50,5
53752822,10,2024-02-04,5.65,1
53758106,9,2024-02-06,88.94,4
53769805,8,2024-02-01,31.96,4
53781511,2,2024-02-09,49.67,4
53793936,7,2024-02-09,66.69,3
53795152,24,2024-02-08,5.65,1
53800513,7,2024-02-01,57.42,3
53824609,25,2024-02-09,1.54,1
53831233,14,2024-02-04,0.00,0
53853074,29,2024-02-01,29.70,2
53853348,12,2024-02-04,51.88,3
53856970,15,2024-02-09,13.85,2
53874953,18,2024-02-02,42.42,2
53880048,6,2024-02-05,67.61,5
53897608,6,2024-02-01,41.28,3
53917064,26,2024-02-01,9.74,1
53925085,12,2024-02-03,42.14,3
53928474,3,2024-02-02,38.32,3
53932279,8,2024-02-08,50.03,3
53935175,22,2024-02-08,20.45,1
53941494,4,2024-02-06,5.37,1
53954959,2,2024-02-01,18.01,2
53973528,5,2024-02-08,102.28,5
54001987,24,2024-02-06,61.74,5
54026396,29,2024-02-06,12.78,2
54031336,2,2024-02-01,38.38,2
54075294,14,2024-02-10,58.71,4
54077463,24,2024-02-01,22.57,4
54104114,21,2024-02-10,13.25,2
54108027,28,2024-02-05,126.25,5
54140318,26,2024-02-09,48.68,2
54150191,22,2024-02-01,95.24,4
54154204,14,2024-02-01,61.44,3
54168287,4,2024-02-01,104.44,4
54170300,21,2024-02-06,8.56,1
54184768,4,2024-02-10,56.67,4
54204643,24,2024-02-02,65.80,4
54228558,1,2024-02-01,14.84,1
54265986,20,2024-02-02,34.66,3
54269725,16,2024-02-08,88.66,5
54280333,30,2024-02-09,8.74,1
54289762,24,2024-02-03,48.74,3
54295083,5,2024-02-06,80.55,3
54306100,5,2024-02-10,11.85,2
54311115,4,2024-02-08,41.34,2
54315670,10,2024-02-10,62.99,5
54315740,28,2024-02-04,59.71,3
54341208,12,2024-02-01,34.81,2
54358922,25,2024-02-04,75.67,5
54365812,7,2024-02-06,103.58,5
54378338,30,2024-02-05,46.81,4
54405175,5,2024-02-02,79.04,4
54417653,18,2024-02-10,46.68,5
54429788,27,2024-02-01,76.45,4
54449963,28,2024-02-04,41.90,1
54452447,3,2024-02-09,50.85,4
54453204,8,2024-02-01,50.94,3
54459199,18,2024-02-03,30.45,3
54471346,15,2024-02-01,40.02,3
54476822,22,2024-02-02,14.48,1
54477436,18,2024-02-08,53.94,4
54487861,25,2024-02-06,53.76,4
54492748,12,2024-02-06,49.05,5
54506250,7,2024-02-04,77.34,4
54509580,22,2024-02-10,0.00,0
54514526,23,2024-02-03,82.23,4
54515235,6,2024-02-06,11.21,2
54540711,17,2024-02-08,69.77,3
54549682,11,2024-02-06,15.16,2
54563559,25,2024-02-09,21.79,2
54578093,4,2024-02-08,69.27,3
54580547,24,2024-02-05,67.82,4
54594859,15,2024-02-09,17.74,3
54620243,4,2024-02-09,70.32,4
54631666,20,2024-02-02,62.33,2
54667013,14,2024-02-01,17.69,2
54689966,15,2024-02-01,15.92,1
54701038,9,2024-02-01,27.02,2
54717668,4,2024-02-01,44.33,2
54732178,15,2024-02-09,25.78,4
54756163,14,2024-02-01,81.29,5
54759003,17,2024-02-08,59.97,4
54765971,26,2024-02-09,30.51,2
54777779,13,2024-02-08,43.40,5
54782846,27,2024-02-01,56.70,3
54786976,14,2024-02-09,36.04,2
54814609,17,2024-02-10,81.07,3
54819436,4,2024-02-04,12.27,1
54825225,16,2024-02-01,88.75,5
54827945,11,2024-02-10,20.02,2
54831794,22,2024-02-02,76.66,5
54843079,23,2024-02-02,1.53,1
54843848,21,2024-02-10,7.70,1
54861558,26,2024-02-05,32.79,3
54871731,14,2024-02-06,55.61,3
54876873,11,2024-02-06,19.22,2
54880334,15,2024-02-02,35.61,2
54889436,19,2024-02-01,82.64,5
54895326,25,2024-02-09,37.23,3
54909518,30,2024-02-01,0.00,0
54910765,21,2024-02-01,0.51,1
54911091,13,2024-02-03,47.59,4
54933406,1,2024-02-03,75.75,3
54935256,22,2024-02-10,57.18,5
54937535,8,2024-02-02,4.69,1
54942543,3,2024-02-07,62.30,5
54964918,7,2024-02-05,3.06,1
54971274,15,2024-02-06,52.90,3
54982638,29,2024-02-06,22.23,3
54989956,2,2024-02-10,97.29,4
55008879,21,2024-02-08,9.16,1
55021427,23,2024-02-02,52.86,2
55028537,7,2024-02-10,73.90,5
55035377,3,2024-02-06,130.56,4
55059745,21,2024-02-04,91.45,4
55081918,9,2024-02-04,0.00,0
55105490,30,2024-02-06,7.94,1
55113714,13,2024-02-09,37.41,4
55124882,7,2024-02-01,7.65,1
55131584,18,2024-02-10,9.74,1
55159197,3,2024-02-04,37.48,1
55163071,15,2024-02-08,21.18,2
55163926,13,2024-02-09,28.25,1
55179977,14,2024-02-01,29.67,4
55191023,9,2024-02-03,68.42,4
55196559,24,2024-02-09,28.95,2
55197825,14,2024-02-09,21.77,2
55198611,7,2024-02-02,55.17,4
55199448,5,2024-02-02,81.39,5
55203300,23,2024-02-04,32.23,4
55212210,27,2024-02-04,33.35,3
55217873,3,2024-02-01,31.53,3
55225532,4,2024-02-08,56.99,5
55234018,10,2024-02-01,43.16,4
55241782,11,2024-02-10,89.61,4
55289348,27,2024-02-10,55.89,5
55297737,19,2024-02-01,26.23,2
55324623,3,2024-02-03,42.54,3
55334767,19,2024-02-06,29.65,2
55342253,12,2024-02-01,85.18,4
55368517,27,2024-02-04,28.04,4
55391727,22,2024-02-06,115.13,5
55412836,22,2024-02-10,60.60,3
55426827,25,2024-02-02,84.00,4
55450481,2,2024-02-02,0.00,0
55451236,7,2024-02-05,43.59,3
55454698,23,2024-02-08,74.70,4
55468094,9,2024-02-09,22.63,2
55468810,9,2024-02-09,47.09,2
55486436,20,2024-02-10,7.16,1
55491719,20,2024-02-01,82.23,4
55496173,19,2024-02-06,0.00,0
55500342,25,2024-02-06,70.73,4
55502320,3,2024-02-09,37.10,1
55505938,10,2024-02-01,17.21,2
55512037,29,2024-02-02,83.64,4
55516882,2,2024-02-01,19.48,1
55529119,18,2024-02-02,9.74,1
55540844,1,2024-02-10,80.53,5
55569123,17,2024-02-09,82.10,4
55582521,6,2024-02-02,49.75,1
55584014,9,2024-02-02,122.28,4
55634985,22,2024-02-04,53.54,3
55639873,18,2024-02-10,23.60,1
55646010,15,2024-02-09,91.28,5
55667261,28,2024-02-01,18.10,2
55704555,4,2024-02-09,27.88,4
55713217,27,2024-02-10,62.59,4
55720804,17,2024-02-02,15.22,2
55741159,26,2024-02-01,21.23,2
55743203,23,2024-02-02,11.25,1
55745004,24,2024-02-05,80.53,5
55749344,5,2024-02-10,25.32,1
55757693,23,2024-02-01,73.10,4
55759875,5,2024-02-02,79.25,5
55768011,12,2024-02-01,38.79,4
55769838,22,2024-02-04,13.02,1
55794398,14,2024-02-06,30.36,2
55794852,25,2024-02-04,31.88,2
55795668,12,2024-02-02,93.99,5
55804758,30,2024-02-06,43.03,4
55836537,29,2024-02-04,73.38,5
55858784,14,2024-02-09,73.08,4
55860377,30,2024-02-09,11.47,2
55871445,29,2024-02-10,4.21,1
55888282,15,2024-02-02,105.47,3
55899647,20,2024-02-10,56.11,3
55900173,8,2024-02-01,30.82,2
55901005,10,2024-02-10,53.16,5
55919943,18,2024-02-10,6.18,1
55921521,2,2024-02-02,27.27,2
55922016,28,2024-02-02,86.59,5
55926100,8,2024-02-06,69.00,5
55926218,24,2024-02-05,14.74,2
55940737,15,2024-02-01,78.79,5
55960754,7,2024-02-01,3.98,1
55974900,15,2024-02-04,34.60,2
55977260,5,2024-02-06,35.59,4
55980809,6,2024-02-09,88.73,4
55999055,27,2024-02-08,33.04,3
56001671,7,2024-02-08,12.95,2
56008796,10,2024-02-10,39.76,3
56014478,11,2024-02-09,0.00,0
56020663,29,2024-02-01,74.25,4
56028791,15,2024-02-06,9.74,1
56032737,11,2024-02-10,16.95,1
56035952,30,2024-02-09,9.00,1
56040364,12,2024-02-06,29.31,2
56048274,9,2024-02-09,9.37,1
56055588,19,2024-02-06,44.23,4
56064024,2,2024-02-04,69.35,2
56067841,17,2024-02-06,45.60,4
56096011,4,2024-02-01,39.82,4
56099674,4,2024-02-08,101.17,5
56109440,10,2024-02-09,70.22,5
56116623,22,2024-02-01,22.60,1
56119806,21,2024-02-09,84.86,4
56129075,4,2024-02-01,21.44,3
56135207,24,2024-02-08,108.43,4
56147061,27,2024-02-06,38.21,2
56150614,16,2024-02-02,24.30,4
56167019,16,2024-02-08,51.12,3
56177521,24,2024-02-09,40.67,4
56222952,14,2024-02-01,23.98,2
56224884,16,2024-02-01,35.36,3
56248929,7,2024-02-04,27.98,2
56280429,25,2024-02-06,17.34,1
56282752,23,2024-02-05,30.54,2
56292881,23,2024-02-01,88.92,4
56317610,25,2024-02-06,13.88,3
56317705,18,2024-02-10,20.41,2
56339093,3,2024-02-06,36.31,4
56342292,19,2024-02-01,45.99,4
56343273,15,2024-02-06,55.13,3
56366908,7,2024-02-10,55.58,3
56367297,25,2024-02-01,37.21,5
56385753,2,2024-02-08,45.90,3
56411739,27,2024-02-02,5.47,2
56417600,8,2024-02-02,21.05,1
56442662,30,2024-02-01,89.56,5
56460145,2,2024-02-10,43.52,2
56461148,27,2024-02-02,9.74,1
56462256,19,2024-02-08,72.87,5
56465319,28,2024-02-04,34.85,4
56473928,11,2024-02-02,27.72,2
56516652,12,2024-02-06,8.74,1
56522996,14,2024-02-04,38.93,3
56524818,3,2024-02-09,50.98,3
56543879,18,2024-02-06,46.03,3
56565800,19,2024-02-09,20.51,3
56580681,26,2024-02-04,61.77,3
56587379,1,2024-02-01,39.93,3
56594177,5,2024-02-04,74.78,3
56600050,25,2024-02-06,49.62,4
56606226,28,2024-02-02,12.23,2
56608369,15,2024-02-06,113.32,5
56611896,14,2024-02-05,68.81,3
56641979,11,2024-02-01,45.80,4
56668443,13,2024-02-02,34.70,3
56693300,6,2024-02-06,22.60,1
56694301,18,2024-02-06,8.18,2
56702779,24,2024-02-08,21.38,3
56710380,1,2024-02-09,26.24,1
56738090,28,2024-02-06,56.11,5
56748510,25,2024-02-08,55.00,5
56770052,24,2024-02-08,77.94,3
56771947,25,2024-02-10,33.85,3
56777577,8,2024-02-01,50.45,4
56785255,25,2024-02-10,4.72,1
56788222,12,2024-02-01,47.50,4
56792787,2,2024-02-02,25.51,2
56804381,7,2024-02-08,51.19,4
56808109,19,2024-02-09,22.32,3
56816355,20,2024-02-08,76.16,4
56817241,30,2024-02-04,55.89,3
56841899,13,2024-02-01,101.91,4
56844585,10,2024-02-05,7.16,1
56854471,14,2024-02-09,28.42,2
56858758,1,2024-02-01,56.47,2
56859010,16,2024-02-02,62.73,5
56861725,20,2024-02-08,62.86,5
56895636,3,2024-02-02,12.36,1
56897141,21,2024-02-03,49.92,3
56899822,22,2024-02-01,30.63,3
56911419,25,2024-02-08,6.56,1
56913849,12,2024-02-04,60.57,4
56919423,22,2024-02-02,15.08,1
56924630,5,2024-02-10,5.65,1
56934078,26,2024-02-09,30.25,3
56939259,24,2024-02-04,98.73,4
56947663,26,2024-02-09,64.68,4
56951910,22,2024-02-08,13.16,1
56954872,23,2024-02-08,39.81,3
56964685,5,2024-02-08,52.44,5
56976300,11,2024-02-01,18.87,1
56989452,4,2024-02-01,14.82,1
57009684,24,2024-02-01,3.96,1
57021443,5,2024-02-02,80.14,4
57022692,25,2024-02-08,88.58,4
57061472,9,2024-02-08,7.26,1
57063752,23,2024-02-05,12.84,1
57086557,19,2024-02-09,7.41,1
57116141,12,2024-02-02,31.97,2
57126966,11,2024-02-08,3.02,1
57127770,18,2024-02-02,60.70,3
57132375,9,2024-02-10,0.00,0
57134303,4,2024-02-09,15.92,1
57160068,3,2024-02-02,22.26,1
57177000,11,2024-02-01,31.90,2
57180274,30,2024-02-08,15.78,2
57206622,23,2024-02-01,6.12,1
57234742,15,2024-02-09,52.54,3
57237972,27,2024-02-06,64.16,5
57238922,21,2024-02-01,25.71,5
57240713,1,2024-02-10,33.52,1
57241118,9,2024-02-06,38.07,4
57252621,25,2024-02-01,12.27,1
57269543,18,2024-02-03,32.74,2
57273021,15,2024-02-10,71.30,4
57274389,8,2024-02-01,9.95,1
57276449,6,2024-02-08,37.00,4
57289058,27,2024-02-03,11.25,1
57314978,22,2024-02-09,71.76,3
57326360,26,2024-02-08,37.67,3
57336843,29,2024-02-08,18.87,1
57342951,18,2024-02-09,72.45,3
57352081,14,2024-02-01,7.24,1
57359955,29,2024-02-09,89.77,5
57359995,28,2024-02-10,41.91,2
57367752,18,2024-02-06,24.33,2
57394216,7,2024-02-06,6.58,1
57396662,29,2024-02-02,84.50,5
57397468,9,2024-02-06,39.79,4
57414089,20,2024-02-04,27.41,2
57427944,21,2024-02-09,4.28,1
57429120,10,2024-02-04,122.45,5
57443455,16,2024-02-06,46.51,2
57443940,26,2024-02-02,50.66,3
57454101,16,2024-02-06,55.35,4
57465753,24,2024-02-01,41.89,3
57474976,7,2024-02-09,3.96,1
57494842,1,2024-02-05,36.43,3
57516863,7,2024-02-09,3.06,1
57527215,2,2024-02-01,63.02,3
57528039,27,2024-02-01,33.02,2
57532625,14,2024-02-04,46.22,4
57535940,23,2024-02-04,16.43,2
57542659,15,2024-02-01,46.77,3
57575105,20,2024-02-09,39.15,2
57582990,24,2024-02-09,41.92,2
57589913,9,2024-02-03,12.77,2
57593081,27,2024-02-09,10.89,1
57599598,29,2024-02-06,19.04,2
57601888,11,2024-02-08,52.26,4
57642818,3,2024-02-08,5.65,1
57644586,8,2024-02-10,12.58,1
57646358,6,2024-02-04,15.93,2
57647137,16,2024-02-09,28.57,3
57659100,17,2024-02-10,28.72,2
57659325,23,2024-02-06,99.99,4
57661773,11,2024-02-04,36.36,4
57684176,7,2024-02-09,18.87,1
57697126,17,2024-02-04,26.14,3
57698832,28,2024-02-02,14.16,1
57712170,13,2024-02-06,30.82,2
57713679,18,2024-02-01,46.10,4
57738933,10,2024-02-04,41.65,3
57750730,23,2024-02-09,48.67,5
57752731,20,2024-02-08,77.33,4
57753298,6,2024-02-06,75.85,5
57754098,1,2024-02-01,0.00,0
57754990,30,2024-02-09,22.43,3
57760565,21,2024-02-01,70.40,4
57769731,9,2024-02-05,10.77,3
57781371,17,2024-02-09,129.73,4
57801327,7,2024-02-09,121.44,4
57814454,19,2024-02-10,6.90,2
57814762,29,2024-02-06,23.88,2
57834712,1,2024-02-06,30.02,4
57844740,29,2024-02-02,26.31,2
57871808,4,2024-02-06,91.14,5
57885105,10,2024-02-06,43.91,3
57887858,3,2024-02-02,22.87,3
57906108,22,2024-02-02,30.39,3
57957846,14,2024-02-02,42.47,3
57958491,16,2024-02-05,51.37,3
57961111,7,2024-02-01,9.95,1
57965567,4,2024-02-06,54.71,4
57973106,30,2024-02-04,82.94,4
57974523,19,2024-02-09,75.38,4
57991133,22,2024-02-01,13.88,2
58004325,28,2024-02-01,58.87,2
58004526,9,2024-02-10,21.22,2
58011657,14,2024-02-08,8.35,2
58020237,26,2024-02-04,17.03,2
58025572,10,2024-02-01,46.63,4
58027082,24,2024-02-06,0.00,0
58032247,15,2024-02-06,16.36,1
58041976,5,2024-02-04,47.16,3
58043144,29,2024-02-08,44.63,3
58043560,13,2024-02-02,42.28,2
58057324,19,2024-02-06,70.61,3
58061102,18,2024-02-10,45.85,3
58074830,23,2024-02-04,21.90,2
58083196,10,2024-02-06,44.71,3
58085864,1,2024-02-05,40.19,2
58093814,24,2024-02-08,9.44,1
58106392,3,2024-02-08,47.77,3
58112210,19,2024-02-01,31.44,3
58116361,29,2024-02-06,70.89,3
58123800,26,2024-02-02,71.79,4
58135051,25,2024-02-03,14.52,1
58136560,23,2024-02-09,70.28,3
58137774,21,2024-02-03,25.68,1
58145185,3,2024-02-06,41.15,4
58147031,20,2024-02-02,2.04,1
58164629,16,2024-02-10,8.95,1
58180574,4,2024-02-09,3.02,1
58232652,8,2024-02-09,23.43,3
58233247,27,2024-02-01,66.66,3
58243177,13,2024-02-06,137.96,5
58249660,26,2024-02-08,38.21,3
58284578,3,2024-02-09,71.23,3
58292821,19,2024-02-09,77.06,5
58294613,1,2024-02-06,94.79,3
58310772,3,2024-02-08,104.32,5
58324925,4,2024-02-08,11.91,1
58341476,26,2024-02-03,42.21,3
58363178,21,2024-02-01,8.56,1
58376572,12,2024-02-10,86.82,5
58380816,28,2024-02-06,47.50,3
58383198,24,2024-02-01,48.50,3
58390421,3,2024-02-02,78.88,3
58404943,17,2024-02-06,78.74,3
58423543,29,2024-02-05,42.38,3
58426462,12,2024-02-01,59.13,2
58428616,29,2024-02-10,16.86,2
58434727,5,2024-02-02,51.15,3
58450875,4,2024-02-01,22.60,2
58451136,16,2024-02-05,63.90,4
58452686,21,2024-02-06,22.58,4
58469261,22,2024-02-01,7.47,2
58469642,12,2024-02-02,71.13,4
58499498,1,2024-02-01,13.07,2
58502205,15,2024-02-02,6.12,1
58503327,18,2024-02-08,42.27,2
58503968,23,2024-02-08,34.12,3
58514168,30,2024-02-02,17.34,1
58523112,5,2024-02-06,57.93,3
58545653,9,2024-02-03,29.13,3
58545758,28,2024-02-01,10.89,1
58574555,5,2024-02-04,23.45,1
58578985,8,2024-02-06,85.25,4
58584977,3,2024-02-01,28.52,3
58586851,6,2024-02-09,0.00,0
58594277,19,2024-02-10,20.01,2
58605079,17,2024-02-05,48.35,2
58606555,16,2024-02-09,59.88,4
58607420,11,2024-02-08,33.79,2
58648880,29,2024-02-06,72.91,3
58662018,7,2024-02-09,67.62,4
58684239,15,2024-02-02,1.79,1
58687059,13,2024-02-02,25.70,3
58688786,20,2024-02-01,57.25,2
58690512,5,2024-02-10,5.65,1
58712076,3,2024-02-10,29.65,2
58719392,12,2024-02-06,67.61,5
58720110,15,2024-02-01,46.09,2
58745737,27,2024-02-06,3.09,1
58766038,15,2024-02-08,57.55,2
58780336,14,2024-02-06,104.89,5
58799601,6,2024-02-09,55.03,3
58808572,11,2024-02-08,55.96,5
58818487,7,2024-02-10,32.18,3
58826878,28,2024-02-08,29.75,2
58840107,24,2024-02-01,33.98,2
58852844,24,2024-02-08,7.92,1
58878033,24,2024-02-05,37.09,4
58887399,27,2024-02-02,13.25,2
58888886,16,2024-02-09,35.11,3
58897439,7,2024-02-01,19.77,2
58905716,21,2024-02-01,55.27,2
58910433,18,2024-02-02,78.33,3
58925028,2,2024-02-08,31.24,3
58938407,19,2024-02-10,0.00,0
58953676,12,2024-02-09,41.97,3
58957453,17,2024-02-06,3.08,1
58957882,6,2024-02-04,83.12,5
58968544,5,2024-02-01,58.79,4
58971319,26,2024-02-09,26.81,2
58985609,24,2024-02-09,57.92,3
58985989,14,2024-02-01,24.67,3
59005465,11,2024-02-06,44.42,4
59008822,8,2024-02-08,57.52,4
59021002,11,2024-02-09,7.18,2
59022312,25,2024-02-06,9.90,1
59063775,21,2024-02-10,8.38,1
59067642,26,2024-02-01,9.38,1
59070464,11,2024-02-08,19.53,1
59073357,18,2024-02-02,27.01,3
59083278,13,2024-02-02,60.34,4
59097823,13,2024-02-09,5.65,1
59103040,6,2024-02-04,71.88,3
59122147,7,2024-02-02,18.10,1
59130742,8,2024-02-09,121.89,5
59138963,26,2024-02-09,102.74,4
59140157,7,2024-02-10,21.39,3
59140308,13,2024-02-06,48.60,2
59174020,8,2024-02-09,39.36,4
59176612,5,2024-02-02,21.45,2
59190275,22,2024-02-08,35.27,3
59193308,12,2024-02-08,35.24,4
59193940,11,2024-02-10,11.30,1
59202611,8,2024-02-04,90.05,4
59242298,15,2024-02-06,23.58,2
59250187,26,2024-02-02,42.74,2
59253262,23,2024-02-06,38.98,3
59265811,6,2024-02-01,22.57,2
59270862,13,2024-02-01,43.66,2
59280614,7,2024-02-04,25.16,1
59305565,25,2024-02-04,80.77,4
59307446,25,2024-02-02,36.11,2
59310844,6,2024-02-09,52.76,2
59322508,24,2024-02-08,46.11,3
59328414,23,2024-02-10,0.00,0
59328576,14,2024-02-08,36.98,3
59344207,8,2024-02-09,85.89,4
59348830,5,2024-02-09,110.51,5
59353035,12,2024-02-01,53.76,4
59353483,18,2024-02-05,7.92,1
59353535,12,2024-02-08,38.56,3
59354691,24,2024-02-01,25.90,3
59372153,19,2024-02-04,1.02,1
59382662,29,2024-02-02,53.77,5
59395747,7,2024-02-05,65.57,4
59402647,6,2024-02-08,37.72,1
59409385,27,2024-02-06,63.26,4
59418483,3,2024-02-08,48.87,3
59419072,9,2024-02-05,42.08,3
59422213,26,2024-02-04,61.24,4
59435761,14,2024-02-06,78.10,4
59452793,19,2024-02-02,18.32,1
59466670,23,2024-02-01,31.92,4
59482812,25,2024-02-06,67.13,5
59492628,22,2024-02-10,60.76,3
59503878,17,2024-02-08,9.37,1
59512292,12,2024-02-08,24.51,2
59526116,19,2024-02-10,5.65,1
59531276,20,2024-02-08,24.35,1
59536152,19,2024-02-06,61.39,4
59537488,21,2024-02-04,46.29,4
59542234,28,2024-02-02,58.99,4
59543367,14,2024-02-08,111.79,5
59551744,22,2024-02-02,31.93,3
59593416,9,2024-02-08,6.58,1
59595077,22,2024-02-09,65.35,4
59604986,13,2024-02-02,30.86,3
59613065,24,2024-02-08,34.39,5
59613186,8,2024-02-01,21.48,3
59621954,9,2024-02-04,45.58,3
59624397,17,2024-02-01,38.66,4
59635178,13,2024-02-01,44.27,4
59642126,25,2024-02-03,8.38,1
59659818,15,2024-02-08,14.53,2
59662204,21,2024-02-08,4.59,1
59671680,16,2024-02-02,23.60,2
59682734,3,2024-02-09,20.31,2
59694752,27,2024-02-02,85.94,5
59716534,16,2024-02-02,85.24,4
59791564,1,2024-02-03,39.12,4
59794273,20,2024-02-10,107.76,5
59812846,17,2024-02-08,61.50,5
59814163,20,2024-02-10,26.02,2
59822770,18,2024-02-01,67.89,3
59823290,4,2024-02-08,40.36,3
59824985,26,2024-02-05,25.16,1
59825369,25,2024-02-06,88.31,5
59846543,26,2024-02-09,85.72,5
59851241,4,2024-02-10,29.64,1
59876100,28,2024-02-04,92.00,4
59877756,12,2024-02-10,2.55,1
59878588,21,2024-02-06,37.52,2
59892301,20,2024-02-02,70.36,3
59892735,30,2024-02-08,91.57,4
59902556,6,2024-02-01,114.02,4
59937451,17,2024-02-02,69.99,4
59941190,14,2024-02-08,16.61,2
59952307,28,2024-02-02,22.26,1
59959451,3,2024-02-10,25.11,2
59978698,21,2024-02-05,14.16,1
59991400,22,2024-02-10,81.15,4
59999203,19,2024-02-05,59.30,5
60000792,3,2024-02-09,82.59,5
60020658,2,2024-02-05,32.89,5
60030962,2,2024-02-04,29.28,3
60043106,10,2024-02-06,51.90,2
60055421,22,2024-02-08,29.39,3
60064014,6,2024-02-09,36.08,3
60080433,11,2024-02-09,3.62,1
60097203,11,2024-02-03,25.43,4
60114049,2,2024-02-05,29.67,3
60135857,5,2024-02-01,49.75,1
60138429,9,2024-02-06,36.78,4
60150955,9,2024-02-08,50.38,3
60153268,29,2024-02-09,32.34,2
60169667,2,2024-02-03,61.33,3
60193317,17,2024-02-08,83.60,5
60193625,16,2024-02-08,24.35,1
60196644,24,2024-02-06,8.56,1
60243439,21,2024-02-08,39.64,4
60261512,13,2024-02-01,3.08,1
60273243,13,2024-02-08,58.54,4
60279482,9,2024-02-05,56.89,3
60282137,1,2024-02-08,73.39,5
60308259,15,2024-02-06,38.08,3
60309663,18,2024-02-09,41.81,4
60327305,9,2024-02-10,0.00,0
60340663,18,2024-02-06,101.71,4
60345731,12,2024-02-02,5.62,2
60362595,28,2024-02-05,53.07,2
60379549,11,2024-02-10,21.10,2
60385911,23,2024-02-06,80.43,5
60444601,23,2024-02-02,40.55,2
60455315,28,2024-02-01,23.87,2
60466174,19,2024-02-06,37.00,4
60468847,7,2024-02-05,42.26,2
60510391,27,2024-02-09,36.98,3
60513099,28,2024-02-08,70.59,4
60515149,11,2024-02-08,8.14,2
60523943,14,2024-02-01,66.31,3
60538765,27,2024-02-09,8.42,1
60553892,3,2024-02-06,94.54,5
60555063,6,2024-02-01,15.10,2
60555278,17,2024-02-01,73.05,5
60569928,6,2024-02-01,94.44,4
60573955,25,2024-02-01,30.20,3
60575291,11,2024-02-10,39.89,3
60578232,3,2024-02-08,95.37,4
60583769,1,2024-02-02,41.33,3
60586078,15,2024-02-04,39.31,5
60601522,15,2024-02-08,2.04,1
60604533,13,2024-02-02,66.99,4
60607596,19,2024-02-02,6.58,1
60608015,21,2024-02-06,35.48,2
60614010,1,2024-02-08,47.84,4
60619464,12,2024-02-09,42.97,2
60620226,29,2024-02-09,41.92,3
60632998,24,2024-02-06,35.70,2
60635858,11,2024-02-02,58.92,4
60637473,13,2024-02-05,47.33,2
60660208,18,2024-02-09,26.08,2
60668213,30,2024-02-09,2.56,2
60668976,23,2024-02-03,20.66,2
60697041,11,2024-02-08,34.96,1
60707096,16,2024-02-06,33.62,3
60731653,1,2024-02-09,16.45,1
60747124,17,2024-02-01,37.10,1
60747801,1,2024-02-05,6.18,1
60752028,24,2024-02-01,48.67,2
60764982,24,2024-02-09,12.69,2
60771942,14,2024-02-08,44.32,4
60771974,29,2024-02-01,59.22,4
60787773,26,2024-02-03,69.26,4
60790630,9,2024-02-03,53.60,2
60793179,22,2024-02-04,80.28,4
60801638,24,2024-02-08,51.55,5
60806685,29,2024-02-01,24.85,3
60814181,14,2024-02-09,97.48,4
60826453,12,2024-02-04,79.41,3
60835324,9,2024-02-01,42.69,3
60842929,14,2024-02-06,129.77,4
60874340,28,2024-02-10,10.37,2
60907496,19,2024-02-05,14.16,1
60908749,1,2024-02-08,53.49,3
60917806,22,2024-02-10,22.60,1
60928022,20,2024-02-10,3.00,2
60928039,30,2024-02-08,39.79,3
60934833,9,2024-02-01,6.04,1
60949496,11,2024-02-01,14.40,2
60957082,2,2024-02-05,61.33,5
60969060,6,2024-02-02,17.54,2
60975949,5,2024-02-02,41.06,3
60980734,28,2024-02-06,101.52,5
60986995,29,2024-02-01,86.70,4
60998763,25,2024-02-08,61.00,4
61005270,5,2024-02-01,22.02,2
61037351,30,2024-02-06,7.41,1
61038895,9,2024-02-06,52.80,3
61041552,28,2024-02-08,35.83,2
61043197,5,2024-02-09,32.79,2
61073286,22,2024-02-01,36.97,3
61096925,1,2024-02-06,91.94,5
61107240,24,2024-02-10,49.50,3
61112607,6,2024-02-01,36.86,5
61114772,6,2024-02-01,87.46,4
61118876,12,2024-02-01,54.04,3
61124793,27,2024-02-06,39.17,2
61149748,28,2024-02-01,92.10,5
61163428,8,2024-02-02,64.36,4
61200601,3,2024-02-02,69.86,3
61202747,21,2024-02-08,45.80,1
61212768,11,2024-02-04,75.01,5
61212902,10,2024-02-10,68.89,3
61219390,3,2024-02-10,10.89,1
61223107,20,2024-02-09,0.00,0
61229298,21,2024-02-04,57.05,4
61241971,9,2024-02-09,70.13,5
61242468,6,2024-02-05,58.34,4
61245036,14,2024-02-01,32.12,2
61257440,30,2024-02-04,8.42,1
61258766,26,2024-02-08,14.61,1
61282508,7,2024-02-02,88.34,3
61284096,14,2024-02-06,34.29,2
61285266,26,2024-02-02,28.33,3
61285701,6,2024-02-09,80.40,4
61294086,9,2024-02-02,60.91,4
61298447,14,2024-02-05,52.25,3
61317447,4,2024-02-06,62.97,3
61320966,24,2024-02-02,26.39,2
61333332,4,2024-02-08,71.41,4
61338061,23,2024-02-08,29.79,3
61369679,18,2024-02-03,30.83,2
61387811,16,2024-02-02,57.80,3
61392454,22,2024-02-08,7.92,1
61400294,30,2024-02-10,66.19,5
61408470,5,2024-02-09,57.04,5
61412880,22,2024-02-08,50.33,5
61427909,26,2024-02-06,31.28,2
61455049,17,2024-02-02,28.17,3
61463315,27,2024-02-08,28.25,1
61470904,4,2024-02-08,6.56,1
61475568,18,2024-02-09,50.89,4
61479173,22,2024-02-02,51.80,2
61481770,6,2024-02-01,8.02,2
61495616,19,2024-02-10,58.78,3
61506876,6,2024-02-01,25.43,2
61525299,11,2024-02-08,48.43,4
61583376,6,2024-02-09,43.70,1
61595375,6,2024-02-08,40.00,2
61601346,19,2024-02-09,18.95,2
61606554,16,2024-02-04,19.94,3
61610409,30,2024-02-08,88.79,5
61631763,3,2024-02-01,23.53,2
61645325,25,2024-02-01,51.21,5
61648478,11,2024-02-05,69.04,2
61674700,26,2024-02-06,12.27,1
61679088,10,2024-02-10,47.40,2
61681568,22,2024-02-08,8.62,2
61683108,18,2024-02-01,4.69,1
61684528,27,2024-02-06,27.48,1
61695769,14,2024-02-10,78.10,4
61697524,5,2024-02-06,4.72,1
61698916,18,2024-02-05,77.15,5
61706641,30,2024-02-06,26.41,3
61724780,8,2024-02-08,26.26,3
61736371,2,2024-02-08,93.84,5
61739088,3,2024-02-06,0.51,1
61782286,30,2024-02-08,56.63,5
61804128,10,2024-02-05,61.89,5
61819656,26,2024-02-01,4.53,1
61828613,6,2024-02-01,37.90,4
61845333,9,2024-02-04,54.14,4
61848329,26,2024-02-09,96.87,4
61853113,1,2024-02-02,63.52,4
61853936,26,2024-02-01,34.38,4
61862687,4,2024-02-09,73.58,3
61869791,19,2024-02-02,53.94,3
61870928,17,2024-02-09,36.88,2
61877548,10,2024-02-06,80.96,4
61895142,17,2024-02-04,16.95,1
61897153,24,2024-02-02,3.58,1
61905508,8,2024-02-10,71.09,4
61908380,30,2024-02-08,40.83,4
61916559,19,2024-02-10,28.48,4
61924502,8,2024-02-09,22.17,2
61925680,17,2024-02-06,75.02,4
61926548,23,2024-02-05,50.85,3
61928014,14,2024-02-01,42.59,2
61935159,10,2024-02-05,25.53,3
61943308,8,2024-02-06,59.12,3
61955808,23,2024-02-05,97.22,5
61961869,2,2024-02-04,63.60,4
61963094,6,2024-02-08,34.70,3
62018051,14,2024-02-02,52.12,3
62051732,9,2024-02-08,33.79,2
62057862,15,2024-02-08,128.31,5
62080848,4,2024-02-08,76.39,4
62104639,16,2024-02-08,135.15,5
62105355,18,2024-02-06,59.56,5
62114288,1,2024-02-04,58.75,4
62118065,6,2024-02-06,117.39,5
62120349,27,2024-02-07,5.65,1
62130647,14,2024-02-02,51.96,2
62134361,25,2024-02-05,81.37,5
62160281,5,2024-02-08,100.13,5
62161567,29,2024-02-01,53.09,2
62173748,5,2024-02-08,69.00,3
62186000,15,2024-02-06,32.26,3
62202437,29,2024-02-10,6.18,1
62211146,30,2024-02-08,12.36,1
62214609,30,2024-02-01,4.62,1
62222865,27,2024-02-06,14.82,2
62233215,13,2024-02-10,41.50,2
62262242,1,2024-02-04,15.08,1
62266239,14,2024-02-01,124.61,5
62268746,20,2024-02-01,1.54,1
62275749,16,2024-02-05,14.07,1
62282418,7,2024-02-08,30.26,3
62293374,13,2024-02-09,76.67,3
62304546,21,2024-02-02,33.55,2
62317278,23,2024-02-09,27.83,2
62322723,25,2024-02-09,8.74,1
62323411,9,2024-02-09,52.21,4
62331057,26,2024-02-01,62.86,3
62340568,20,2024-02-10,35.33,2
62342147,12,2024-02-08,42.60,4
62380668,18,2024-02-01,98.77,4
62422135,22,2024-02-09,44.19,3
62429032,16,2024-02-01,94.37,5
62429853,23,2024-02-10,0.00,0
62438831,11,2024-02-04,27.46,4
62439332,22,2024-02-06,37.05,1
62441984,21,2024-02-05,16.95,1
62461063,20,2024-02-02,98.93,5
62481319,29,2024-02-01,4.87,1
62509062,25,2024-02-03,96.13,5
62513802,5,2024-02-10,38.45,2
62534466,26,2024-02-08,46.12,3
62534762,7,2024-02-04,3.29,1
62573928,14,2024-02-04,23.42,3
62577062,5,2024-02-02,19.90,1
62580897,20,2024-02-06,17.34,1
62594244,19,2024-02-05,18.93,2
62605761,4,2024-02-10,48.00,4
62607156,23,2024-02-09,2.25,1
62612563,25,2024-02-06,25.67,4
62648174,22,2024-02-06,22.85,2
62662989,12,2024-02-05,77.50,5
62665585,17,2024-02-08,55.80,2
62669477,14,2024-02-02,86.85,2
62692154,14,2024-02-08,2.04,1
62703632,12,2024-02-06,14.34,2
62713289,5,2024-02-03,38.26,3
62741506,24,2024-02-08,43.01,3
62762663,14,2024-02-06,26.28,2
62766286,12,2024-02-02,28.60,3
62775193,28,2024-02-03,35.83,3
62784183,17,2024-02-01,22.03,2
62805594,17,2024-02-09,24.23,2
62826374,25,2024-02-06,0.00,0
62826405,18,2024-02-08,13.96,2
62828596,14,2024-02-01,7.24,1
62839730,15,2024-02-10,72.00,3
62853521,14,2024-02-10,23.46,4
62854661,1,2024-02-06,25.02,2
62863325,15,2024-02-02,72.47,2
62865423,1,2024-02-06,51.67,4
62872988,8,2024-02-09,75.85,4
62886928,2,2024-02-03,1.98,1
62887278,2,2024-02-01,4.21,1
62887558,21,2024-02-02,105.81,5
62893980,23,2024-02-04,69.70,3
62894645,19,2024-02-07,18.63,3
62900941,8,2024-02-02,33.54,2
62905790,12,2024-02-06,82.64,4
62912281,6,2024-02-08,71.24,4
62915341,27,2024-02-05,66.04,5
62920009,29,2024-02-02,78.61,3
62929884,30,2024-02-01,9.27,1
62931573,29,2024-02-06,49.75,1
62954544,17,2024-02-10,47.97,2
62959374,4,2024-02-01,7.54,1
62965238,12,2024-02-04,99.96,5
62967646,24,2024-02-08,51.35,4
62967777,20,2024-02-10,46.30,4
63022750,9,2024-02-01,24.46,2
63031626,5,2024-02-03,17.12,1
63033617,21,2024-02-02,25.19,3
63037813,21,2024-02-09,22.55,2
63045755,16,2024-02-02,12.29,2
63076041,25,2024-02-02,73.36,5
63081273,16,2024-02-05,67.23,3
63083432,1,2024-02-09,47.25,4
63088995,7,2024-02-08,11.25,1
63094769,7,2024-02-02,53.76,2
63114639,10,2024-02-10,51.44,4
63116957,1,2024-02-09,51.41,2
63123511,3,2024-02-01,42.21,3
63135213,15,2024-02-01,97.42,3
63136518,7,2024-02-08,64.01,3
63150706,27,2024-02-01,17.61,2
63182400,2,2024-02-06,47.22,4
63195623,8,2024-02-03,69.38,5
63201400,15,2024-02-06,5.94,1
63213298,23,2024-02-01,55.07,2
63214627,26,2024-02-02,37.11,3
63256105,27,2024-02-09,22.60,1
63258297,2,2024-02-02,45.98,4
63259832,25,2024-02-06,7.42,1
63278136,19,2024-02-09,22.49,2
63319210,5,2024-02-02,66.30,4
63325880,7,2024-02-04,23.19,3
63336161,22,2024-02-03,54.92,3
63354068,15,2024-02-02,1.53,1
63372034,12,2024-02-09,12.91,2
63392933,5,2024-02-08,27.08,3
63406306,17,2024-02-09,39.07,4
63421616,4,2024-02-09,27.57,2
63424641,25,2024-02-08,40.03,3
63425983,25,2024-02-10,118.70,5
63432077,14,2024-02-02,20.60,2
63460721,30,2024-02-06,100.89,5
63494483,22,2024-02-06,4.21,1
63498821,13,2024-02-01,64.35,3
63502438,18,2024-02-08,52.43,3
63525509,15,2024-02-06,75.68,4
63529963,13,2024-02-01,64.42,4
63532591,7,2024-02-06,33.50,2
63541692,13,2024-02-04,21.90,2
63542629,20,2024-02-10,46.10,2
63550789,26,2024-02-03,18.10,2
63562210,10,2024-02-05,115.74,5
63573000,7,2024-02-09,37.70,1
63577671,24,2024-02-06,25.44,3
63593359,17,2024-02-10,73.54,3
63622639,29,2024-02-03,21.10,2
63630081,23,2024-02-09,54.15,3
63650037,23,2024-02-01,81.24,4
63673317,19,2024-02-08,38.84,3
63676480,16,2024-02-06,54.39,3
63687244,4,2024-02-06,98.23,4
63695503,24,2024-02-04,53.20,3
63701081,20,2024-02-08,24.35,1
63713059,2,2024-02-09,25.73,2
63733430,24,2024-02-01,32.55,1
63733778,29,2024-02-06,18.01,2
63735028,6,2024-02-05,1.53,1
63737948,11,2024-02-08,44.03,4
63754237,26,2024-02-06,40.62,3
63755684,2,2024-02-09,12.58,1
63757797,26,2024-02-06,3.96,1
63789218,20,2024-02-08,49.57,3
63796927,15,2024-02-09,43.56,4
63808200,8,2024-02-06,103.68,5
63814400,26,2024-02-01,52.97,2
63829942,26,2024-02-04,1.79,1
63832183,2,2024-02-06,81.42,4
63848412,2,2024-02-02,19.90,1
63848798,30,2024-02-01,32.12,5
63849568,29,2024-02-01,42.26,2
63872066,12,2024-02-08,60.92,2
63907604,1,2024-02-01,10.61,2
63916577,4,2024-02-01,62.23,5
63916708,20,2024-02-01,34.61,3
63925344,27,2024-02-06,49.93,5
63939393,17,2024-02-08,78.19,4
63959715,15,2024-02-06,61.62,4
63964947,10,2024-02-09,77.44,5
63969269,7,2024-02-02,19.85,1
63979409,30,2024-02-01,24.10,3
63985186,18,2024-02-04,48.90,2
63988441,18,2024-02-08,22.75,3
64028983,28,2024-02-09,21.25,3
64041168,15,2024-02-02,6.18,1
64065586,13,2024-02-10,3.06,1
64082081,5,2024-02-05,39.67,4
64092823,6,2024-02-08,68.83,3
64098046,11,2024-02-04,67.78,4
64105796,5,2024-02-01,11.01,2
64122973,8,2024-02-02,81.32,4
64148740,16,2024-02-06,25.14,1
64176273,4,2024-02-10,93.61,5
64194034,1,2024-02-03,5.78,1
64215519,9,2024-02-08,8.73,2
64215526,26,2024-02-02,45.40,3
64217002,25,2024-02-08,98.92,4
64239085,25,2024-02-05,7.26,1
64247489,13,2024-02-06,0.00,0
64249145,5,2024-02-10,14.07,1
64252888,12,2024-02-04,44.27,3
64266756,6,2024-02-01,12.36,1
64267206,18,2024-02-01,47.06,3
64279981,25,2024-02-06,71.58,3
64297645,29,2024-02-04,28.08,3
64322597,23,2024-02-05,65.72,4
64341114,17,2024-02-01,16.53,2
64341605,11,2024-02-09,6.03,2
64342329,21,2024-02-06,42.95,4
64365186,26,2024-02-06,38.17,2
64369990,16,2024-02-02,28.40,2
64371997,3,2024-02-10,41.85,5
64377838,7,2024-02-02,90.57,4
64385574,1,2024-02-02,15.65,3
64398559,6,2024-02-04,11.94,1
64408297,16,2024-02-04,81.35,4
64409033,29,2024-02-06,48.17,3
64413985,22,2024-02-05,23.33,3
64427544,20,2024-02-02,74.14,5
64446505,9,2024-02-03,43.08,4
64472299,24,2024-02-04,11.18,2
64473897,19,2024-02-08,3.06,1
64482949,15,2024-02-01,63.30,4
64483091,20,2024-02-09,11.25,1
64487090,25,2024-02-09,102.64,3
64497001,24,2024-02-02,23.47,3
64497998,13,2024-02-01,19.69,2
64502928,11,2024-02-08,5.65,1
64516652,18,2024-02-10,34.18,2
64533531,11,2024-02-09,55.51,2
64537008,11,2024-02-01,78.72,5
64542744,7,2024-02-05,80.14,3
64542921,29,2024-02-05,37.10,1
64558509,26,2024-02-10,46.57,2
64565890,15,2024-02-01,39.41,3
64565976,30,2024-02-06,42.27,4
64569752,10,2024-02-04,60.46,4
64575287,22,2024-02-01,25.32,3
64603298,16,2024-02-01,47.87,4
64603693,11,2024-02-03,45.80,1
64608623,12,2024-02-10,77.91,5
64624078,5,2024-02-01,47.90,2
64628820,17,2024-02-06,79.79,5
64632392,19,2024-02-10,12.84,1
64664130,2,2024-02-01,64.12,4
64669097,5,2024-02-09,18.76,1
64687982,16,2024-02-01,76.42,5
64709426,25,2024-02-09,1.02,1
64710527,29,2024-02-08,3.29,1
64710946,9,2024-02-02,69.13,2
64716195,3,2024-02-08,11.91,1
64717045,26,2024-02-04,29.70,2
64732014,27,2024-02-01,0.00,0
64738044,15,2024-02-01,9.87,1
64744722,27,2024-02-09,13.73,2
64749484,20,2024-02-06,34.88,2
64753932,1,2024-02-08,26.04,1
64755552,4,2024-02-05,45.79,2
64768706,26,2024-02-05,44.84,4
64772751,17,2024-02-10,28.76,2
64792650,8,2024-02-10,5.75,2
64793143,10,2024-02-10,107.01,5
64793209,25,2024-02-09,81.77,4
64796955,11,2024-02-06,21.84,3
64802408,27,2024-02-09,4.59,1
64813766,28,2024-02-04,16.84,1
64839954,22,2024-02-08,106.95,5
64848032,18,2024-02-04,4.87,1
64850274,20,2024-02-01,1.79,1
64895585,5,2024-02-05,9.75,2
64896961,26,2024-02-06,83.17,5
64901613,27,2024-02-09,10.10,2
64908625,2,2024-02-08,75.03,3
64908946,21,2024-02-10,30.16,1
64922198,20,2024-02-06,16.80,3
64928575,17,2024-02-06,3.63,1
64945406,9,2024-02-01,58.55,3
64962287,26,2024-02-05,76.99,5
64963907,9,2024-02-09,6.23,2
64967785,26,2024-02-06,46.70,5
64971356,8,2024-02-02,32.31,4
64986931,20,2024-02-06,30.29,3
64988008,20,2024-02-10,11.30,1
65005398,18,2024-02-01,5.65,1
65008612,22,2024-02-08,37.70,1
65011593,23,2024-02-02,17.07,2
65013549,7,2024-02-01,43.64,2
65019950,30,2024-02-09,60.79,5
65023839,18,2024-02-01,61.32,2
65039496,8,2024-02-09,0.00,0
65040696,21,2024-02-10,104.97,4
65044634,3,2024-02-06,32.33,3
65047679,8,2024-02-08,21.18,3
65076689,12,2024-02-02,59.08,4
65081122,23,2024-02-04,49.15,4
65102235,1,2024-02-06,111.63,4
65103922,25,2024-02-01,43.13,4
65107453,1,2024-02-02,82.30,5
65112281,15,2024-02-04,33.52,1
65115616,16,2024-02-05,19.48,1
65116463,6,2024-02-03,31.65,1
65132142,11,2024-02-01,37.96,5
65136305,29,2024-02-09,9.43,1
65169152,14,2024-02-10,76.81,5
65176733,30,2024-02-05,11.40,2
65198438,4,2024-02-01,79.18,4
65216610,14,2024-02-05,16.00,3
65217297,16,2024-02-10,16.32,2
65229674,11,2024-02-05,76.95,4
65244780,28,2024-02-02,39.42,2
65258365,2,2024-02-02,34.96,1
65269531,20,2024-02-09,61.17,5
65270693,25,2024-02-02,19.46,2
65271879,9,2024-02-02,39.13,4
65294901,21,2024-02-06,37.59,3
65300110,20,2024-02-04,54.36,2
65302594,23,2024-02-06,45.75,3
65311070,30,2024-02-01,34.49,4
65324398,30,2024-02-08,28.11,1
65326032,19,2024-02-01,3.02,1
65334598,9,2024-02-02,49.61,3
65343898,12,2024-02-04,4.50,1
65347265,1,2024-02-10,73.98,5
65383266,27,2024-02-04,48.82,5
65390705,6,2024-02-02,50.26,3
65403210,11,2024-02-09,45.59,4
65405271,2,2024-02-05,53.96,4
65412247,19,2024-02-02,42.02,5
65445251,18,2024-02-02,60.46,4
65464191,28,2024-02-10,58.04,3
65470059,30,2024-02-10,40.40,2
65473431,21,2024-02-08,75.24,5
65490251,15,2024-02-02,27.66,3
65503155,17,2024-02-01,8.74,1
65519011,19,2024-02-03,112.12,5
65532373,1,2024-02-01,26.55,3
65541943,8,2024-02-02,20.45,1
65594285,28,2024-02-08,80.18,5
65596262,8,2024-02-08,45.18,4
65606502,3,2024-02-02,126.30,5
65606841,20,2024-02-02,120.98,5
65614239,5,2024-02-01,62.62,4
65626743,2,2024-02-09,15.56,2
65630230,24,2024-02-01,48.21,4
65634424,16,2024-02-01,75.58,4
65637169,5,2024-02-09,14.84,1
65642833,10,2024-02-03,11.94,1
65650162,20,2024-02-09,7.92,1
65694425,4,2024-02-01,2.04,1
65696382,6,2024-02-04,26.15,2
65699253,25,2024-02-10,30.63,3
65705845,3,2024-02-02,46.90,2
65710114,21,2024-02-04,13.33,2
65720013,12,2024-02-01,45.73,3
65726448,6,2024-02-02,56.17,3
65750453,10,2024-02-08,27.21,3
65757743,21,2024-02-06,0.00,0
65778048,17,2024-02-08,15.49,2
65788300,2,2024-02-08,48.40,4
65788920,29,2024-02-04,20.51,4
65792892,12,2024-02-08,7.94,1
65797800,29,2024-02-01,46.56,5
65811082,14,2024-02-04,66.38,3
65822640,15,2024-02-10,69.01,3
65844519,1,2024-02-06,71.35,3
65871424,17,2024-02-02,19.48,1
65872845,10,2024-02-02,6.56,1
65887339,26,2024-02-06,59.06,2
65917450,18,2024-02-09,38.90,3
65923914,15,2024-02-06,114.84,4
65924030,3,2024-02-09,21.96,2
65928355,4,2024-02-04,27.55,2
65929000,8,2024-02-04,55.64,3
65956052,7,2024-02-06,7.70,1
65958155,19,2024-02-04,37.06,3
66007864,4,2024-02-03,18.88,1
66008199,24,2024-02-09,22.34,2
66014141,2,2024-02-04,95.68,4
66021107,2,2024-02-01,44.91,5
66021926,25,2024-02-02,52.56,2
66029274,16,2024-02-02,117.71,5
66055417,13,2024-02-10,91.32,5
66077514,9,2024-02-01,66.37,3
66080660,12,2024-02-08,9.25,2
66089908,5,2024-02-09,51.18,4
66089997,7,2024-02-08,83.69,5
66129958,13,2024-02-10,87.30,3
66151155,10,2024-02-02,75.66,5
66155826,18,2024-02-10,32.06,3
66156567,5,2024-02-06,20.60,3
66178672,22,2024-02-01,36.89,2
66197619,13,2024-02-09,91.09,5
66216297,23,2024-02-02,43.70,1
66233958,3,2024-02-10,124.54,5
66241339,21,2024-02-01,54.24,4
66252848,24,2024-02-01,6.56,1
66257843,16,2024-02-02,55.52,4
66261722,10,2024-02-01,36.29,2
66264660,17,2024-02-04,19.87,2
66300507,26,2024-02-01,73.42,4
66310532,9,2024-02-02,35.41,2
66317556,21,2024-02-01,22.60,1
66338271,6,2024-02-10,4.87,1
66355216,22,2024-02-08,112.60,4
66357130,11,2024-02-01,50.34,3
66357448,24,2024-02-08,83.68,4
66380711,11,2024-02-04,9.87,1
66392289,5,2024-02-04,29.58,2
66392567,14,2024-02-01,89.78,5
66393148,2,2024-02-09,21.93,2
66412308,1,2024-02-01,74.13,5
66414460,30,2024-02-10,57.53,4
66415507,11,2024-02-05,65.50,4
66434217,9,2024-02-09,39.33,3
66439182,23,2024-02-06,128.47,5
66457803,4,2024-02-06,51.17,2
66462213,10,2024-02-09,45.04,2
66468182,12,2024-02-04,31.81,2
66471153,23,2024-02-04,82.68,5
66489352,21,2024-02-02,31.45,1
66501613,3,2024-02-10,69.96,2
66506752,4,2024-02-03,20.64,2
66521704,13,2024-02-02,78.17,5
66521939,11,2024-02-01,90.96,5
66525068,8,2024-02-04,57.59,3
66531197,25,2024-02-03,23.88,2
66544210,14,2024-02-02,14.33,2
66553039,24,2024-02-06,85.66,3
66565284,2,2024-02-02,84.91,4
66578784,2,2024-02-06,40.86,3
66580378,29,2024-02-09,3.97,1
66586332,16,2024-02-09,86.21,4
66616804,27,2024-02-09,14.16,1
66637145,29,2024-02-02,62.87,4
66637283,11,2024-02-06,18.10,1
66659278,27,2024-02-03,119.69,5
66663710,27,2024-02-10,12.27,1
66673998,27,2024-02-01,79.92,5
66683160,22,2024-02-02,84.39,5
66691921,10,2024-02-08,65.97,5
66692812,19,2024-02-04,45.04,2
66695293,25,2024-02-06,10.36,2
66707083,27,2024-02-05,83.52,2
66718116,24,2024-02-04,49.98,4
66718566,5,2024-02-06,23.37,3
66741844,17,2024-02-08,36.44,3
66746518,14,2024-02-01,32.40,2
66759473,21,2024-02-01,33.19,2
66770387,4,2024-02-08,93.80,5
66799953,12,2024-02-10,15.08,1
66811385,2,2024-02-10,7.70,1
66834529,26,2024-02-09,50.97,5
66839056,20,2024-02-06,46.27,4
66850204,14,2024-02-01,49.13,2
66851099,24,2024-02-06,43.70,1
66855234,25,2024-02-08,81.50,5
66859237,18,2024-02-05,16.02,2
66859972,30,2024-02-01,27.73,2
66861797,28,2024-02-01,13.16,1
66868543,10,2024-02-08,47.45,2
66871862,10,2024-02-08,104.27,5
66886110,2,2024-02-04,74.87,5
66893694,26,2024-02-03,66.55,5
66897734,6,2024-02-09,122.63,5
66899083,25,2024-02-01,65.48,2
66905428,5,2024-02-02,39.45,4
66906963,12,2024-02-09,6.12,1
66910379,24,2024-02-08,57.18,5
66922179,2,2024-02-03,41.90,1
66926373,2,2024-02-10,113.71,4
66928180,21,2024-02-03,7.94,1
66931714,5,2024-02-06,55.03,5
66949036,15,2024-02-06,30.25,3
66949950,10,2024-02-08,38.42,2
66954209,27,2024-02-09,55.25,4
66955847,23,2024-02-10,91.81,4
66964688,9,2024-02-02,72.88,3
66964946,20,2024-02-06,45.32,4
66968401,11,2024-02-06,104.11,4
66984609,24,2024-02-08,16.84,1
66987835,22,2024-02-05,14.96,2
67001156,8,2024-02-05,17.34,1
67029130,6,2024-02-02,28.89,2
67031257,9,2024-02-08,79.89,3
67059586,1,2024-02-10,5.65,1
67064036,1,2024-02-02,45.48,3
67071940,11,2024-02-10,64.52,5
67079743,22,2024-02-02,33.24,2
67087760,30,2024-02-05,48.64,5
67097874,29,2024-02-08,74.34,3
67113947,8,2024-02-02,14.48,1
67114582,7,2024-02-04,40.91,5
67123711,18,2024-02-08,9.37,1
67130701,25,2024-02-04,65.42,4
67150120,24,2024-02-03,51.06,3
67152049,18,2024-02-10,37.10,1
67183512,27,2024-02-09,32.98,2
67190240,2,2024-02-01,8.56,1
67194118,30,2024-02-02,6.18,1
67210008,7,2024-02-08,61.86,3
67219085,28,2024-02-10,18.88,1
67230386,8,2024-02-10,4.21,1
67240189,3,2024-02-10,39.33,3
67258533,3,2024-02-04,19.96,3
67265481,26,2024-02-02,4.53,1
67267201,18,2024-02-09,45.11,2
67282740,28,2024-02-01,30.54,2
67283540,10,2024-02-06,49.31,4
67293608,2,2024-02-04,44.68,3
67299872,26,2024-02-02,21.15,2
67324219,27,2024-02-01,49.86,3
67327008,9,2024-02-06,38.58,5
67345249,26,2024-02-09,56.45,5
67346149,13,2024-02-09,21.00,2
67353307,7,2024-02-08,40.83,2
67353381,7,2024-02-08,83.39,4
67368397,17,2024-02-08,50.42,3
67370762,15,2024-02-05,74.74,4
67372397,17,2024-02-02,9.90,1
67379567,16,2024-02-06,66.06,5
67383160,16,2024-02-02,31.81,5
67430669,20,2024-02-10,90.31,5
67441987,6,2024-02-09,39.79,4
67452248,6,2024-02-01,110.52,5
67474430,22,2024-02-01,28.29,1
67490246,1,2024-02-01,35.78,3
67494565,22,2024-02-03,31.39,2
67506568,6,2024-02-10,4.87,1
67508599,30,2024-02-01,26.04,1
67523594,7,2024-02-02,25.16,1
67538978,26,2024-02-06,32.87,2
67546422,27,2024-02-08,74.51,5
67548046,17,2024-02-09,101.59,3
67552170,29,2024-02-04,36.12,3
67558958,22,2024-02-08,1.54,1
67559028,9,2024-02-08,23.60,1
67583534,13,2024-02-08,1.54,1
67588030,27,2024-02-06,46.47,2
67597005,21,2024-02-03,41.57,4
67598720,19,2024-02-10,168.34,5
67612669,25,2024-02-08,53.55,5
67614349,20,2024-02-04,28.42,2
67637528,5,2024-02-09,62.44,5
67646208,29,2024-02-06,70.11,4
67653608,20,2024-02-08,27.38,3
67657601,21,2024-02-01,52.18,3
67668095,5,2024-02-09,59.10,3
67676241,25,2024-02-09,29.84,4
67678241,15,2024-02-06,48.31,4
67694709,27,2024-02-09,19.90,1
67695074,16,2024-02-06,57.56,3
67717808,18,2024-02-05,18.87,1
67724935,8,2024-02-09,71.18,4
67726215,27,2024-02-01,57.97,3
67733180,8,2024-02-04,44.83,3
67736622,13,2024-02-01,29.36,2
67744685,23,2024-02-02,30.79,2
67756641,20,2024-02-09,76.98,4
67774978,15,2024-02-01,60.01,4
67776772,15,2024-02-01,75.85,4
67810673,3,2024-02-05,68.35,4
67819973,25,2024-02-06,37.30,2
67831069,26,2024-02-08,114.03,4
67849486,26,2024-02-04,41.70,3
67863657,22,2024-02-10,21.40,1
67874708,25,2024-02-10,27.64,3
67875684,13,2024-02-05,10.52,2
67890783,5,2024-02-02,29.05,4
67891192,12,2024-02-02,12.18,2
67894115,10,2024-02-03,27.88,2
67897613,12,2024-02-01,30.57,4
67901886,19,2024-02-01,66.76,3
67909874,9,2024-02-09,41.68,4
67918931,22,2024-02-01,80.40,3
67918939,26,2024-02-05,74.82,3
67921741,16,2024-02-02,62.52,3
67928409,4,2024-02-06,4.69,1
67939133,13,2024-02-06,89.93,4
67955955,27,2024-02-06,73.23,4
67962483,4,2024-02-10,32.80,4
67991435,12,2024-02-06,46.60,4
67992443,22,2024-02-09,1.53,1
68006075,16,2024-02-01,19.90,1
68014970,25,2024-02-04,88.90,5
68019392,20,2024-02-08,24.90,2
68020688,8,2024-02-08,50.86,2
68023054,11,2024-02-09,37.70,1
68026724,16,2024-02-06,39.99,3
68038798,8,2024-02-01,67.13,4
68042356,18,2024-02-09,23.45,1
68051473,27,2024-02-06,39.78,4
68078168,19,2024-02-05,53.10,3
68088913,26,2024-02-02,6.33,1
68121579,22,2024-02-01,38.00,3
68123323,27,2024-02-05,6.48,2
68136050,26,2024-02-05,7.55,1
68142433,5,2024-02-04,25.99,2
68147703,30,2024-02-01,0.00,0
68149787,26,2024-02-09,72.33,5
68177746,29,2024-02-10,6.29,1
68179808,8,2024-02-01,0.00,0
68186273,12,2024-02-10,83.07,4
68188995,21,2024-02-08,15.88,1
68196413,25,2024-02-02,6.56,1
68201242,27,2024-02-05,19.25,3
68203190,6,2024-02-06,32.68,3
68233044,19,2024-02-09,13.12,1
68235421,5,2024-02-09,6.18,1
68237047,8,2024-02-06,16.71,2
68241366,30,2024-02-06,29.64,1
68241629,27,2024-02-05,6.33,1
68274501,23,2024-02-01,56.01,2
68281130,9,2024-02-01,53.37,4
68295998,4,2024-02-02,37.17,3
68321059,19,2024-02-04,28.79,3
68347920,30,2024-02-06,6.51,1
68375238,25,2024-02-09,50.74,3
68383672,28,2024-02-06,21.65,4
68400297,13,2024-02-09,34.04,3
68405172,29,2024-02-03,104.48,4
68409807,20,2024-02-06,42.11,3
68418788,28,2024-02-08,20.16,3
68424815,9,2024-02-03,45.46,4
68483552,18,2024-02-10,23.46,3
68523518,9,2024-02-08,18.88,1
68524469,25,2024-02-04,35.50,2
68526838,28,2024-02-06,9.44,1
68532732,4,2024-02-02,105.04,4
68536168,22,2024-02-09,29.98,3
68546053,25,2024-02-01,71.66,5
68557654,30,2024-02-10,11.25,1
68562343,23,2024-02-08,66.32,2
68579487,12,2024-02-04,8.46,2
68587818,25,2024-02-01,12.78,2
68589343,21,2024-02-09,64.03,5
68593985,17,2024-02-02,31.34,2
68608193,26,2024-02-02,28.76,2
68608694,14,2024-02-06,53.14,3
68646189,6,2024-02-09,6.04,1
68646382,30,2024-02-09,53.65,2
68661679,5,2024-02-03,20.82,2
68662358,29,2024-02-06,78.22,4
68672013,2,2024-02-09,22.60,1
68676521,24,2024-02-02,50.73,4
68682233,2,2024-02-04,9.37,1
68696202,30,2024-02-05,26.22,1
68696998,3,2024-02-04,44.53,4
68701278,13,2024-02-04,24.73,2
68747531,18,2024-02-06,29.27,2
68755446,22,2024-02-10,88.09,5
68758639,11,2024-02-06,58.92,3
68773708,4,2024-02-02,4.53,1
68815585,3,2024-02-09,41.15,3
68826171,29,2024-02-06,48.45,3
68835731,18,2024-02-10,33.68,4
68844841,4,2024-02-08,79.46,4
68848259,29,2024-02-10,0.51,1
68855960,8,2024-02-05,51.43,5
68865164,8,2024-02-02,16.46,2
68867234,29,2024-02-02,3.98,1
68873719,9,2024-02-09,31.41,2
68876080,26,2024-02-10,7.94,1
68879977,15,2024-02-10,35.63,2
68907978,25,2024-02-09,40.65,5
68927299,1,2024-02-06,84.87,3
68940544,23,2024-02-01,86.40,4
68942515,23,2024-02-01,27.23,3
68943468,23,2024-02-02,52.26,4
68960729,30,2024-02-09,37.27,2
69013056,26,2024-02-02,75.93,4
69044178,28,2024-02-08,76.63,3
69046073,5,2024-02-04,41.61,4
69070659,26,2024-02-02,35.81,2
69081571,6,2024-02-08,21.81,2
69082225,27,2024-02-10,27.43,2
69084797,29,2024-02-10,0.00,0
69086413,24,2024-02-09,19.90,1
69086497,27,2024-02-06,26.39,4
69100206,17,2024-02-01,52.90,3
69106302,5,2024-02-08,8.94,3
69135668,10,2024-02-04,86.97,5
69136182,3,2024-02-09,49.56,2
69138281,29,2024-02-08,103.53,5
69146689,12,2024-02-02,11.30,1
69149387,26,2024-02-06,16.95,1
69151993,5,2024-02-08,14.84,1
69158676,19,2024-02-10,18.87,1
69165442,11,2024-02-08,34.29,3
69166056,5,2024-02-02,80.02,4
69170396,1,2024-02-04,72.57,3
69176963,2,2024-02-06,30.16,1
69180395,18,2024-02-10,90.48,4
69180690,20,2024-02-10,14.84,1
69181359,6,2024-02-03,4.53,1
69183219,26,2024-02-08,65.64,4
69183617,28,2024-02-10,34.53,2
69218820,3,2024-02-06,16.53,3
69225777,23,2024-02-03,56.95,3
69234564,27,2024-02-03,39.19,3
69244104,7,2024-02-02,75.23,5
69245890,13,2024-02-02,27.56,2
69251295,3,2024-02-01,37.43,3
69263672,18,2024-02-10,19.48,1
69266205,19,2024-02-02,47.80,2
69275181,16,2024-02-06,21.02,4
69294831,18,2024-02-09,4.62,1
69305344,10,2024-02-10,108.11,4
69340633,2,2024-02-01,47.15,1
69346367,3,2024-02-03,57.25,4
69360516,5,2024-02-01,1.54,1
69371036,19,2024-02-02,70.44,5
69382269,26,2024-02-08,36.10,2
69456830,22,2024-02-02,69.80,4
69478586,28,2024-02-04,23.60,1
69482507,6,2024-02-03,0.00,0
69488707,1,2024-02-04,57.76,3
69489666,6,2024-02-03,15.21,3
69494257,7,2024-02-02,73.55,4
69501935,21,2024-02-08,99.87,4
69505384,28,2024-02-06,9.90,1
69512962,15,2024-02-03,61.75,4
69518859,23,2024-02-05,59.86,3
69529523,22,2024-02-08,2.55,1
69538431,18,2024-02-09,37.10,1
69550300,4,2024-02-09,43.70,1
69556361,4,2024-02-02,76.35,5
69564559,8,2024-02-06,18.81,3
69569565,18,2024-02-05,117.75,5
69570372,23,2024-02-04,51.87,3
69583011,1,2024-02-09,30.88,4
69613252,14,2024-02-10,98.82,4
69614899,13,2024-02-08,23.76,2
69619151,13,2024-02-02,18.32,1
69628602,8,2024-02-09,48.84,2
69633109,6,2024-02-10,70.82,4
69641684,6,2024-02-04,31.75,3
69663390,29,2024-02-03,4.21,1
69666914,13,2024-02-01,37.72,1
69674173,25,2024-02-08,8.42,3
69677364,28,2024-02-04,7.98,2
69687167,1,2024-02-04,42.34,4
69689982,12,2024-02-04,4.69,1
69724076,8,2024-02-02,46.10,3
69763457,5,2024-02-04,18.32,1
69764837,13,2024-02-01,66.36,4
69766447,11,2024-02-02,72.65,4
69775375,2,2024-02-09,16.71,2
69799273,29,2024-02-10,56.67,5
69816745,17,2024-02-02,80.56,3
69822671,4,2024-02-09,13.16,1
69850060,1,2024-02-05,66.92,3
69852150,28,2024-02-10,45.91,3
69857767,15,2024-02-01,18.49,2
69879306,29,2024-02-01,11.30,1
69880555,22,2024-02-10,34.58,2
69883053,18,2024-02-01,41.97,5
69895019,9,2024-02-08,28.25,1
69905799,22,2024-02-02,30.30,2
69907102,6,2024-02-09,63.43,4
69908436,25,2024-02-09,28.75,2
69909781,25,2024-02-09,94.30,5
69913456,6,2024-02-09,36.76,2
69915079,24,2024-02-09,58.36,3
69915645,14,2024-02-10,53.08,2
69941316,1,2024-02-09,71.22,5
69952719,6,2024-02-05,7.54,1
69954243,8,2024-02-01,35.06,3
69986394,23,2024-02-06,19.68,1
70001351,27,2024-02-02,120.42,4
70002978,9,2024-02-01,30.16,1
70018427,4,2024-02-06,17.34,1
70028689,27,2024-02-06,81.85,5
70061460,16,2024-02-05,11.56,1
70066310,27,2024-02-06,17.60,2
70069596,12,2024-02-02,0.00,0
70072796,25,2024-02-05,40.91,3
70073241,4,2024-02-06,81.84,5
70080797,12,2024-02-10,6.12,1
70087810,3,2024-02-06,10.89,1
70091682,21,2024-02-08,43.95,3
70096718,11,2024-02-05,9.90,1
70096799,25,2024-02-01,29.14,5
70104493,27,2024-02-02,39.98,3
70105070,4,2024-02-01,33.32,2
70108282,28,2024-02-10,64.69,5
70110021,23,2024-02-06,33.28,4
70118090,5,2024-02-06,45.10,2
70130086,2,2024-02-04,107.95,3
70132620,28,2024-02-08,91.96,5
70147804,12,2024-02-08,19.15,3
70157346,26,2024-02-06,43.29,3
70176650,20,2024-02-01,24.96,2
70179164,9,2024-02-01,26.71,2
70182970,30,2024-02-01,161.72,5
70206326,5,2024-02-06,67.97,4
70223544,16,2024-02-01,6.04,1
70233526,21,2024-02-04,65.42,3
70238993,12,2024-02-01,33.52,1
70248846,18,2024-02-02,6.66,2
70262620,24,2024-02-02,22.62,3
70269896,3,2024-02-04,41.10,2
70272619,18,2024-02-06,43.70,1
70283739,29,2024-02-04,68.44,4
70285386,21,2024-02-05,22.68,2
70285996,27,2024-02-01,0.00,0
70295907,2,2024-02-08,8.18,1
70301770,23,2024-02-02,69.38,3
70309991,4,2024-02-06,34.52,5
70314364,6,2024-02-06,34.24,1
70314992,19,2024-02-08,12.87,3
70322032,14,2024-02-01,67.77,4
70327757,2,2024-02-09,4.59,1
70334560,30,2024-02-06,42.31,2
70335575,19,2024-02-02,51.60,3
70345514,16,2024-02-06,54.91,4
70345651,9,2024-02-04,37.05,1
70356330,18,2024-02-07,82.82,5
70362941,15,2024-02-08,0.00,0
70363998,29,2024-02-04,77.48,3
70366668,16,2024-02-09,60.25,4
70375476,27,2024-02-02,50.09,4
70387925,29,2024-02-01,22.59,3
70392348,23,2024-02-01,82.49,4
70406902,20,2024-02-06,56.51,3
70419723,28,2024-02-01,18.87,1
70425462,16,2024-02-08,4.53,1
70439739,21,2024-02-01,62.90,5
70441684,19,2024-02-06,71.16,3
70450219,27,2024-02-09,19.06,2
70454487,9,2024-02-02,55.17,4
70457573,9,2024-02-01,143.37,5
70462167,23,2024-02-04,9.27,1
70472242,5,2024-02-02,3.06,1
70472349,29,2024-02-06,65.81,4
70472698,5,2024-02-09,57.53,3
70476825,20,2024-02-03,73.25,5
70489855,12,2024-02-06,57.48,3
70507072,11,2024-02-01,28.17,2
70511411,8,2024-02-06,11.41,2
70513060,23,2024-02-06,8.18,1
70524055,26,2024-02-06,97.43,3
70527426,23,2024-02-02,60.82,3
70543805,14,2024-02-05,49.76,2
70557264,2,2024-02-05,42.97,2
70557844,22,2024-02-10,19.22,3
70563807,27,2024-02-10,46.05,4
70594137,21,2024-02-01,1.79,1
70612607,6,2024-02-09,103.68,4
70617878,19,2024-02-09,41.94,4
70618318,10,2024-02-06,121.30,5
70626009,3,2024-02-06,88.84,3
70631044,26,2024-02-06,56.90,5
70650766,4,2024-02-02,9.16,1
70651614,14,2024-02-08,67.20,4
70675680,18,2024-02-06,87.38,4
70676673,21,2024-02-06,62.81,4
70686032,1,2024-02-09,8.38,1
70707075,25,2024-02-01,27.90,3
70708288,19,2024-02-09,52.35,4
70716081,21,2024-02-02,21.93,2
70720504,15,2024-02-01,58.95,4
70721839,7,2024-02-08,27.47,2
70729305,9,2024-02-03,14.84,1
70732050,2,2024-02-02,54.93,4
70740356,29,2024-02-04,3.97,1
70788215,30,2024-02-02,3.09,1
70789915,14,2024-02-10,42.08,2
70815865,12,2024-02-06,79.39,5
70829544,24,2024-02-01,58.01,3
70829660,4,2024-02-10,41.16,3
70831650,12,2024-02-09,8.56,1
70837792,10,2024-02-09,39.19,2
70852646,8,2024-02-08,60.55,2
70878815,29,2024-02-02,33.24,2
70888735,21,2024-02-01,14.16,1
70888756,8,2024-02-02,26.22,1
70934122,4,2024-02-01,83.07,4
70961635,28,2024-02-08,11.94,1
70965000,11,2024-02-09,62.19,5
70972207,23,2024-02-02,105.37,5
70978666,15,2024-02-02,25.69,2
70985201,29,2024-02-10,21.50,4
70990909,26,2024-02-02,54.38,3
70995667,17,2024-02-10,103.91,4
71000560,19,2024-02-06,35.52,4
71005923,21,2024-02-06,62.08,4
71007881,6,2024-02-06,20.45,1
71032867,3,2024-02-05,43.41,2
71060631,2,2024-02-01,62.43,3
71062853,15,2024-02-03,58.60,4
71068089,27,2024-02-02,64.98,5
71071709,13,2024-02-10,10.84,2
71093541,3,2024-02-06,4.21,1
71094137,19,2024-02-01,23.12,1
71094614,2,2024-02-09,32.10,4
71128084,21,2024-02-08,73.85,5
71131553,4,2024-02-06,41.69,3
71133442,6,2024-02-01,109.36,5
71133682,25,2024-02-01,104.13,4
71139316,10,2024-02-01,39.67,2
71141699,11,2024-02-02,44.92,3
71187550,16,2024-02-04,4.87,1
71188204,23,2024-02-10,9.74,1
71195915,23,2024-02-09,5.94,1
71201020,22,2024-02-08,96.22,3
71225185,22,2024-02-03,41.44,2
71229546,22,2024-02-09,68.06,4
71231737,12,2024-02-01,48.55,3
71253288,6,2024-02-03,15.92,1
71259966,26,2024-02-10,54.31,3
71267335,23,2024-02-08,99.36,4
71268054,5,2024-02-06,40.19,2
71275703,30,2024-02-06,45.40,3
71279175,20,2024-02-09,54.36,2
71283525,2,2024-02-06,31.30,4
71293919,11,2024-02-06,17.96,4
71295802,28,2024-02-05,21.48,3
71301151,3,2024-02-04,29.68,1
71302271,27,2024-02-01,34.39,3
71305958,19,2024-02-04,109.89,5
71313409,10,2024-02-01,64.80,5
71334916,15,2024-02-01,44.57,4
71339234,16,2024-02-08,44.41,4
71345830,13,2024-02-09,78.72,3
71358319,28,2024-02-08,6.63,2
71370310,20,2024-02-10,40.21,2
71377612,11,2024-02-10,21.19,3
71385857,20,2024-02-02,76.11,4
71388467,8,2024-02-08,23.79,3
71388770,6,2024-02-01,58.15,2
71392293,22,2024-02-09,24.34,4
71392423,8,2024-02-10,0.00,0
71401559,29,2024-02-02,104.05,5
71409210,7,2024-02-06,72.79,5
71415230,23,2024-02-06,95.57,4
71418719,13,2024-02-08,14.32,2
71443590,13,2024-02-03,35.73,3
71449821,14,2024-02-06,88.43,5
71465721,28,2024-02-01,71.90,4
71468653,26,2024-02-10,59.18,4
71481398,28,2024-02-04,84.35,4
71483546,4,2024-02-02,36.66,4
71484230,10,2024-02-09,8.74,1
71493719,21,2024-02-08,19.90,1
71494130,4,2024-02-04,71.45,3
71499320,7,2024-02-06,27.48,1
71499772,14,2024-02-01,12.66,1
71508746,25,2024-02-02,113.84,5
71511406,5,2024-02-10,23.34,3
71511775,13,2024-02-06,78.57,5
71531428,7,2024-02-08,9.86,3
71549311,27,2024-02-04,76.13,3
71549553,13,2024-02-01,0.00,0
71564501,7,2024-02-10,20.58,2
71581260,17,2024-02-01,73.07,4
71582674,8,2024-02-03,7.94,1
71593472,20,2024-02-02,32.16,4
71637352,4,2024-02-10,0.00,0
71640545,26,2024-02-02,49.00,3
71671009,28,2024-02-04,44.57,4
71679446,30,2024-02-02,51.52,4
71703469,12,2024-02-01,22.60,1
71707957,3,2024-02-05,9.87,1
71716651,20,2024-02-09,20.36,3
71720108,24,2024-02-06,105.20,3
71725251,10,2024-02-06,89.98,5
71746133,28,2024-02-10,99.75,4
71746350,27,2024-02-06,40.79,3
71759914,28,2024-02-10,18.76,1
71764501,1,2024-02-01,9.81,3
71767873,3,2024-02-02,89.95,2
71769419,29,2024-02-01,27.64,3
71781123,30,2024-02-03,42.12,3
71783424,2,2024-02-01,0.00,0
71806862,13,2024-02-06,8.38,1
71811959,9,2024-02-10,8.56,1
71842811,6,2024-02-06,52.26,2
71848371,28,2024-02-09,21.05,1
71851345,9,2024-02-01,54.14,5
71855675,8,2024-02-01,43.67,3
71877305,26,2024-02-08,38.27,4
71889292,23,2024-02-10,64.76,4
71889987,10,2024-02-02,38.68,2
71898286,28,2024-02-06,21.09,3
71912981,5,2024-02-06,72.33,4
71922892,11,2024-02-01,12.36,1
71926873,20,2024-02-01,42.92,4
71927010,13,2024-02-09,57.73,5
71936585,29,2024-02-06,67.00,2
71939371,15,2024-02-05,58.40,2
71942370,24,2024-02-01,22.10,2
71957444,28,2024-02-10,39.68,3
71958275,25,2024-02-10,37.51,3
71961836,26,2024-02-01,34.76,2
71997652,20,2024-02-06,3.96,1
71999702,23,2024-02-05,55.25,5
72009064,12,2024-02-08,62.38,3
72013020,14,2024-02-06,26.69,3
72035270,11,2024-02-01,24.46,3
72043694,5,2024-02-09,13.95,2
72045579,30,2024-02-08,38.33,3
72069106,17,2024-02-01,55.37,2
72075492,30,2024-02-06,31.99,3
72108513,20,2024-02-06,93.68,5
72114287,1,2024-02-10,83.73,3
72154779,28,2024-02-09,38.04,3
72155097,17,2024-02-01,18.08,3
72166042,13,2024-02-05,5.65,1
72169452,1,2024-02-03,28.91,3
72197533,16,2024-02-08,8.26,2
72197874,2,2024-02-02,22.23,1
72201559,30,2024-02-06,3.29,1
72201662,17,2024-02-09,22.26,1
72211668,6,2024-02-04,15.08,1
72213930,30,2024-02-09,7.41,1
72222607,7,2024-02-02,57.01,4
72247101,15,2024-02-05,28.97,4
72251173,25,2024-02-05,2.55,1
72252915,28,2024-02-06,16.07,2
72260764,5,2024-02-04,18.42,2
72269741,1,2024-02-10,34.06,2
72273084,17,2024-02-09,60.67,3
72286451,20,2024-02-10,28.25,1
72287023,22,2024-02-08,9.43,1
72288442,24,2024-02-02,48.67,5
72298760,15,2024-02-09,12.30,3
72304448,29,2024-02-10,147.16,5
72305898,2,2024-02-10,20.54,2
72308013,7,2024-02-01,16.45,1
72309187,22,2024-02-06,29.68,1
72311827,30,2024-02-01,78.66,5
72316233,16,2024-02-02,44.02,3
72323900,21,2024-02-01,91.10,5
72336349,12,2024-02-01,7.77,2
72344557,17,2024-02-08,90.52,5
72345097,17,2024-02-10,43.50,2
72357717,6,2024-02-04,0.00,0
72359646,6,2024-02-06,77.45,3
72362332,21,2024-02-01,17.12,1
72363096,26,2024-02-02,61.41,5
72383426,24,2024-02-09,30.87,2
72413034,15,2024-02-01,82.16,5
72418405,28,2024-02-09,77.40,5
72430792,21,2024-02-04,45.00,3
72444765,5,2024-02-06,62.27,5
72445612,26,2024-02-08,57.15,4
72452038,16,2024-02-10,29.90,2
72459158,12,2024-02-06,49.64,2
72469981,30,2024-02-08,4.21,1
72474234,13,2024-02-01,23.45,1
72477868,24,2024-02-08,51.71,2
72492681,23,2024-02-06,25.11,3
72499239,21,2024-02-02,97.88,5
72499295,21,2024-02-09,21.58,2
72543774,22,2024-02-02,69.67,5
72546112,14,2024-02-01,38.60,3
72552919,20,2024-02-04,5.37,1
72565798,23,2024-02-01,72.81,4
72573911,16,2024-02-04,93.10,5
72574652,24,2024-02-04,39.58,4
72583133,10,2024-02-06,103.55,5
72588535,26,2024-02-06,26.83,2
72616709,29,2024-02-10,65.86,3
72624007,20,2024-02-10,43.26,2
72626568,28,2024-02-09,55.77,4
72627696,17,2024-02-06,0.00,0
72641062,15,2024-02-08,19.90,1
72659747,15,2024-02-05,33.01,3
72667101,18,2024-02-02,50.41,4
72676412,25,2024-02-02,33.97,3
72686374,6,2024-02-05,37.28,2
72696533,8,2024-02-01,88.14,4
72715072,3,2024-02-01,74.92,4
72736321,25,2024-02-08,57.99,4
72757918,17,2024-02-06,46.21,2
72766020,7,2024-02-05,9.12,2
72769417,14,2024-02-05,55.26,2
72779396,5,2024-02-08,14.16,1
72785800,9,2024-02-05,23.12,1
72788552,20,2024-02-05,25.16,1
72790584,27,2024-02-09,30.49,4
72806006,3,2024-02-06,41.16,3
72811605,19,2024-02-06,16.54,2
72818408,22,2024-02-02,8.56,1
72831115,7,2024-02-09,15.88,1
72839498,8,2024-02-10,18.76,1
72854639,21,2024-02-09,40.81,2
72858310,4,2024-02-06,7.54,1
72859472,18,2024-02-01,59.59,3
72871238,15,2024-02-10,15.45,1
72882325,11,2024-02-01,64.33,4
72887103,11,2024-02-02,40.70,3
72887824,2,2024-02-09,23.44,2
72893569,27,2024-02-10,0.00,0
72898303,8,2024-02-10,36.03,3
72898653,26,2024-02-02,42.03,3
72909724,18,2024-02-06,97.59,4
72910746,29,2024-02-01,14.88,2
72914601,3,2024-02-09,55.46,4
72942159,25,2024-02-09,83.19,5
72942657,8,2024-02-02,8.73,2
72943794,18,2024-02-09,37.20,4
72952567,7,2024-02-06,106.55,4
72955549,25,2024-02-04,73.68,4
72970554,6,2024-02-06,85.19,5
72987784,6,2024-02-02,70.95,4
72994992,14,2024-02-10,38.03,3
73001058,25,2024-02-08,1.51,1
73010567,23,2024-02-02,69.85,4
73011932,29,2024-02-01,29.04,2
73012336,25,2024-02-09,62.95,4
73012787,27,2024-02-06,30.71,3
73013703,23,2024-02-08,54.49,2
73023499,15,2024-02-02,5.72,2
73027687,8,2024-02-01,23.27,2
73028433,11,2024-02-07,60.68,4
73034127,22,2024-02-01,11.40,2
73035716,20,2024-02-01,3.78,2
73044071,28,2024-02-10,45.22,2
73052923,12,2024-02-02,76.58,5
73057701,23,2024-02-02,26.67,4
73076576,19,2024-02-04,104.58,5
73094550,16,2024-02-03,31.79,5
73099835,9,2024-02-09,32.32,3
73115723,30,2024-02-06,37.85,3
73121186,24,2024-02-06,46.04,4
73122894,23,2024-02-06,79.48,4
73127913,4,2024-02-01,52.98,2
73131895,15,2024-02-08,40.41,4
73144264,30,2024-02-02,31.45,1
73148928,18,2024-02-06,14.48,1
73156846,29,2024-02-01,68.43,4
73164036,9,2024-02-01,29.63,2
73174152,12,2024-02-04,69.39,5
73174846,5,2024-02-09,56.63,2
73176309,19,2024-02-04,90.31,4
73178292,21,2024-02-01,36.01,4
73179911,13,2024-02-02,54.63,3
73192807,18,2024-02-01,37.26,3
73196373,16,2024-02-10,0.00,0
73206386,27,2024-02-03,36.11,2
73208389,25,2024-02-06,99.60,4
73224521,3,2024-02-01,65.22,5
73229028,2,2024-02-06,52.17,5
73229319,3,2024-02-06,50.00,5
73234826,14,2024-02-02,19.57,4
73237562,26,2024-02-05,28.68,2
73239647,23,2024-02-06,146.56,5
73267979,20,2024-02-06,117.62,5
73277100,27,2024-02-08,20.29,2
73282397,27,2024-02-01,49.48,2
73283054,1,2024-02-06,80.11,5
73287979,5,2024-02-06,41.16,4
73291471,30,2024-02-01,0.00,0
73294664,1,2024-02-03,50.80,3
73302302,24,2024-02-09,11.94,1
73303662,7,2024-02-08,31.40,3
73304609,13,2024-02-08,42.56,3
73311730,26,2024-02-08,46.92,5
73321123,29,2024-02-09,36.67,3
73321725,14,2024-02-02,8.38,1
73324966,27,2024-02-10,30.08,2
73329362,12,2024-02-08,11.94,1
73345857,10,2024-02-06,18.64,3
73369936,17,2024-02-10,50.08,2
73371790,27,2024-02-08,46.79,2
73374307,22,2024-02-08,82.58,3
73393256,10,2024-02-01,55.38,3
73415290,14,2024-02-02,75.69,5
73422811,22,2024-02-02,35.12,3
73424875,12,2024-02-06,31.32,4
73427499,19,2024-02-09,34.49,3
73437810,18,2024-02-06,65.01,3
73439286,28,2024-02-01,64.58,3
73466536,6,2024-02-02,23.45,1
73480405,21,2024-02-08,73.19,4
73488169,10,2024-02-10,43.46,3
73513029,19,2024-02-03,44.26,5
73531121,2,2024-02-08,22.93,2
73535073,9,2024-02-04,13.12,1
73543464,25,2024-02-02,50.09,5
73569218,30,2024-02-03,15.92,3
73569967,14,2024-02-06,23.04,3
73577502,3,2024-02-09,29.00,3
73585910,19,2024-02-05,47.94,2
73588644,17,2024-02-06,63.72,3
73598637,7,2024-02-06,57.01,4
73613867,29,2024-02-02,28.90,1
73621683,6,2024-02-06,42.76,2
73633931,7,2024-02-01,6.13,2
73640151,11,2024-02-01,4.53,1
73647094,16,2024-02-04,11.30,1
73660903,11,2024-02-06,143.72,5
73670532,27,2024-02-10,36.62,2
73675291,18,2024-02-09,6.12,1
73684580,12,2024-02-10,4.09,1
73698302,17,2024-02-09,47.30,3
73703474,30,2024-02-06,35.99,2
73705461,6,2024-02-06,4.09,1
73723428,16,2024-02-06,61.80,3
73761118,22,2024-02-05,21.36,2
73761536,13,2024-02-02,14.48,3
73761803,17,2024-02-01,15.47,2
73764226,3,2024-02-04,17.34,1
73765757,29,2024-02-06,26.40,3
73768661,24,2024-02-01,42.61,3
73775112,11,2024-02-04,68.07,3
73776278,21,2024-02-01,50.94,2
73781245,15,2024-02-04,25.32,1
73783123,25,2024-02-10,18.27,4
73790506,25,2024-02-06,15.59,2
73812946,12,2024-02-09,75.81,4
73831781,11,2024-02-06,29.86,2
73833246,1,2024-02-10,34.90,5
73835910,11,2024-02-10,77.53,3
73854444,2,2024-02-09,74.91,3
73855433,20,2024-02-01,63.58,4
73862111,22,2024-02-08,59.08,4
73879113,17,2024-02-09,0.00,0
73879279,12,2024-02-08,6.74,3
73888588,24,2024-02-08,143.01,5
73889742,26,2024-02-09,28.25,1
73901119,1,2024-02-08,1.53,1
73910350,22,2024-02-05,71.68,3
73918133,21,2024-02-02,33.47,2
73922039,26,2024-02-03,33.55,3
73930160,6,2024-02-03,115.47,5
73936412,25,2024-02-06,64.34,4
73940690,23,2024-02-09,56.99,3
73943435,12,2024-02-08,1.53,1
73957080,15,2024-02-09,25.16,1
73957672,1,2024-02-02,23.60,1
73960782,21,2024-02-09,28.56,2
73965822,9,2024-02-06,63.62,4
73966761,6,2024-02-01,83.33,4
73970067,20,2024-02-06,35.71,2
73985634,24,2024-02-08,38.74,2
73988349,26,2024-02-02,53.54,5
73998450,20,2024-02-08,47.96,3
74012776,21,2024-02-10,39.80,1
74019190,3,2024-02-06,21.40,1
74022275,16,2024-02-10,34.56,2
74039431,17,2024-02-08,18.03,2
74079462,15,2024-02-01,7.55,1
74097333,2,2024-02-01,81.86,4
74106012,7,2024-02-02,83.96,4
74118664,23,2024-02-01,66.84,5
74134975,18,2024-02-09,15.71,3
74135983,19,2024-02-02,46.46,4
74136314,11,2024-02-01,102.32,4
74143836,25,2024-02-09,70.71,5
74171538,17,2024-02-10,17.48,1
74172272,25,2024-02-01,47.03,5
74198717,11,2024-02-06,44.59,3
74203973,20,2024-02-08,49.08,3
74212782,24,2024-02-01,23.51,2
74216348,30,2024-02-06,58.95,5
74221564,6,2024-02-04,100.14,5
74223682,16,2024-02-03,91.78,5
74226436,7,2024-02-08,8.56,1
74237401,4,2024-02-04,38.33,3
74239458,29,2024-02-09,43.32,3
74252661,6,2024-02-04,10.86,1
74254350,24,2024-02-09,26.47,3
74257256,16,2024-02-02,81.18,5
74261702,12,2024-02-08,55.84,5
74275331,24,2024-02-02,12.84,1
74277406,15,2024-02-06,6.40,2
74292603,26,2024-02-01,42.17,3
74313523,15,2024-02-09,14.84,1
74321817,21,2024-02-01,83.45,5
74332415,23,2024-02-08,58.36,3
74334033,8,2024-02-06,70.23,5
74334095,24,2024-02-06,0.00,0
74339714,10,2024-02-01,69.94,4
74351317,20,2024-02-01,26.04,1
74354183,22,2024-02-02,26.04,1
74356507,22,2024-02-10,23.64,2
74368369,14,2024-02-09,17.13,2
74380207,14,2024-02-02,45.00,2
74387289,28,2024-02-04,77.33,3
74392151,22,2024-02-02,67.04,4
74392953,10,2024-02-04,139.57,5
74402480,13,2024-02-06,83.71,5
74409308,24,2024-02-06,51.04,3
74417952,2,2024-02-01,26.22,1
74422741,29,2024-02-05,24.07,2
74431379,18,2024-02-08,62.19,5
74440204,19,2024-02-05,25.78,4
74449434,2,2024-02-09,95.06,5
74454824,28,2024-02-06,25.41,2
74491858,5,2024-02-02,69.49,5
74494765,20,2024-02-09,64.71,3
74574724,26,2024-02-10,48.19,2
74575740,2,2024-02-01,47.37,4
74578128,5,2024-02-10,37.05,1
74582401,12,2024-02-09,73.20,5
74583378,19,2024-02-01,7.05,2
74585761,1,2024-02-02,58.75,4
74595542,9,2024-02-09,36.54,3
74609653,3,2024-02-03,20.72,3
74609859,2,2024-02-06,47.65,4
74612503,5,2024-02-01,56.97,4
74613635,16,2024-02-02,103.57,4
74632024,17,2024-02-02,12.27,1
74635740,19,2024-02-04,28.87,3
74639723,16,2024-02-08,64.50,2
74642532,2,2024-02-09,47.89,3
74651500,21,2024-02-01,4.28,1
74658852,17,2024-02-01,28.11,1
74721023,2,2024-02-06,41.55,5
74732269,28,2024-02-10,9.16,1
74745298,9,2024-02-09,62.79,5
74745642,26,2024-02-09,76.88,3
74747163,14,2024-02-10,11.30,1
74754672,16,2024-02-01,15.96,2
74756774,11,2024-02-01,58.41,2
74766239,27,2024-02-04,48.88,3
74768205,23,2024-02-02,33.46,2
74789262,16,2024-02-06,37.70,1
74829569,20,2024-02-10,0.00,0
74847619,19,2024-02-09,88.55,4
74864296,21,2024-02-09,64.67,5
74870424,10,2024-02-05,65.80,5
74873252,26,2024-02-02,74.99,4
74885440,8,2024-02-04,66.42,3
74891930,9,2024-02-06,49.21,3
74893929,20,2024-02-02,43.70,1
74903903,29,2024-02-10,40.82,2
74904394,29,2024-02-08,67.33,4
74915886,16,2024-02-01,89.37,5
74916509,27,2024-02-08,71.46,4
74916955,9,2024-02-03,104.29,5
74919424,4,2024-02-06,141.46,5
74927342,2,2024-02-03,80.40,4
74931969,3,2024-02-06,22.70,3
74938335,27,2024-02-09,47.06,5
74940759,11,2024-02-06,36.80,2
74948285,8,2024-02-10,22.03,2
74951556,6,2024-02-02,46.96,2
74952341,15,2024-02-10,66.39,5
74952511,25,2024-02-06,41.90,1
74959347,4,2024-02-03,69.40,3
74962324,23,2024-02-09,22.02,3
74969174,22,2024-02-08,29.45,2
74971871,6,2024-02-01,63.66,4
75013760,12,2024-02-09,7.24,1
75029632,5,2024-02-08,43.46,4
75033167,22,2024-02-01,67.04,3
75048733,3,2024-02-01,37.57,4
75062273,9,2024-02-06,46.73,3
75072150,13,2024-02-06,6.29,1
75076446,28,2024-02-02,25.86,2
75079138,13,2024-02-04,29.30,2
75093879,15,2024-02-01,0.00,0
75099593,27,2024-02-08,27.93,2
75111952,22,2024-02-01,49.71,3
75120486,27,2024-02-05,50.44,4
75121707,15,2024-02-08,11.77,2
75126307,19,2024-02-10,38.33,4
75135648,24,2024-02-06,53.25,4
75158529,17,2024-02-09,11.30,1
75160134,15,2024-02-06,41.38,3
75171426,18,2024-02-04,56.20,2
75218725,9,2024-02-09,4.72,1
75235149,1,2024-02-09,90.54,5
75242210,7,2024-02-06,27.91,4
75253049,9,2024-02-08,30.83,4
75261001,28,2024-02-06,37.61,2
75268239,26,2024-02-01,17.12,1
75274232,7,2024-02-04,57.10,3
75298270,3,2024-02-02,68.91,4
75302906,25,2024-02-01,80.56,4
75307532,25,2024-02-05,19.68,1
75329783,20,2024-02-04,38.38,3
75344244,5,2024-02-04,106.08,5
75348204,5,2024-02-09,9.87,1
75356011,9,2024-02-06,63.50,4
75374041,9,2024-02-01,41.32,4
75374686,27,2024-02-09,76.18,5
75383459,22,2024-02-10,62.61,4
75383639,30,2024-02-06,2.25,1
75383738,20,2024-02-01,27.19,2
75386804,19,2024-02-09,37.20,2
75398100,9,2024-02-04,45.80,1
75431791,2,2024-02-03,22.23,1
75436705,12,2024-02-10,28.90,1
75460981,13,2024-02-09,46.54,5
75466625,29,2024-02-04,32.45,3
75479958,14,2024-02-03,40.11,3
75485936,29,2024-02-03,64.54,2
75490842,4,2024-02-01,43.63,3
75490897,5,2024-02-06,136.42,5
75492510,26,2024-02-06,50.23,4
75495568,24,2024-02-08,26.22,1
75499623,12,2024-02-09,63.03,3
75500720,2,2024-02-02,1.54,1
75519353,9,2024-02-10,0.00,0
75527265,4,2024-02-09,0.00,0
75555316,8,2024-02-06,11.25,1
75562884,28,2024-02-08,46.85,1
75568813,14,2024-02-09,18.96,3
75569808,22,2024-02-02,63.25,2
75587710,12,2024-02-08,59.87,3
75629194,13,2024-02-04,64.04,4
75629331,27,2024-02-09,98.55,5
75632989,12,2024-02-02,5.65,1
75649554,22,2024-02-09,57.70,3
75653742,13,2024-02-06,93.36,4
75654170,10,2024-02-08,107.62,4
75655276,23,2024-02-01,22.50,2
75659018,8,2024-02-05,34.27,2
75679436,27,2024-02-06,32.00,4
75693576,30,2024-02-04,23.77,3
75694429,13,2024-02-08,57.94,4
75695069,27,2024-02-09,52.23,2
75697327,17,2024-02-10,66.51,2
75699137,23,2024-02-09,59.20,3
75705106,5,2024-02-01,47.78,3
75724587,29,2024-02-09,4.72,1
75734290,1,2024-02-01,44.26,4
75734926,10,2024-02-06,90.50,4
75755487,1,2024-02-09,20.45,1
75764316,12,2024-02-03,31.28,4
75769984,15,2024-02-04,57.12,4
75772188,24,2024-02-07,43.43,2
75780738,14,2024-02-05,47.14,3
75791682,17,2024-02-02,40.30,2
75798113,11,2024-02-10,28.27,2
75804410,24,2024-02-01,26.29,3
75807057,19,2024-02-02,91.89,5
75809213,30,2024-02-02,25.14,1
75819760,10,2024-02-04,38.54,3
75848795,25,2024-02-09,22.60,1
75851654,7,2024-02-08,30.97,3
75854313,8,2024-02-04,107.63,5
75862779,5,2024-02-09,36.61,3
75865155,2,2024-02-10,8.42,1
75878417,2,2024-02-04,63.82,5
75882037,19,2024-02-08,29.68,3
75894587,21,2024-02-03,103.99,5
75897266,9,2024-02-04,56.74,5
75902767,12,2024-02-06,61.95,3
75908205,6,2024-02-06,54.49,3
75908755,29,2024-02-04,23.80,3
75919211,5,2024-02-09,23.88,2
75922550,2,2024-02-06,14.68,3
75936633,30,2024-02-04,38.58,2
75937431,13,2024-02-01,44.86,2
75975192,27,2024-02-10,15.88,1
75979997,10,2024-02-02,30.95,3
75985747,13,2024-02-01,44.21,4
75995211,1,2024-02-02,65.91,4
76025875,30,2024-02-01,22.11,2
76044191,17,2024-02-02,66.20,4
76053036,20,2024-02-02,26.22,1
76062776,1,2024-02-01,36.06,3
76073030,29,2024-02-04,29.18,2
76100607,1,2024-02-01,14.07,1
76106588,30,2024-02-06,107.95,4
76111843,10,2024-02-01,114.84,5
76113610,9,2024-02-01,27.69,4
76132866,23,2024-02-04,56.40,2
76146803,30,2024-02-06,4.69,1
76152489,2,2024-02-02,12.58,1
76157752,30,2024-02-10,53.17,3
76170270,1,2024-02-04,63.32,4
76182300,4,2024-02-02,20.80,2
76183563,8,2024-02-06,55.50,3
76194226,4,2024-02-05,25.86,2
76200331,9,2024-02-06,68.61,5
76204178,7,2024-02-06,1.53,1
76209406,10,2024-02-05,25.70,2
76214680,27,2024-02-05,24.62,3
76225099,26,2024-02-04,44.92,4
76238364,19,2024-02-02,43.95,3
76242230,6,2024-02-01,39.79,2
76254227,8,2024-02-04,72.72,3
76272325,4,2024-02-06,77.76,4
76279995,18,2024-02-09,22.60,2
76310673,23,2024-02-09,63.46,5
76322403,17,2024-02-05,37.20,3
76323825,23,2024-02-06,39.49,3
76330236,22,2024-02-03,57.38,3
76341104,23,2024-02-08,75.08,4
76345203,11,2024-02-06,50.37,2
76346222,13,2024-02-10,9.25,2
76351522,3,2024-02-09,102.43,4
76351593,2,2024-02-09,15.38,2
76352940,7,2024-02-01,39.52,2
76362077,6,2024-02-02,12.36,1
76365229,11,2024-02-10,0.00,0
76383053,11,2024-02-08,68.75,5
76387330,3,2024-02-08,26.24,1
76390886,19,2024-02-10,18.74,2
76400892,28,2024-02-09,76.46,4
76408588,19,2024-02-10,15.88,1
76420806,2,2024-02-06,106.61,5
76432351,17,2024-02-04,11.21,2
76437181,16,2024-02-06,14.48,1
76446734,25,2024-02-03,73.75,3
76460801,11,2024-02-06,50.86,2
76509342,9,2024-02-06,0.51,1
76511600,14,2024-02-01,13.02,1
76527958,11,2024-02-08,131.25,5
76531145,3,2024-02-01,8.95,1
76532349,2,2024-02-01,6.51,1
76538449,30,2024-02-08,32.19,2
76552777,28,2024-02-09,18.86,1
76557215,27,2024-02-02,63.23,2
76568153,3,2024-02-02,26.23,2
76584614,30,2024-02-10,46.67,2
76594244,10,2024-02-01,31.93,3
76602894,18,2024-02-08,26.04,1
76615149,2,2024-02-08,47.78,2
76617568,13,2024-02-01,46.44,3
76635053,5,2024-02-08,87.47,5
76646806,6,2024-02-08,13.12,1
76647468,14,2024-02-02,37.48,1
76649392,3,2024-02-02,47.38,4
76650448,1,2024-02-01,24.68,2
76672338,20,2024-02-06,91.46,4
76673753,20,2024-02-02,96.56,4
76674854,8,2024-02-10,62.03,5
76680265,12,2024-02-08,66.00,5
76681683,26,2024-02-10,24.46,2
76689279,20,2024-02-09,4.28,1
76701806,6,2024-02-08,50.76,5
76708125,29,2024-02-10,60.48,4
76709419,26,2024-02-01,39.28,2
76720858,26,2024-02-02,22.49,3
76731826,21,2024-02-02,27.45,3
76794239,26,2024-02-04,51.96,4
76797795,3,2024-02-03,82.89,5
76797807,16,2024-02-09,72.45,4
76820550,4,2024-02-10,66.77,4
76824912,15,2024-02-02,33.57,3
76833228,26,2024-02-02,47.32,2
76836404,30,2024-02-01,65.99,4
76843482,5,2024-02-05,75.66,5
76848541,17,2024-02-09,37.05,1
76853741,7,2024-02-09,15.64,2
76883888,24,2024-02-03,51.16,3
76889774,20,2024-02-03,93.39,5
76905329,3,2024-02-01,51.18,4
76924515,18,2024-02-08,13.90,2
76947682,6,2024-02-01,77.89,5
76950740,8,2024-02-06,40.23,4
76955662,17,2024-02-06,28.11,1
77002429,29,2024-02-10,5.65,1
77015321,8,2024-02-01,6.75,1
77023954,13,2024-02-01,21.54,2
77026627,3,2024-02-10,29.43,2
77034162,2,2024-02-08,8.95,1
77043285,3,2024-02-04,101.86,5
77043794,20,2024-02-10,22.02,2
77047129,28,2024-02-09,33.33,5
77056713,15,2024-02-10,39.80,4
77059261,23,2024-02-10,3.58,1
77065089,19,2024-02-05,30.72,2
77086825,18,2024-02-04,8.74,1
77094566,21,2024-02-01,89.81,5
77095130,5,2024-02-06,68.79,4
77116443,9,2024-02-10,81.76,4
77117711,1,2024-02-01,82.54,4
77134703,15,2024-02-01,32.79,2
77138191,4,2024-02-10,33.49,2
77143298,25,2024-02-08,15.36,3
77185803,5,2024-02-04,12.46,3
77195666,20,2024-02-10,39.23,5
77196284,5,2024-02-10,70.89,4
77196839,6,2024-02-06,12.32,2
77214058,20,2024-02-05,31.19,3
77217198,29,2024-02-02,57.00,4
77223136,26,2024-02-03,55.55,4
77244290,7,2024-02-02,1.53,1
77250647,12,2024-02-10,11.58,2
77281269,30,2024-02-06,50.32,4
77300527,2,2024-02-08,77.05,4
77323280,8,2024-02-01,48.51,3
77328957,3,2024-02-04,49.48,3
77329727,29,2024-02-05,54.68,5
77330117,16,2024-02-06,17.12,1
77334271,12,2024-02-02,22.60,1
77354851,26,2024-02-01,30.18,2
77356776,30,2024-02-02,46.51,3
77357378,6,2024-02-08,23.60,4
77388793,3,2024-02-08,18.32,1
77388907,20,2024-02-08,57.56,4
77392720,30,2024-02-06,12.63,1
77417872,19,2024-02-04,51.00,4
77423723,30,2024-02-06,78.36,5
77423800,8,2024-02-09,4.62,1
77426215,13,2024-02-01,36.38,4
77447336,12,2024-02-06,37.67,5
77455351,14,2024-02-02,77.59,3
77464997,27,2024-02-08,47.21,2
77480625,6,2024-02-10,68.58,4
77480935,24,2024-02-09,40.13,3
77491133,10,2024-02-04,43.81,5
77494159,28,2024-02-01,65.82,4
77496453,28,2024-02-01,44.81,3
77501933,24,2024-02-03,17.42,2
77505115,15,2024-02-01,28.66,3
77514710,6,2024-02-03,48.72,2
77527087,6,2024-02-01,10.45,2
77573797,20,2024-02-03,27.54,3
77580819,14,2024-02-09,50.15,3
77602741,5,2024-02-09,58.34,4
77626477,25,2024-02-02,27.55,3
77638779,9,2024-02-02,22.26,1
77640527,9,2024-02-01,106.87,4
77651695,27,2024-02-01,32.55,1
77656549,1,2024-02-10,17.49,2
77675943,20,2024-02-01,62.23,2
77678011,3,2024-02-06,95.07,5
77679953,24,2024-02-09,27.61,3
77708869,2,2024-02-03,77.58,5
77709130,22,2024-02-01,0.00,0
77710519,20,2024-02-01,42.71,5
77715914,8,2024-02-05,14.52,1
77723258,13,2024-02-05,46.99,4
77726150,12,2024-02-04,6.16,1
77731911,10,2024-02-01,13.92,3
77748440,21,2024-02-10,3.96,1
77752452,13,2024-02-03,25.63,2
77755786,17,2024-02-10,98.86,4
77756421,10,2024-02-01,60.14,2
77762755,5,2024-02-06,82.37,4
77773580,5,2024-02-02,10.36,3
77793578,4,2024-02-01,20.00,3
77800492,14,2024-02-10,27.07,2
77809513,18,2024-02-02,20.36,2
77814937,25,2024-02-08,14.99,2
77817768,21,2024-02-09,38.30,5
77820987,5,2024-02-05,30.65,3
77832939,27,2024-02-06,84.24,5
77836752,10,2024-02-06,55.46,2
77840719,4,2024-02-08,12.70,2
77845761,17,2024-02-02,31.76,3
77848539,6,2024-02-09,148.11,5
77866691,25,2024-02-01,25.14,1
77871166,4,2024-02-06,37.20,3
77887043,9,2024-02-10,67.58,4
77890558,18,2024-02-07,31.80,2
77906543,13,2024-02-04,31.05,2
77913863,7,2024-02-01,20.83,2
77916208,2,2024-02-06,44.49,2
77922925,10,2024-02-09,41.51,4
77924678,11,2024-02-08,24.45,2
77937475,7,2024-02-01,22.60,1
77947855,30,2024-02-01,54.55,4
77948937,18,2024-02-01,26.32,4
77956538,27,2024-02-01,43.13,2
77967982,30,2024-02-09,62.19,2
77993575,22,2024-02-04,59.68,4
77997840,30,2024-02-09,24.53,2
78000538,21,2024-02-09,122.86,5
78003056,4,2024-02-08,62.99,5
78036443,28,2024-02-04,36.64,1
78038082,20,2024-02-01,3.29,1
78042699,14,2024-02-01,9.41,2
78044199,27,2024-02-01,11.05,2
78046584,2,2024-02-10,10.78,3
78052251,16,2024-02-01,34.53,4
78061059,22,2024-02-09,7.24,1
78063589,12,2024-02-01,60.65,2
78078352,17,2024-02-06,45.64,4
78086422,7,2024-02-05,37.05,1
78100320,25,2024-02-10,0.00,0
78158207,30,2024-02-04,30.05,2
78169993,9,2024-02-05,70.02,3
78172662,30,2024-02-06,67.85,4
78186243,15,2024-02-06,31.31,2
78196175,19,2024-02-06,15.89,2
78205350,24,2024-02-06,36.29,2
78206037,25,2024-02-08,58.04,3
78216776,10,2024-02-08,74.68,5
78219998,26,2024-02-01,21.15,2
78238610,13,2024-02-09,37.47,4
78238704,30,2024-02-01,7.42,1
78241387,7,2024-02-04,13.95,2
78245702,2,2024-02-06,62.15,4
78249626,24,2024-02-09,40.14,4
78264439,26,2024-02-02,78.82,5
78280169,1,2024-02-05,26.56,2
78293650,12,2024-02-09,60.46,2
78299789,16,2024-02-02,39.90,5
78300875,13,2024-02-02,9.07,2
78302557,10,2024-02-01,46.46,4
78304105,16,2024-02-04,32.86,3
78327856,24,2024-02-01,45.79,3
78329849,3,2024-02-02,2.04,1
78400420,3,2024-02-08,112.26,5
78414719,13,2024-02-08,59.47,4
78430831,5,2024-02-03,0.51,1
78437166,2,2024-02-05,29.20,2
78447582,13,2024-02-08,11.69,2
78447789,19,2024-02-01,82.17,4
78452482,25,2024-02-06,7.42,1
78453344,6,2024-02-10,81.25,4
78466655,2,2024-02-01,7.92,1
78473738,21,2024-02-03,37.51,2
78484756,17,2024-02-05,4.69,1
78485509,26,2024-02-09,28.18,4
78491717,10,2024-02-05,24.92,2
78503327,13,2024-02-09,101.14,4
78509696,8,2024-02-02,7.92,1
78522935,20,2024-02-06,88.89,4
78528006,30,2024-02-06,62.81,3
78528291,4,2024-02-01,32.59,3
78533350,13,2024-02-08,8.42,1
78534396,25,2024-02-09,81.75,3
78566211,22,2024-02-08,74.84,3
78571542,29,2024-02-02,24.67,3
78580607,18,2024-02-06,12.66,1
78605605,25,2024-02-02,22.88,2
78614086,6,2024-02-07,57.06,3
78626334,20,2024-02-06,21.40,1
78641993,23,2024-02-01,3.63,1
78678227,4,2024-02-08,82.90,2
78682120,1,2024-02-01,51.46,2
78695377,10,2024-02-09,34.96,1
78706756,8,2024-02-04,3.62,1
78719768,15,2024-02-10,0.00,0
78736800,13,2024-02-03,12.66,1
78748329,24,2024-02-05,32.84,4
78749415,13,2024-02-05,7.42,1
78755097,25,2024-02-01,48.46,3
78771590,22,2024-02-06,17.05,3
78775235,30,2024-02-04,27.48,1
78819317,20,2024-02-03,6.58,1
78821303,7,2024-02-01,15.88,1
78858757,15,2024-02-08,4.09,1
78877782,28,2024-02-02,17.12,1
78891218,15,2024-02-04,45.33,3
78895322,20,2024-02-04,7.42,1
78906438,28,2024-02-08,12.01,2
78914386,26,2024-02-01,8.18,1
78920141,8,2024-02-02,24.72,2
78924076,16,2024-02-06,8.95,1
78930604,22,2024-02-01,12.58,1
78951170,24,2024-02-04,20.50,2
78960952,21,2024-02-09,31.75,3
78985682,19,2024-02-05,121.90,5
78996615,19,2024-02-10,99.58,4
78999939,14,2024-02-02,66.95,4
79000466,21,2024-02-05,58.62,4
79000610,23,2024-02-10,82.60,2
79003625,28,2024-02-10,48.02,2
79027981,14,2024-02-04,33.27,2
79031096,17,2024-02-04,31.04,2
79038729,26,2024-02-10,65.16,4
79052038,20,2024-02-01,18.86,1
79054912,30,2024-02-02,101.30,5
79065989,11,2024-02-05,74.75,5
79091415,5,2024-02-02,69.60,4
79092173,24,2024-02-02,18.88,1
79099731,9,2024-02-01,77.74,4
79099951,21,2024-02-03,19.68,1
79123055,29,2024-02-06,58.62,3
79123680,3,2024-02-10,49.65,2
79133859,4,2024-02-02,47.42,3
79153516,3,2024-02-02,71.12,2
79165580,9,2024-02-08,8.93,2
79177914,7,2024-02-06,135.42,5
79180541,4,2024-02-10,45.80,1
79183478,12,2024-02-01,26.48,2
79186217,25,2024-02-05,29.95,3
79189436,21,2024-02-08,3.09,1
79190084,11,2024-02-01,13.12,1
79197215,1,2024-02-01,9.90,1
79198779,2,2024-02-09,20.45,1
79203631,29,2024-02-04,41.29,2
79208326,5,2024-02-08,18.99,1
79211822,6,2024-02-04,23.12,1
79231185,24,2024-02-06,50.67,4
79231571,27,2024-02-06,91.71,4
79232276,16,2024-02-02,33.04,2
79235356,17,2024-02-05,16.35,2
79237153,18,2024-02-05,52.69,4
79238832,28,2024-02-02,72.69,5
79247533,28,2024-02-04,84.20,2
79250123,4,2024-02-01,7.16,1
79253908,12,2024-02-05,58.61,3
79261251,4,2024-02-02,19.56,2
79270489,24,2024-02-01,18.15,1
79274526,20,2024-02-02,7.92,1
79279610,14,2024-02-06,14.67,2
79285353,1,2024-02-08,43.20,3
79300580,20,2024-02-09,93.48,4
79342757,4,2024-02-02,13.02,1
79388517,23,2024-02-02,0.00,0
79392975,5,2024-02-06,108.94,5
79416796,7,2024-02-08,0.00,0
79418475,1,2024-02-08,22.83,2
79453660,3,2024-02-02,76.92,5
79454827,11,2024-02-06,47.95,4
79463473,2,2024-02-02,77.26,5
79465728,12,2024-02-09,77.15,5
79468041,18,2024-02-01,32.80,1
79482937,21,2024-02-02,33.58,4
79486843,2,2024-02-09,33.35,3
79515684,14,2024-02-06,92.72,5
79533002,14,2024-02-02,11.82,2
79535148,28,2024-02-01,47.37,2
79538704,19,2024-02-04,45.52,2
79543060,16,2024-02-02,119.21,5
79543879,12,2024-02-08,3.02,1
79547912,15,2024-02-02,95.59,4
79569435,12,2024-02-09,24.49,2
79570029,8,2024-02-09,85.42,3
79571357,30,2024-02-01,71.77,4
79572947,2,2024-02-08,57.28,2
79589772,24,2024-02-09,74.37,5
79594062,20,2024-02-02,96.66,5
79610117,27,2024-02-09,61.82,3
79623427,27,2024-02-04,17.12,1
79625139,4,2024-02-02,81.31,5
79642530,10,2024-02-06,29.66,2
79661843,24,2024-02-06,37.70,1
79664146,18,2024-02-02,1.53,1
79664417,21,2024-02-09,79.13,3
79703756,13,2024-02-03,47.75,4
79704662,27,2024-02-06,39.75,2
79716858,4,2024-02-08,91.24,5
79728704,30,2024-02-01,105.09,5
79733080,2,2024-02-02,30.63,3
79776597,19,2024-02-01,50.65,3
79776981,11,2024-02-09,85.01,5
79780260,28,2024-02-01,14.07,1
79788574,10,2024-02-01,55.05,4
79809175,10,2024-02-04,24.00,2
79816573,2,2024-02-10,16.46,2
79834569,6,2024-02-08,15.92,1
79837927,10,2024-02-08,0.00,0
79847792,6,2024-02-02,50.63,4
79848281,28,2024-02-01,40.49,4
79855709,26,2024-02-01,49.68,5
79858388,4,2024-02-08,113.03,5
79858557,23,2024-02-01,42.95,4
79871533,24,2024-02-04,31.39,3
79876761,23,2024-02-09,118.99,5
79881246,20,2024-02-08,59.02,2
79892936,22,2024-02-01,51.54,2
79919367,27,2024-02-02,61.29,5
79924108,2,2024-02-06,1.54,1
79930039,26,2024-02-08,4.21,1
79940734,30,2024-02-04,71.79,3
79950507,18,2024-02-03,58.67,2
79973415,29,2024-02-06,27.36,2
79984886,9,2024-02-01,9.16,1
79988290,6,2024-02-01,14.39,2
79989093,29,2024-02-09,27.48,1
79995190,9,2024-02-03,88.33,5
80004130,12,2024-02-01,17.31,2
80022967,8,2024-02-08,26.78,2
80027944,29,2024-02-09,25.95,2
80053205,5,2024-02-08,14.61,1
80060287,22,2024-02-09,57.39,3
80074349,14,2024-02-08,23.45,1
80085760,13,2024-02-05,4.21,1
80088225,6,2024-02-06,53.71,5
80096033,9,2024-02-09,12.27,1
80111783,17,2024-02-08,26.68,3
80130411,6,2024-02-06,71.84,4
80135705,8,2024-02-10,68.55,4
80152574,2,2024-02-02,36.09,5
80156406,16,2024-02-05,29.64,1
80156838,5,2024-02-02,37.59,3
80174656,4,2024-02-05,3.97,1
80185753,25,2024-02-08,35.74,4
80186609,29,2024-02-04,85.37,5
80212983,27,2024-02-01,112.43,5
80221971,21,2024-02-02,56.06,4
80234730,11,2024-02-05,44.77,3
80253831,25,2024-02-06,16.45,1
80265140,9,2024-02-09,18.15,1
80276154,6,2024-02-01,15.08,1
80276624,30,2024-02-07,51.23,3
80286091,21,2024-02-10,52.45,3
80289085,8,2024-02-01,59.51,5
80290863,29,2024-02-05,44.44,4
80303530,6,2024-02-05,74.06,4
80316189,8,2024-02-09,61.31,3
80324922,21,2024-02-02,37.86,3
80332056,14,2024-02-10,64.70,4
80349214,14,2024-02-10,88.74,4
80351054,15,2024-02-02,7.41,1
80365142,22,2024-02-06,75.45,5
80372538,17,2024-02-08,17.16,2
80380035,11,2024-02-01,18.32,1
80380278,7,2024-02-09,56.77,5
80389554,30,2024-02-09,82.18,3
80406271,19,2024-02-08,32.60,2
80413757,4,2024-02-01,29.68,1
80456968,2,2024-02-06,134.82,4
80462692,10,2024-02-01,91.14,4
80465615,22,2024-02-08,16.84,1
80465779,3,2024-02-10,24.05,2
80466272,7,2024-02-08,22.30,3
80495403,1,2024-02-02,5.37,1
80525315,29,2024-02-10,62.40,4
80525876,20,2024-02-04,46.96,2
80548924,5,2024-02-05,98.95,5
80555150,28,2024-02-08,89.12,4
80559100,30,2024-02-06,58.39,3
80560910,10,2024-02-09,0.00,0
80569190,22,2024-02-06,26.78,4
80577094,15,2024-02-10,17.12,1
80593431,23,2024-02-04,54.87,4
80595640,3,2024-02-05,31.65,1
80640619,17,2024-02-06,66.33,5
80645249,3,2024-02-09,11.62,2
80647534,29,2024-02-01,6.16,1
80647668,3,2024-02-02,13.59,2
80653052,10,2024-02-02,24.36,2
80654224,18,2024-02-08,82.32,3
80665463,29,2024-02-01,73.45,4
80676947,18,2024-02-01,7.65,1
80682189,11,2024-02-08,21.96,2
80715604,6,2024-02-09,16.87,3
80721539,24,2024-02-08,3.02,1
80725377,28,2024-02-02,17.70,2
80728046,24,2024-02-09,55.39,4
80729890,18,2024-02-06,71.78,4
80745233,22,2024-02-01,41.00,3
80749838,1,2024-02-06,0.00,0
80751811,26,2024-02-09,57.56,3
80754322,22,2024-02-02,28.10,2
80757191,18,2024-02-02,65.67,4
80760336,22,2024-02-10,30.93,2
80766351,22,2024-02-06,48.58,4
80772349,19,2024-02-02,59.81,4
80777324,29,2024-02-02,33.38,3
80785231,23,2024-02-08,25.19,2
80805797,16,2024-02-01,9.38,1
80812409,22,2024-02-08,33.62,4
80818002,28,2024-02-08,24.35,1
80820567,14,2024-02-01,81.27,5
80833157,27,2024-02-06,71.35,5
80843938,29,2024-02-10,22.60,1
80844233,9,2024-02-08,17.14,2
80856143,14,2024-02-03,53.63,3
80866102,17,2024-02-08,0.00,0
80870046,26,2024-02-09,1.54,1
80874394,20,2024-02-02,85.37,3
80885183,6,2024-02-06,41.16,3
80903113,24,2024-02-04,19.90,1
80907132,28,2024-02-09,78.62,4
80920806,11,2024-02-08,49.91,3
80935793,20,2024-02-10,37.12,3
80938327,23,2024-02-05,51.38,3
80939552,20,2024-02-08,115.74,5
80943145,2,2024-02-06,28.23,2
80957769,27,2024-02-02,52.93,4
80969712,16,2024-02-03,1.51,1
80971057,1,2024-02-08,6.29,1
80978285,10,2024-02-02,45.69,5
80995048,26,2024-02-05,25.10,3
81000902,16,2024-02-09,84.69,4
81013865,23,2024-02-04,39.11,4
81033394,13,2024-02-06,8.18,1
81034054,11,2024-02-09,10.86,1
81043044,1,2024-02-09,9.37,1
81043993,13,2024-02-10,36.18,2
81054420,12,2024-02-02,72.86,3
81060711,18,2024-02-08,0.00,0
81072541,7,2024-02-02,48.60,2
81074330,5,2024-02-09,98.84,5
81083143,17,2024-02-02,12.58,1
81088370,25,2024-02-09,25.37,3
81090102,3,2024-02-01,34.91,4
81094557,4,2024-02-09,82.55,5
81100840,9,2024-02-08,49.99,5
81130642,15,2024-02-08,12.27,1
81144054,2,2024-02-10,3.08,1
81164465,10,2024-02-10,13.12,1
81184626,27,2024-02-06,19.85,1
81187180,5,2024-02-01,11.90,3
81209816,18,2024-02-09,17.34,1
81216103,17,2024-02-02,82.44,5
81230099,23,2024-02-09,12.41,2
81230877,30,2024-02-10,61.84,5
81235994,7,2024-02-01,109.38,5
81236330,1,2024-02-06,54.53,3
81261728,29,2024-02-04,9.27,1
81271169,28,2024-02-06,0.00,0
81272268,22,2024-02-04,22.68,2
81301870,14,2024-02-04,36.50,4
81303649,15,2024-02-03,12.62,2
81340298,17,2024-02-06,33.28,2
81356020,1,2024-02-04,23.01,3
81364584,3,2024-02-03,102.00,4
81368336,15,2024-02-01,30.61,3
81374558,19,2024-02-08,17.48,1
81380393,8,2024-02-08,84.42,5
81399537,24,2024-02-04,38.63,2
81420660,18,2024-02-02,84.15,4
81432029,19,2024-02-02,95.43,3
81435750,12,2024-02-01,28.25,1
81442637,5,2024-02-02,43.17,3
81447922,13,2024-02-06,63.18,2
81479434,1,2024-02-08,1.54,1
81501650,20,2024-02-04,106.93,5
81504351,8,2024-02-08,11.94,1
81520964,12,2024-02-08,34.95,4
81522003,13,2024-02-06,68.68,4
81522614,30,2024-02-09,30.35,2
81572819,13,2024-02-08,102.05,5
81593715,1,2024-02-09,4.87,1
81594269,30,2024-02-05,8.56,1
81598449,5,2024-02-06,24.62,2
81601336,5,2024-02-08,40.15,3
81608082,26,2024-02-09,32.80,2
81618187,19,2024-02-09,43.34,4
81618364,15,2024-02-02,75.56,4
81630539,5,2024-02-05,60.18,3
81632547,30,2024-02-01,51.08,5
81649665,11,2024-02-06,9.74,1
81659902,27,2024-02-04,57.51,3
81669617,11,2024-02-10,25.75,2
81674205,28,2024-02-01,34.50,3
81677240,4,2024-02-10,37.72,1
81695665,2,2024-02-01,37.99,4
81714183,19,2024-02-01,36.00,2
81726063,10,2024-02-01,86.04,4
81730956,13,2024-02-02,33.48,2
81734381,16,2024-02-09,7.55,1
81734426,23,2024-02-02,63.00,3
81736773,20,2024-02-06,22.39,3
81740083,17,2024-02-08,55.52,3
81759177,7,2024-02-06,20.66,2
81761666,26,2024-02-03,130.34,5
81779313,25,2024-02-06,53.38,3
81784805,13,2024-02-09,6.75,1
81784884,5,2024-02-01,53.54,4
81787667,7,2024-02-10,25.55,2
81808772,30,2024-02-02,22.23,1
81809632,15,2024-02-05,51.13,5
81812096,19,2024-02-08,1.79,1
81864332,16,2024-02-03,11.47,2
81867154,30,2024-02-10,96.84,4
81880037,18,2024-02-04,6.04,1
81882218,9,2024-02-04,55.20,3
81892097,19,2024-02-08,40.63,3
81905834,25,2024-02-10,16.70,2
81915366,19,2024-02-10,95.81,4
81919915,25,2024-02-05,34.39,3
81922020,21,2024-02-08,18.76,1
81932366,11,2024-02-08,80.98,5
81934682,4,2024-02-04,84.90,5
81941145,23,2024-02-09,7.54,1
81946714,5,2024-02-01,39.12,4
81950409,1,2024-02-03,75.32,5
81956485,21,2024-02-02,19.81,2
81969457,30,2024-02-02,31.79,3
81973856,6,2024-02-06,62.03,5
81974627,20,2024-02-02,50.68,5
81997074,13,2024-02-01,47.15,1
82012669,30,2024-02-10,37.44,3
82020956,7,2024-02-09,55.70,4
82021964,7,2024-02-06,47.57,4
82029528,19,2024-02-02,64.45,4
82045913,30,2024-02-02,18.74,1
82058477,25,2024-02-06,31.00,3
82064739,26,2024-02-06,100.90,5
82066162,27,2024-02-01,18.74,1
82066955,4,2024-02-06,23.45,1
82081561,21,2024-02-03,24.19,2
82087580,14,2024-02-06,59.55,3
82089464,29,2024-02-01,33.85,4
82089623,14,2024-02-01,81.96,5
82090617,30,2024-02-02,33.88,4
82102349,18,2024-02-09,66.17,4
82110657,25,2024-02-02,0.00,0
82112137,24,2024-02-06,68.53,4
82114543,16,2024-02-02,77.80,4
82120787,20,2024-02-01,42.55,3
82121796,25,2024-02-09,16.45,1
82124272,1,2024-02-02,41.12,2
82127349,29,2024-02-10,38.05,3
82128041,30,2024-02-09,73.20,4
82134015,29,2024-02-09,34.82,3
82166216,18,2024-02-10,17.34,1
82175324,18,2024-02-02,3.98,1
82176230,1,2024-02-01,38.13,3
82206192,8,2024-02-01,44.70,3
82212030,26,2024-02-08,62.52,5
82212444,29,2024-02-05,59.88,3
82216301,28,2024-02-06,42.08,2
82245248,19,2024-02-09,33.50,2
82245525,2,2024-02-01,100.06,5
82283301,9,2024-02-10,40.66,4
82284299,3,2024-02-09,79.24,4
82293714,12,2024-02-01,20.20,3
82297810,23,2024-02-02,44.14,3
82317886,20,2024-02-04,22.22,2
82320641,3,2024-02-04,25.68,2
82340365,16,2024-02-10,74.37,3
82343226,5,2024-02-10,65.14,5
82356823,20,2024-02-05,38.42,4
82359639,15,2024-02-01,59.06,2
82364020,11,2024-02-01,44.43,3
82371005,1,2024-02-01,54.63,3
82380556,20,2024-02-03,64.23,3
82392798,13,2024-02-08,29.35,3
82406007,23,2024-02-10,50.40,3
82408978,16,2024-02-08,15.68,2
82413680,28,2024-02-03,42.05,5
82422173,22,2024-02-02,34.86,3
82436025,20,2024-02-06,18.76,1
82447818,13,2024-02-06,40.30,3
82454425,30,2024-02-06,11.94,1
82463941,30,2024-02-06,96.97,5
82466602,16,2024-02-06,21.05,1
82484122,21,2024-02-03,0.00,0
82489068,28,2024-02-01,42.25,4
82497358,23,2024-02-09,32.12,3
82513014,18,2024-02-06,4.28,1
82514403,30,2024-02-01,49.04,4
82527041,10,2024-02-08,39.80,1
82541062,22,2024-02-05,14.65,2
82544325,15,2024-02-01,45.46,3
82563421,17,2024-02-02,37.83,3
82577190,18,2024-02-02,22.23,1
82584066,27,2024-02-09,30.95,3
82587465,25,2024-02-01,55.46,3
82588841,9,2024-02-09,48.68,2
82598308,28,2024-02-10,40.14,2
82604264,11,2024-02-01,41.90,1
82618515,27,2024-02-06,43.53,3
82627591,3,2024-02-01,87.76,4
82627894,5,2024-02-10,9.37,1
82635741,27,2024-02-06,31.64,2
82637051,14,2024-02-06,6.04,1
82637510,2,2024-02-02,1.53,1
82639250,14,2024-02-06,53.29,4
82641696,5,2024-02-02,4.53,1
82644066,1,2024-02-01,8.74,1
82645446,15,2024-02-03,28.37,2
82651877,26,2024-02-05,11.17,2
82656364,29,2024-02-02,37.45,3
82657030,30,2024-02-06,36.33,3
82657853,18,2024-02-09,8.95,1
82660142,10,2024-02-09,35.66,2
82691405,21,2024-02-10,14.52,1
82698265,4,2024-02-03,23.17,2
82711257,22,2024-02-02,40.82,3
82741702,7,2024-02-05,70.14,3
82760306,12,2024-02-02,14.48,1
82766242,3,2024-02-01,22.60,1
82773414,29,2024-02-06,67.84,4
82784800,10,2024-02-01,45.96,3
82787046,7,2024-02-01,25.68,1
82827086,10,2024-02-04,27.36,2
82829121,5,2024-02-01,69.52,3
82848817,20,2024-02-02,53.58,4
82850208,1,2024-02-03,4.28,1
82855719,22,2024-02-05,16.84,1
82856886,28,2024-02-01,1.02,1
82863368,1,2024-02-02,6.29,1
82874650,16,2024-02-08,19.85,1
82900256,24,2024-02-06,105.73,4
82904542,2,2024-02-01,79.10,4
82906990,6,2024-02-04,89.49,4
82930003,4,2024-02-05,55.46,5
82942364,6,2024-02-04,20.33,3
82956925,6,2024-02-09,39.80,4
82966752,10,2024-02-10,53.43,4
82968635,18,2024-02-06,74.45,5
82987102,16,2024-02-05,3.08,1
82997826,19,2024-02-04,38.75,5
83004841,18,2024-02-09,34.30,4
83009160,23,2024-02-10,19.48,1
83016120,9,2024-02-04,87.42,5
83056284,18,2024-02-08,8.42,1
83056773,13,2024-02-06,85.91,5
83068587,20,2024-02-06,129.60,5
83101979,20,2024-02-01,28.25,1
83125813,14,2024-02-10,38.91,4
83127767,20,2024-02-08,48.58,3
83128747,2,2024-02-10,36.62,2
83131081,19,2024-02-03,20.92,2
83179846,11,2024-02-01,24.73,3
83180908,25,2024-02-02,61.96,4
83184704,6,2024-02-05,0.00,0
83191252,6,2024-02-05,9.95,1
83207506,14,2024-02-08,15.45,1
83230826,21,2024-02-01,84.70,2
83234759,4,2024-02-10,64.42,3
83252856,22,2024-02-03,59.34,4
83267053,16,2024-02-09,77.73,5
83274767,25,2024-02-01,15.88,1
83283787,24,2024-02-08,63.52,3
83303558,19,2024-02-06,17.61,2
83308356,19,2024-02-02,32.90,4
83310726,18,2024-02-01,0.00,0
83324819,13,2024-02-03,122.76,4
83363528,3,2024-02-02,73.91,2
83372715,17,2024-02-04,48.81,3
83414425,22,2024-02-10,76.65,4
83416193,5,2024-02-06,19.90,1
83419339,3,2024-02-10,55.03,4
83422624,19,2024-02-08,68.49,2
83434079,18,2024-02-02,24.06,2
83443680,15,2024-02-02,24.51,3
83446008,12,2024-02-02,36.57,4
83451536,20,2024-02-06,82.89,4
83471468,12,2024-02-03,73.73,5
83483276,10,2024-02-08,59.06,5
83485908,1,2024-02-06,17.07,2
83487986,22,2024-02-10,13.12,1
83492787,14,2024-02-02,37.79,2
83509179,7,2024-02-06,6.03,2
83513576,19,2024-02-06,117.45,5
83523430,29,2024-02-09,14.25,2
83524215,29,2024-02-10,18.86,1
83532686,5,2024-02-01,11.27,2
83537441,17,2024-02-10,62.32,4
83541504,9,2024-02-02,5.65,1
83554469,24,2024-02-10,3.58,1
83554783,5,2024-02-08,33.26,2
83572600,2,2024-02-01,28.25,2
83587049,12,2024-02-02,31.95,4
83593592,1,2024-02-02,6.12,1
83596564,1,2024-02-04,43.70,1
83603057,14,2024-02-06,18.10,3
83603680,11,2024-02-03,36.36,3
83607705,14,2024-02-01,14.56,2
83607761,17,2024-02-06,87.55,5
83615125,3,2024-02-04,80.31,4
83615230,1,2024-02-01,50.54,3
83623955,15,2024-02-02,55.10,3
83626147,16,2024-02-09,47.31,3
83631358,9,2024-02-01,111.54,5
83631721,11,2024-02-04,20.39,2
83638484,3,2024-02-01,38.73,2
83639421,30,2024-02-06,53.71,3
83640413,26,2024-02-01,0.00,0
83643340,1,2024-02-08,8.95,1
83643517,18,2024-02-06,29.68,1
83653292,8,2024-02-09,70.96,5
83695715,15,2024-02-03,9.38,1
83706322,21,2024-02-05,94.90,4
83712400,29,2024-02-02,34.37,2
83718200,17,2024-02-10,36.90,3
83721280,10,2024-02-09,24.56,2
83726486,4,2024-02-08,0.00,0
83756982,2,2024-02-09,110.96,4
83768238,9,2024-02-10,44.96,3
83792488,2,2024-02-01,50.07,4
83798343,22,2024-02-03,42.82,4
83801056,26,2024-02-06,29.85,1
83817243,11,2024-02-03,77.79,4
83821121,26,2024-02-06,39.55,2
83821215,28,2024-02-06,10.18,2
83826582,17,2024-02-06,75.30,5
83844158,11,2024-02-08,61.84,3
83846649,18,2024-02-10,45.66,2
83848391,8,2024-02-05,3.08,1
83853165,29,2024-02-09,35.63,2
83858228,14,2024-02-08,39.80,1
83863908,30,2024-02-06,43.45,3
83898889,15,2024-02-03,0.00,0
83904442,14,2024-02-03,17.40,2
83923543,6,2024-02-02,29.64,3
83930876,14,2024-02-02,1.51,1
83948529,14,2024-02-04,46.20,4
83961042,15,2024-02-10,7.82,2
83962843,10,2024-02-08,63.68,4
83985074,23,2024-02-01,15.08,1
84003739,13,2024-02-09,30.03,3
84010892,26,2024-02-10,39.43,2
84014447,28,2024-02-01,0.00,0
84025058,11,2024-02-10,25.69,2
84036218,24,2024-02-01,54.45,3
84037277,20,2024-02-08,78.78,3
84056981,3,2024-02-10,58.58,4
84066154,12,2024-02-01,36.00,5
84082178,5,2024-02-06,36.62,2
84091348,19,2024-02-08,16.76,1
84100199,17,2024-02-05,5.65,1
84100889,1,2024-02-06,65.04,5
84138638,6,2024-02-10,27.22,4
84156387,28,2024-02-01,24.28,3
84158851,20,2024-02-02,36.09,2
84159274,25,2024-02-05,52.28,4
84162457,23,2024-02-10,57.28,3
84173809,23,2024-02-08,43.79,4
84195849,5,2024-02-02,16.95,1
84251787,14,2024-02-05,3.29,1
84267302,4,2024-02-01,43.18,4
84278073,12,2024-02-09,28.25,1
84280068,14,2024-02-04,45.80,1
84283650,27,2024-02-01,56.12,5
84291117,18,2024-02-02,30.52,2
84298544,24,2024-02-08,46.42,5
84304368,17,2024-02-08,27.75,3
84307988,16,2024-02-02,24.98,2
84310474,16,2024-02-02,18.63,2
84310643,12,2024-02-08,62.87,4
84328484,15,2024-02-01,64.10,2
84329611,16,2024-02-01,12.84,1
84330568,2,2024-02-02,87.12,5
84344086,26,2024-02-06,8.74,1
84347682,23,2024-02-10,45.69,3
84361648,30,2024-02-05,11.30,1
84361792,25,2024-02-02,40.88,2
84378649,24,2024-02-01,39.11,2
84389528,30,2024-02-04,50.60,5
84394164,8,2024-02-10,48.54,3
84426334,17,2024-02-05,35.07,4
84427762,26,2024-02-08,21.22,2
84433398,30,2024-02-06,60.88,4
84433885,23,2024-02-04,30.96,4
84435627,5,2024-02-10,61.76,2
84437532,7,2024-02-09,6.12,1
84451486,29,2024-02-02,25.86,2
84452906,24,2024-02-05,77.96,4
84498762,16,2024-02-01,2.25,1
84502374,20,2024-02-03,58.70,2
84506344,21,2024-02-08,29.00,3
84530044,30,2024-02-02,133.93,5
84534218,20,2024-02-09,4.09,2
84536796,29,2024-02-01,43.35,3
84555051,13,2024-02-01,45.54,5
84556579,18,2024-02-10,0.00,0
84562533,19,2024-02-06,57.09,4
84565313,3,2024-02-02,73.07,2
84589264,8,2024-02-02,51.38,5
84598705,19,2024-02-10,42.71,3
84605379,29,2024-02-10,36.97,3
84608168,20,2024-02-01,52.14,3
84616651,22,2024-02-02,28.90,1
84620380,24,2024-02-01,64.89,5
84623971,7,2024-02-09,13.80,2
84640455,3,2024-02-05,90.88,3
84644261,9,2024-02-09,24.41,2
84645489,3,2024-02-05,27.55,2
84668844,18,2024-02-06,18.87,1
84677763,3,2024-02-02,55.59,3
84678440,28,2024-02-08,39.60,4
84684390,29,2024-02-10,55.85,5
84712782,19,2024-02-06,21.94,2
84712946,27,2024-02-06,20.67,2
84715750,25,2024-02-02,46.07,4
84717446,8,2024-02-09,146.24,5
84732164,24,2024-02-08,85.30,4
84742126,7,2024-02-04,38.81,2
84754204,28,2024-02-02,45.64,4
84757097,3,2024-02-04,43.06,3
84799039,23,2024-02-08,106.02,5
84799151,26,2024-02-03,3.06,1
84805428,10,2024-02-01,7.54,1
84813892,11,2024-02-08,49.62,4
84819298,13,2024-02-01,37.00,3
84836687,5,2024-02-09,34.80,2
84841941,11,2024-02-01,22.26,1
84846801,23,2024-02-01,37.07,2
84851992,6,2024-02-10,4.09,1
84859108,11,2024-02-01,112.36,5
84862608,13,2024-02-08,88.63,5
84870147,24,2024-02-01,27.78,4
84875206,17,2024-02-10,31.65,1
84879866,4,2024-02-01,60.42,3
84891379,11,2024-02-02,50.65,4
84899990,26,2024-02-04,31.45,1
84917045,27,2024-02-04,69.48,2
84918682,22,2024-02-01,14.10,2
84919973,5,2024-02-03,33.73,3
84947826,14,2024-02-04,14.16,1
84964867,1,2024-02-09,73.27,4
84977757,30,2024-02-04,55.65,4
84995281,23,2024-02-02,33.35,4
85003752,1,2024-02-10,0.00,0
85025655,18,2024-02-01,90.11,5
85026978,7,2024-02-08,4.87,1
85041147,27,2024-02-02,69.67,4
85053234,22,2024-02-04,38.22,3
85060658,22,2024-02-08,33.60,3
85077906,25,2024-02-01,30.26,2
85086773,12,2024-02-06,16.55,2
85093460,22,2024-02-09,8.42,1
85108426,5,2024-02-06,53.85,5
85108439,10,2024-02-01,1.54,1
85126668,5,2024-02-04,54.58,3
85138584,26,2024-02-06,0.00,0
85143874,4,2024-02-10,31.03,3
85185413,8,2024-02-09,22.28,2
85201944,8,2024-02-01,30.74,3
85207388,12,2024-02-10,32.65,2
85218060,9,2024-02-09,7.54,1
85218765,10,2024-02-08,3.63,1
85239808,25,2024-02-04,61.22,4
85291978,24,2024-02-06,38.85,2
85297379,20,2024-02-01,17.79,3
85301731,1,2024-02-06,3.96,1
85313441,12,2024-02-10,0.00,0
85342635,27,2024-02-02,68.52,4
85343713,30,2024-02-09,23.12,1
85344830,27,2024-02-01,48.15,3
85359732,18,2024-02-09,59.99,4
85363587,21,2024-02-01,3.02,1
85395798,23,2024-02-01,59.75,5
85402127,3,2024-02-08,37.19,2
85404541,19,2024-02-01,35.53,2
85421026,15,2024-02-04,90.83,5
85423965,22,2024-02-06,20.67,3
85425526,9,2024-02-08,35.26,3
85430442,10,2024-02-02,12.62,2
85436387,18,2024-02-01,36.88,3
85447764,17,2024-02-04,60.63,5
85471953,15,2024-02-01,28.25,1
85478323,17,2024-02-06,22.60,1
85481135,23,2024-02-06,32.53,2
85482262,10,2024-02-09,46.18,3
85483924,6,2024-02-09,57.90,5
85523031,26,2024-02-10,16.85,2
85558394,27,2024-02-04,14.15,2
85568650,9,2024-02-06,60.10,3
85570949,26,2024-02-06,11.30,1
85585145,22,2024-02-09,62.45,4
85585828,27,2024-02-08,83.74,3
85588844,15,2024-02-01,24.88,2
85592574,24,2024-02-06,75.80,4
85601263,24,2024-02-10,16.21,2
85606696,11,2024-02-09,92.68,5
85610274,11,2024-02-08,22.23,1
85674561,10,2024-02-02,74.12,3
85694681,16,2024-02-03,15.08,1
85694806,24,2024-02-06,26.24,1
85720399,27,2024-02-03,18.68,3
85726087,8,2024-02-04,34.96,1
85753751,3,2024-02-01,89.30,4
85790959,5,2024-02-05,12.58,1
85801618,16,2024-02-10,36.34,2
85805849,6,2024-02-02,38.76,4
85820907,13,2024-02-02,42.20,2
85822505,18,2024-02-10,0.00,0
85832898,10,2024-02-02,79.46,5
85850199,8,2024-02-09,1.51,1
85852112,2,2024-02-10,11.91,1
85860590,7,2024-02-10,40.39,2
85861234,17,2024-02-02,98.91,5
85861831,5,2024-02-03,6.12,1
85903031,22,2024-02-10,54.32,4
85905292,2,2024-02-08,42.80,1
85914500,19,2024-02-09,83.97,4
85930567,15,2024-02-09,111.48,5
85960638,26,2024-02-06,9.95,1
85973959,30,2024-02-09,39.53,4
85986370,27,2024-02-08,90.56,4
85997157,26,2024-02-01,38.09,5
86010762,7,2024-02-04,39.93,2
86018653,21,2024-02-02,81.65,3
86028478,13,2024-02-01,82.41,4
86033431,12,2024-02-02,49.25,4
86046280,18,2024-02-05,58.53,3
86055714,2,2024-02-08,23.40,2
86060013,25,2024-02-06,94.00,4
86107015,13,2024-02-06,20.87,2
86115137,25,2024-02-01,56.52,2
86115322,13,2024-02-02,147.50,5
86133268,6,2024-02-10,82.45,3
86137321,29,2024-02-01,36.95,3
86139302,8,2024-02-02,1.54,1
86155803,3,2024-02-09,60.52,5
86156968,30,2024-02-09,61.48,4
86167040,21,2024-02-09,57.67,2
86172139,26,2024-02-06,57.95,5
86176855,27,2024-02-09,15.92,1
86179103,11,2024-02-05,42.66,3
86193353,14,2024-02-01,36.75,2
86195199,13,2024-02-01,6.12,1
86204125,4,2024-02-04,1.54,1
86213139,27,2024-02-01,32.55,1
86218315,3,2024-02-10,77.46,4
86219766,14,2024-02-10,16.36,1
86223038,5,2024-02-02,38.63,5
86239235,2,2024-02-01,7.54,2
86240476,30,2024-02-05,7.55,1
86241626,11,2024-02-06,57.87,4
86279438,21,2024-02-06,23.96,2
86322262,1,2024-02-04,37.73,2
86334711,1,2024-02-06,26.22,1
86336118,16,2024-02-09,26.55,2
86350193,23,2024-02-04,24.35,1
86350610,25,2024-02-02,51.81,3
86357364,22,2024-02-01,45.26,2
86367409,14,2024-02-01,21.21,2
86400140,25,2024-02-10,52.93,5
86415505,12,2024-02-08,18.86,1
86421645,25,2024-02-05,72.08,4
86428744,13,2024-02-01,18.88,1
86449370,5,2024-02-06,123.68,4
86458577,4,2024-02-10,12.66,1
86467009,25,2024-02-05,22.62,1
86467131,4,2024-02-08,25.75,2
86475820,23,2024-02-09,72.56,5
86476139,7,2024-02-02,29.43,2
86491257,22,2024-02-10,18.76,1
86493410,4,2024-02-09,31.92,2
86511333,5,2024-02-08,76.95,4
86525607,26,2024-02-01,25.16,1
86531157,24,2024-02-09,7.70,1
86531439,14,2024-02-02,57.78,4
86548760,17,2024-02-01,19.77,2
86557341,20,2024-02-05,22.27,2
86558324,5,2024-02-01,82.71,3
86572262,29,2024-02-01,67.82,4
86576113,28,2024-02-05,34.85,3
86596604,28,2024-02-01,9.16,1
86600273,26,2024-02-04,110.97,5
86614166,6,2024-02-08,110.29,5
86614913,16,2024-02-08,4.21,1
86631489,28,2024-02-04,29.12,2
86632735,29,2024-02-06,26.48,3
86634650,3,2024-02-10,9.16,1
86641737,14,2024-02-09,76.14,2
86643043,19,2024-02-09,78.57,5
86644999,29,2024-02-06,33.98,4
86651727,14,2024-02-08,36.33,4
86655029,24,2024-02-09,84.05,4
86660198,17,2024-02-06,55.25,4
86675911,26,2024-02-01,29.48,2
86678122,6,2024-02-05,60.18,5
86679348,8,2024-02-08,16.29,3
86703779,2,2024-02-08,18.99,1
86709293,14,2024-02-10,17.12,1
86716253,27,2024-02-01,110.71,5
86716263,15,2024-02-01,37.54,2
86717262,1,2024-02-06,14.07,1
86719208,14,2024-02-08,76.22,5
86736306,24,2024-02-09,27.48,1
86777843,13,2024-02-01,12.84,1
86781333,20,2024-02-09,52.86,3
86783447,24,2024-02-05,91.39,4
86789180,19,2024-02-02,74.84,4
86802531,19,2024-02-06,3.08,1
86831289,15,2024-02-02,36.29,4
86844096,26,2024-02-05,9.90,1
86848100,15,2024-02-02,112.15,5
86852551,13,2024-02-01,5.78,1
86862651,15,2024-02-10,31.65,1
86896946,2,2024-02-01,12.36,1
86905770,13,2024-02-08,3.58,1
86911409,29,2024-02-06,28.62,3
86914356,17,2024-02-02,3.29,1
86931844,10,2024-02-01,42.25,4
86937660,17,2024-02-01,26.63,3
86944219,20,2024-02-06,40.14,3
86944615,12,2024-02-06,2.04,1
86955306,1,2024-02-10,28.26,2
87007394,10,2024-02-02,36.05,2
87015018,5,2024-02-06,47.13,3
87030858,23,2024-02-03,22.14,3
87032671,3,2024-02-02,9.08,2
87039009,15,2024-02-05,37.46,2
87049838,26,2024-02-06,39.49,3
87054125,3,2024-02-10,44.97,2
87074739,15,2024-02-09,21.05,1
87121400,29,2024-02-08,26.92,3
87121426,4,2024-02-06,45.43,3
87142406,23,2024-02-01,23.67,3
87144142,15,2024-02-01,54.78,4
87168316,14,2024-02-02,11.28,2
87185731,3,2024-02-02,62.40,3
87208623,7,2024-02-06,66.26,4
87215032,21,2024-02-10,9.44,1
87220687,14,2024-02-06,134.11,5
87226933,7,2024-02-02,0.00,0
87232776,8,2024-02-02,86.53,3
87235979,26,2024-02-08,58.26,4
87237980,14,2024-02-06,30.01,2
87244985,22,2024-02-04,52.51,4
87248989,8,2024-02-09,56.01,2
87254276,11,2024-02-08,83.02,5
87264097,10,2024-02-04,4.53,1
87289158,1,2024-02-08,35.90,4
87294244,26,2024-02-01,77.89,3
87296724,23,2024-02-02,18.95,2
87310387,5,2024-02-02,72.27,4
87314974,27,2024-02-06,42.13,3
87341484,5,2024-02-02,19.44,3
87345375,25,2024-02-08,27.81,2
87364164,15,2024-02-01,62.99,3
87390476,20,2024-02-04,5.65,1
87401669,19,2024-02-08,32.99,3
87418696,14,2024-02-01,77.79,3
87422336,6,2024-02-02,37.37,3
87436732,19,2024-02-01,47.32,3
87444892,19,2024-02-06,8.42,1
87449847,23,2024-02-06,7.94,1
87453389,23,2024-02-06,15.54,2
87475176,16,2024-02-01,21.95,3
87490796,24,2024-02-08,23.19,3
87496205,10,2024-02-06,11.04,2
87529567,10,2024-02-06,61.19,3
87538027,21,2024-02-10,45.79,2
87540520,20,2024-02-09,21.51,2
87546363,30,2024-02-08,53.25,2
87546878,30,2024-02-02,79.49,4
87550028,2,2024-02-06,86.53,5
87558143,18,2024-02-05,77.27,4
87587068,15,2024-02-08,49.71,4
87591673,1,2024-02-02,7.55,1
87592911,18,2024-02-10,95.88,4
87604574,24,2024-02-09,64.16,2
87613707,21,2024-02-09,50.07,4
87622331,12,2024-02-02,32.19,2
87622623,9,2024-02-06,19.38,3
87628065,15,2024-02-02,57.81,5
87630878,4,2024-02-01,0.00,0
87631042,9,2024-02-05,84.18,3
87631369,25,2024-02-04,63.95,2
87633871,17,2024-02-01,81.03,5
87646558,15,2024-02-06,63.76,2
87657224,27,2024-02-09,77.12,5
87667932,22,2024-02-08,39.46,2
87674466,30,2024-02-05,7.56,2
87721629,14,2024-02-01,17.48,1
87726217,17,2024-02-02,36.22,4
87730415,21,2024-02-02,56.89,5
87734865,25,2024-02-08,7.21,2
87743091,13,2024-02-04,1.98,1
87745278,29,2024-02-05,19.45,2
87749796,3,2024-02-05,36.44,2
87751107,18,2024-02-08,16.82,2
87752905,3,2024-02-05,19.53,1
87785258,18,2024-02-04,55.21,5
87785705,27,2024-02-04,34.33,3
87791311,27,2024-02-02,22.60,1
87792986,27,2024-02-05,27.32,2
87796377,13,2024-02-06,41.24,3
87803068,4,2024-02-09,68.38,3
87806878,30,2024-02-03,31.65,1
87807685,17,2024-02-06,9.00,1
87829705,25,2024-02-06,35.55,3
87831042,15,2024-02-10,34.24,1
87858128,8,2024-02-09,60.64,3
87866684,1,2024-02-02,6.29,1
87868350,16,2024-02-10,42.43,3
87875276,14,2024-02-04,103.85,4
87880475,21,2024-02-10,3.62,1
87895270,20,2024-02-01,17.14,2
87907379,10,2024-02-09,6.07,2
87926199,12,2024-02-09,33.46,4
87931187,8,2024-02-04,3.29,1
87931416,2,2024-02-09,35.48,4
87936739,29,2024-02-02,25.08,3
87940481,8,2024-02-09,22.06,2
87978652,13,2024-02-02,3.62,1
87989034,25,2024-02-01,69.46,3
87990660,6,2024-02-01,31.56,3
88010664,18,2024-02-01,31.86,2
88014080,19,2024-02-04,51.83,3
88018769,28,2024-02-06,0.51,1
88024664,21,2024-02-06,9.27,1
88031898,30,2024-02-10,19.38,2
88038070,20,2024-02-06,112.19,5
88038205,26,2024-02-06,25.40,2
88042674,8,2024-02-08,61.13,2
88060213,5,2024-02-06,86.92,4
88066182,28,2024-02-01,19.89,2
88097397,4,2024-02-06,13.14,2
88111424,12,2024-02-09,7.65,1
88140980,17,2024-02-05,39.49,3
88152911,7,2024-02-09,18.74,2
88156572,15,2024-02-04,26.90,2
88160327,16,2024-02-04,49.03,5
88173045,12,2024-02-02,9.37,2
88173997,6,2024-02-04,93.97,5
88178984,21,2024-02-06,36.33,4
88180817,12,2024-02-02,40.98,2
88181577,18,2024-02-10,34.76,3
88205539,29,2024-02-09,17.34,1
88210340,20,2024-02-01,86.21,5
88218410,15,2024-02-10,67.50,5
88223822,6,2024-02-04,83.65,5
88229002,4,2024-02-05,25.49,2
88231983,29,2024-02-04,18.26,3
88238599,12,2024-02-10,10.86,1
88240444,19,2024-02-03,44.31,2
88247897,10,2024-02-08,54.63,3
88264779,25,2024-02-03,19.12,2
88278722,26,2024-02-04,49.03,3
88282601,14,2024-02-02,89.38,4
88288773,5,2024-02-09,86.37,4
88291867,12,2024-02-08,53.74,3
88304447,10,2024-02-06,57.72,5
88317362,5,2024-02-04,16.95,1
88322764,13,2024-02-02,49.89,2
88363943,30,2024-02-09,42.40,4
88365408,25,2024-02-04,66.80,2
88366484,8,2024-02-06,79.88,5
88367677,20,2024-02-06,121.73,5
88376026,5,2024-02-04,37.85,3
88382471,14,2024-02-02,56.36,3
88391077,18,2024-02-10,0.00,0
88391244,3,2024-02-02,48.07,4
88392804,11,2024-02-06,56.80,2
88396773,23,2024-02-06,39.55,2
88397499,14,2024-02-06,47.73,4
88404921,7,2024-02-04,63.17,4
88417936,6,2024-02-09,122.83,4
88419995,24,2024-02-06,37.50,2
88427602,25,2024-02-01,9.43,1
88434728,19,2024-02-01,54.52,3
88436552,21,2024-02-06,42.93,3
88443498,26,2024-02-02,43.70,1
88481047,19,2024-02-10,22.86,4
88495479,27,2024-02-01,19.86,2
88536378,28,2024-02-08,62.56,2
88539572,1,2024-02-10,21.10,2
88542753,20,2024-02-09,42.70,2
88555807,9,2024-02-06,25.01,2
88567760,17,2024-02-08,83.91,4
88572838,12,2024-02-06,6.04,1
88580200,5,2024-02-02,11.50,2
88602228,15,2024-02-02,74.39,5
88616112,18,2024-02-10,31.63,3
88632983,28,2024-02-02,57.08,5
88634001,14,2024-02-06,51.02,3
88638261,27,2024-02-08,70.25,4
88646801,3,2024-02-02,129.85,5
88651867,16,2024-02-05,80.42,5
88663915,3,2024-02-06,4.53,1
88691499,13,2024-02-03,94.12,5
88706048,18,2024-02-05,51.73,3
88709415,14,2024-02-01,94.40,5
88720587,10,2024-02-10,18.10,1
88731862,13,2024-02-01,9.87,1
88737736,23,2024-02-07,38.43,3
88746544,29,2024-02-10,31.33,2
88755101,2,2024-02-06,34.97,2
88755803,20,2024-02-05,68.09,4
88768007,1,2024-02-03,47.23,3
88773240,4,2024-02-08,104.32,5
88788580,22,2024-02-02,30.80,3
88796400,2,2024-02-06,27.81,2
88802880,21,2024-02-02,37.72,1
88815214,21,2024-02-06,34.20,2
88818399,27,2024-02-06,60.09,2
88840103,8,2024-02-06,0.00,0
88844943,13,2024-02-08,6.51,1
88850208,11,2024-02-03,1.54,1
88856132,9,2024-02-09,75.42,4
88856223,27,2024-02-09,15.88,1
88864159,26,2024-02-10,49.06,3
88875136,5,2024-02-08,84.22,5
88883067,26,2024-02-10,12.91,2
88904925,22,2024-02-08,53.79,3
88912972,25,2024-02-09,46.80,3
88915316,16,2024-02-05,15.09,2
88916723,2,2024-02-01,59.13,4
88921914,21,2024-02-05,3.06,1
88922858,9,2024-02-06,47.78,2
88934822,22,2024-02-08,95.31,4
88935276,12,2024-02-10,79.74,4
88940532,23,2024-02-09,3.62,1
88954178,20,2024-02-09,12.63,1
88955488,9,2024-02-05,22.44,2
88975538,10,2024-02-04,54.47,4
88977467,20,2024-02-06,80.53,4
89017717,23,2024-02-02,75.78,4
89045373,26,2024-02-06,97.82,4
89054011,4,2024-02-06,69.24,3
89058633,10,2024-02-01,65.09,4
89064955,29,2024-02-08,69.36,3
89065168,7,2024-02-02,43.60,5
89078368,18,2024-02-01,33.64,2
89079943,19,2024-02-02,28.19,3
89109470,29,2024-02-09,47.48,4
89110346,11,2024-02-01,39.86,4
89142000,8,2024-02-09,38.98,3
89166931,13,2024-02-05,22.42,2
89170965,24,2024-02-01,51.45,2
89179243,4,2024-02-05,38.54,4
89192927,11,2024-02-09,8.38,1
89195866,18,2024-02-10,39.80,1
89215067,3,2024-02-06,15.85,2
89216998,8,2024-02-08,23.30,2
89225232,3,2024-02-02,12.66,1
89234382,21,2024-02-02,34.88,4
89240313,5,2024-02-06,68.88,4
89251672,21,2024-02-09,32.80,2
89259289,24,2024-02-04,62.71,4
89264752,22,2024-02-09,17.37,2
89309251,2,2024-02-02,88.74,5
89319052,12,2024-02-09,55.72,2
89325075,23,2024-02-10,44.42,4
89331444,16,2024-02-03,6.51,1
89344101,3,2024-02-01,90.61,4
89350608,13,2024-02-04,28.90,1
89379213,7,2024-02-02,12.36,1
89393956,17,2024-02-04,4.59,1
89410647,21,2024-02-08,32.56,2
89432847,13,2024-02-01,21.66,2
89445592,17,2024-02-10,44.42,4
89450488,21,2024-02-06,97.67,5
89463083,3,2024-02-04,27.47,4
89471041,7,2024-02-04,39.83,4
89479533,29,2024-02-05,25.72,4
89489133,3,2024-02-01,18.74,1
89519897,11,2024-02-01,9.38,1
89533964,18,2024-02-10,33.76,2
89538165,7,2024-02-09,0.00,0
89546438,22,2024-02-06,35.80,2
89578352,3,2024-02-01,74.40,5
89590427,27,2024-02-06,9.43,1
89592125,25,2024-02-01,21.32,3
89600083,2,2024-02-02,102.72,5
89600418,1,2024-02-08,22.48,2
89611445,29,2024-02-06,88.11,5
89624582,14,2024-02-02,79.40,2
89656326,11,2024-02-01,23.88,2
89683093,21,2024-02-01,72.76,4
89693721,1,2024-02-03,41.08,3
89708627,7,2024-02-02,4.53,1
89710168,25,2024-02-01,15.08,1
89712881,12,2024-02-01,48.07,4
89715001,20,2024-02-09,52.28,2
89719157,14,2024-02-01,12.45,2
89719639,30,2024-02-02,38.72,2
89720836,1,2024-02-04,39.21,4
89721863,7,2024-02-06,54.51,4
89723017,1,2024-02-02,41.03,2
89726568,12,2024-02-04,31.54,2
89729893,28,2024-02-01,69.62,4
89730635,12,2024-02-09,39.80,3
89742444,17,2024-02-10,29.97,3
89745782,5,2024-02-09,6.91,2
89764880,13,2024-02-09,16.95,1
89771369,24,2024-02-05,84.16,3
89782339,25,2024-02-09,20.92,4
89794735,24,2024-02-09,18.88,1
89828576,20,2024-02-09,1.98,1
89866111,23,2024-02-02,94.51,5
89875558,1,2024-02-10,26.24,1
89893771,20,2024-02-08,34.06,2
89901773,20,2024-02-09,60.71,4
89918395,30,2024-02-01,27.05,4
89923995,17,2024-02-08,12.87,2
89936472,16,2024-02-04,60.98,4
89962583,20,2024-02-08,71.59,3
89967883,24,2024-02-01,56.48,3
89972067,27,2024-02-01,75.99,4
89974695,6,2024-02-08,32.94,5
89979517,12,2024-02-02,82.12,5
90000215,19,2024-02-09,80.39,4
90007777,28,2024-02-06,32.53,2
90021459,5,2024-02-08,56.81,4
90025217,10,2024-02-06,102.54,4
90027903,17,2024-02-09,32.80,1
90042390,28,2024-02-10,31.45,1
90054735,11,2024-02-02,57.50,4
90061304,18,2024-02-02,26.70,2
90064449,12,2024-02-03,82.83,4
90085431,10,2024-02-09,46.38,2
90099441,20,2024-02-05,31.52,4
90100634,3,2024-02-01,68.65,4
90124517,11,2024-02-02,67.30,2
90148181,9,2024-02-06,68.51,4
90153055,24,2024-02-06,68.51,4
90154629,7,2024-02-10,71.79,5
90176384,1,2024-02-08,5.78,1
90203308,11,2024-02-01,9.38,1
90205903,6,2024-02-10,31.04,2
90209778,6,2024-02-01,25.22,4
90217816,12,2024-02-06,6.51,1
90228617,22,2024-02-10,67.05,2
90231435,18,2024-02-03,18.32,1
90243658,20,2024-02-01,94.36,4
90257569,18,2024-02-06,28.22,2
90261541,24,2024-02-01,49.46,3
90293582,11,2024-02-01,16.84,1
90301345,29,2024-02-08,6.16,1
90303285,18,2024-02-06,70.28,2
90307236,9,2024-02-09,36.22,3
90312583,24,2024-02-03,14.44,3
90328473,9,2024-02-01,85.33,4
90332167,5,2024-02-01,59.74,2
90333492,29,2024-02-09,3.06,1
90333680,22,2024-02-10,39.16,3
90361629,18,2024-02-02,47.30,3
90373168,16,2024-02-01,43.50,4
90381243,22,2024-02-01,49.13,4
90388571,16,2024-02-01,1.53,1
90408507,30,2024-02-06,123.92,5
90410853,6,2024-02-06,42.68,2
90416535,24,2024-02-06,33.89,2
90426940,9,2024-02-06,37.72,1
90427503,8,2024-02-02,36.96,3
90437994,18,2024-02-01,42.59,2
90439739,9,2024-02-02,47.00,3
90451807,21,2024-02-01,58.29,4
90455742,10,2024-02-06,15.97,3
90459541,4,2024-02-06,65.12,4
90463773,26,2024-02-10,27.42,2
90473628,16,2024-02-03,150.80,5
90475471,14,2024-02-08,53.38,5
90498572,17,2024-02-04,54.62,3
90511200,2,2024-02-09,45.61,2
90523238,20,2024-02-09,49.62,4
90558706,21,2024-02-01,25.50,3
90573824,4,2024-02-02,49.52,4
90578543,22,2024-02-08,36.64,1
90579075,27,2024-02-09,50.43,4
90590194,7,2024-02-05,40.94,4
90590409,6,2024-02-02,4.50,1
90612254,26,2024-02-05,108.53,5
90646242,5,2024-02-09,14.61,1
90652442,24,2024-02-01,42.87,2
90655841,30,2024-02-01,6.29,1
90668674,28,2024-02-09,37.70,4
90677600,19,2024-02-08,100.65,4
90682008,16,2024-02-10,7.92,1
90697104,14,2024-02-08,45.42,5
90725553,26,2024-02-02,88.36,3
90725573,24,2024-02-02,98.17,5
90732123,1,2024-02-08,142.45,5
90733628,10,2024-02-02,27.58,3
90734697,26,2024-02-03,32.00,4
90737686,19,2024-02-09,14.07,1
90752675,2,2024-02-01,18.13,3
90753134,25,2024-02-10,23.50,2
90755226,29,2024-02-01,47.89,4
90781157,23,2024-02-09,40.06,2
90781233,1,2024-02-05,64.60,3
90784063,1,2024-02-02,34.29,5
90788471,6,2024-02-09,47.68,4
90788917,8,2024-02-06,9.87,1
90791092,28,2024-02-01,44.01,2
90792614,27,2024-02-08,12.36,1
90796567,26,2024-02-02,94.07,4
90805097,16,2024-02-06,18.74,1
90824667,6,2024-02-10,67.65,4
90831096,6,2024-02-01,3.08,1
90845319,5,2024-02-02,51.34,3
90851619,16,2024-02-10,45.32,3
90851873,19,2024-02-06,30.78,2
90852117,7,2024-02-02,44.67,2
90868214,7,2024-02-03,30.27,3
90869850,3,2024-02-10,71.43,4
90872145,24,2024-02-06,36.70,3
90876414,30,2024-02-08,37.18,3
90880335,16,2024-02-02,73.22,5
90902888,18,2024-02-05,27.33,2
90910495,20,2024-02-09,73.37,5
90928141,28,2024-02-01,61.00,4
90946669,14,2024-02-01,0.00,0
90947799,22,2024-02-06,24.29,4
90956050,9,2024-02-08,42.80,1
90962878,10,2024-02-08,88.38,5
90981547,17,2024-02-01,26.69,2
90982409,11,2024-02-06,26.22,2
91001321,18,2024-02-01,40.45,2
91013856,11,2024-02-08,116.25,4
91018798,29,2024-02-05,50.21,3
91032486,27,2024-02-05,35.26,2
91045421,30,2024-02-08,40.12,5
91052812,9,2024-02-02,34.74,2
91058397,27,2024-02-01,39.16,3
91065101,22,2024-02-06,8.56,1
91079021,11,2024-02-09,1.51,1
91092933,11,2024-02-05,23.53,2
91095425,15,2024-02-08,10.76,2
91097297,24,2024-02-08,92.27,5
91109214,10,2024-02-01,11.39,2
91110473,20,2024-02-01,5.74,2
91112997,3,2024-02-10,37.10,1
91125528,13,2024-02-02,25.16,1
91137510,24,2024-02-09,45.44,5
91150332,10,2024-02-01,51.89,2
91154226,9,2024-02-01,33.49,2
91156036,14,2024-02-01,31.30,3
91171789,23,2024-02-02,67.33,4
91192822,20,2024-02-09,43.13,2
91206496,10,2024-02-01,46.68,4
91207162,13,2024-02-09,46.33,3
91238097,29,2024-02-09,12.27,1
91241837,6,2024-02-09,68.95,4
91243528,1,2024-02-01,108.31,4
91249862,24,2024-02-06,18.86,1
91259215,7,2024-02-10,34.46,4
91271582,15,2024-02-10,24.17,3
91281032,30,2024-02-01,129.58,5
91288171,15,2024-02-09,87.21,4
91294349,29,2024-02-09,36.13,5
91294888,8,2024-02-01,7.42,1
91296208,29,2024-02-08,19.90,1
91306829,29,2024-02-01,22.02,2
91327394,7,2024-02-08,17.45,2
91334151,8,2024-02-09,83.17,4
91341554,11,2024-02-09,37.34,2
91360070,17,2024-02-06,4.69,1
91385167,8,2024-02-01,2.04,1
91406914,3,2024-02-02,40.99,3
91422999,21,2024-02-07,0.00,0
91423230,19,2024-02-08,7.26,1
91437279,11,2024-02-08,109.36,5
91475091,16,2024-02-01,126.82,5
91476371,20,2024-02-09,55.15,3
91482660,8,2024-02-02,20.23,2
91484213,18,2024-02-06,60.59,3
91493629,25,2024-02-01,28.04,2
91495920,5,2024-02-10,28.94,2
91506700,26,2024-02-09,109.19,5
91515822,1,2024-02-06,53.00,4
91534220,26,2024-02-09,145.07,5
91547067,29,2024-02-10,44.37,5
91570313,22,2024-02-06,27.31,3
91570966,21,2024-02-02,72.74,5
91592689,5,2024-02-02,34.53,2
91606024,19,2024-02-04,79.92,4
91614839,12,2024-02-08,28.91,2
91635618,29,2024-02-06,39.27,3
91650447,5,2024-02-08,25.14,1
91670135,3,2024-02-10,25.19,2
91671200,16,2024-02-08,52.51,4
91690358,13,2024-02-05,8.05,2
91707568,28,2024-02-10,31.98,2
91715545,8,2024-02-08,97.38,4
91766892,12,2024-02-10,15.45,1
91769708,7,2024-02-05,47.25,3
91773218,18,2024-02-10,47.28,2
91800736,20,2024-02-08,31.45,1
91836043,24,2024-02-09,34.30,2
91839659,11,2024-02-06,67.35,4
91840075,16,2024-02-09,42.43,2
91848203,8,2024-02-05,51.91,5
91868887,29,2024-02-02,34.24,1
91874784,23,2024-02-03,15.32,2
91878796,29,2024-02-02,46.57,2
91879796,22,2024-02-09,36.10,3
91880574,10,2024-02-08,11.94,1
91911636,10,2024-02-04,17.48,1
91917413,17,2024-02-08,21.04,2
91919732,27,2024-02-08,44.10,4
91921446,30,2024-02-10,56.44,4
91930987,6,2024-02-09,33.20,4
91958168,25,2024-02-06,75.48,3
91962922,20,2024-02-09,41.36,4
91963367,4,2024-02-09,36.05,3
92010987,24,2024-02-09,10.14,2
92023028,8,2024-02-06,128.39,4
92042673,17,2024-02-05,109.82,5
92060275,24,2024-02-08,7.92,1
92064855,25,2024-02-10,57.22,2
92084734,9,2024-02-01,58.12,3
92088178,25,2024-02-05,11.58,2
92090368,7,2024-02-10,22.14,2
92090556,9,2024-02-09,35.59,3
92093444,23,2024-02-02,71.28,5
92144773,9,2024-02-04,0.00,0
92149323,3,2024-02-01,5.94,1
92162944,22,2024-02-05,42.74,3
92184664,3,2024-02-02,13.02,1
92215022,24,2024-02-05,20.74,3
92228057,2,2024-02-01,82.21,5
92254114,19,2024-02-08,16.30,3
92263488,24,2024-02-04,12.58,1
92270278,19,2024-02-09,73.03,4
92289035,4,2024-02-10,25.30,3
92312589,18,2024-02-03,15.08,1
92314722,8,2024-02-09,57.28,2
92327346,10,2024-02-10,43.37,2
92335791,8,2024-02-06,8.95,1
92348781,8,2024-02-09,7.56,2
92357566,2,2024-02-01,4.72,1
92383302,24,2024-02-06,62.76,3
92385767,12,2024-02-08,14.48,1
92422519,18,2024-02-10,35.56,3
92428592,2,2024-02-09,7.16,1
92433176,14,2024-02-01,32.55,1
92441353,12,2024-02-01,22.60,1
92460679,14,2024-02-04,23.03,2
92464303,4,2024-02-01,76.03,4
92465363,9,2024-02-08,82.27,5
92504537,16,2024-02-05,68.79,4
92525991,30,2024-02-04,28.17,4
92526201,16,2024-02-10,39.02,3
92536320,23,2024-02-09,51.54,3
92538517,4,2024-02-10,6.12,1
92538943,26,2024-02-08,9.37,1
92560490,25,2024-02-09,35.03,3
92563862,8,2024-02-08,3.08,1
92567152,19,2024-02-06,31.21,3
92568331,29,2024-02-06,4.72,1
92587299,12,2024-02-04,92.05,3
92595754,25,2024-02-02,40.91,3
92595972,3,2024-02-01,24.89,2
92650525,7,2024-02-09,18.91,2
92662866,4,2024-02-02,10.80,2
92687940,27,2024-02-06,63.08,5
92715106,22,2024-02-01,6.16,1
92716790,28,2024-02-08,65.81,3
92725624,4,2024-02-08,82.04,3
92732369,25,2024-02-08,25.16,1
92785625,20,2024-02-02,1.51,1
92795101,13,2024-02-04,34.78,2
92806650,24,2024-02-10,64.26,4
92807190,17,2024-02-10,38.00,4
92813911,19,2024-02-01,48.88,5
92831901,14,2024-02-10,86.07,5
92856560,18,2024-02-06,8.70,2
92867037,7,2024-02-01,47.71,3
92877401,25,2024-02-02,53.95,3
92878156,18,2024-02-05,54.68,4
92879068,8,2024-02-01,98.02,4
92882242,14,2024-02-03,1.02,1
92886268,6,2024-02-06,3.09,1
92898648,20,2024-02-09,36.64,1
92936960,6,2024-02-01,6.66,2
92943154,23,2024-02-09,1.53,1
92943541,3,2024-02-02,53.38,3
92947550,22,2024-02-03,43.23,4
92977090,14,2024-02-05,2.04,1
92986493,17,2024-02-05,41.45,3
92994649,5,2024-02-04,84.45,5
92995813,16,2024-02-06,17.91,3
92996886,7,2024-02-02,101.37,4
93011321,16,2024-02-04,79.73,5
93016551,16,2024-02-09,56.19,5
93023107,23,2024-02-08,47.39,2
93036877,15,2024-02-10,12.35,2
93048102,13,2024-02-09,26.39,4
93048267,26,2024-02-06,18.99,1
93054654,17,2024-02-08,8.56,1
93059811,22,2024-02-10,55.80,4
93090866,29,2024-02-02,58.04,4
93117195,1,2024-02-08,30.11,4
93122632,7,2024-02-01,41.62,4
93143997,29,2024-02-05,38.96,3
93148522,10,2024-02-06,82.72,5
93148645,26,2024-02-01,40.93,3
93164105,12,2024-02-06,36.41,2
93179180,4,2024-02-02,80.67,5
93181315,9,2024-02-06,0.00,0
93201179,6,2024-02-08,30.82,3
93205578,4,2024-02-10,9.27,1
93240140,12,2024-02-04,28.25,1
93240824,28,2024-02-02,107.37,4
93254791,29,2024-02-09,110.05,5
93255019,10,2024-02-06,30.16,1
93269423,30,2024-02-02,75.22,3
93282822,23,2024-02-03,69.85,5
93285665,20,2024-02-02,6.29,1
93321587,12,2024-02-05,64.27,5
93328376,7,2024-02-05,33.29,4
93340451,30,2024-02-04,65.69,4
93351495,26,2024-02-03,31.65,1
93358409,19,2024-02-03,34.73,3
93366824,20,2024-02-08,44.20,2
93373552,27,2024-02-08,56.38,2
93405352,27,2024-02-04,68.83,5
93460448,22,2024-02-08,17.46,2
93465853,23,2024-02-02,66.11,4
93470602,10,2024-02-06,86.72,5
93470993,11,2024-02-01,20.44,3
93480911,2,2024-02-09,20.73,2
93487150,25,2024-02-08,82.04,4
93487779,22,2024-02-05,48.99,4
93506080,7,2024-02-05,98.67,3
93515468,14,2024-02-09,26.24,1
93523353,20,2024-02-08,36.31,4
93530162,14,2024-02-06,16.61,2
93536759,11,2024-02-02,41.65,4
93545302,7,2024-02-08,66.01,3
93555560,13,2024-02-08,56.47,4
93564695,9,2024-02-08,71.00,2
93580107,30,2024-02-01,25.32,1
93581003,14,2024-02-10,62.03,2
93613058,25,2024-02-10,78.55,5
93631626,7,2024-02-06,19.35,2
93637833,19,2024-02-02,128.89,5
93638793,22,2024-02-09,35.66,3
93652816,5,2024-02-07,28.59,2
93661608,17,2024-02-02,10.86,1
93665364,25,2024-02-03,14.55,2
93682283,24,2024-02-08,50.89,4
93688384,17,2024-02-08,95.39,5
93690711,20,2024-02-08,100.04,5
93699836,7,2024-02-06,80.11,5
93745773,28,2024-02-10,59.22,3
93746706,3,2024-02-10,69.17,3
93749953,25,2024-02-09,64.48,3
93755833,13,2024-02-08,29.80,2
93764834,4,2024-02-02,23.44,4
93777442,1,2024-02-03,11.30,1
93784988,17,2024-02-01,44.93,4
93786198,2,2024-02-10,19.35,3
93798753,17,2024-02-03,57.69,5
93801520,20,2024-02-10,18.15,1
93807320,3,2024-02-02,63.68,4
93812942,14,2024-02-05,83.19,5
93832274,28,2024-02-06,59.19,5
93855892,30,2024-02-02,28.90,1
93861813,22,2024-02-08,115.46,5
93869611,19,2024-02-06,63.30,4
93873273,9,2024-02-01,49.63,4
93889608,19,2024-02-08,75.65,4
93896178,6,2024-02-06,96.26,4
93897497,16,2024-02-09,32.72,2
93909291,15,2024-02-05,60.79,4
93911349,12,2024-02-09,89.01,4
93913288,14,2024-02-10,0.00,0
93914554,19,2024-02-08,17.40,2
93915967,20,2024-02-03,84.57,2
93921938,25,2024-02-06,77.72,4
93926601,23,2024-02-02,36.51,3
93932267,25,2024-02-02,68.95,4
93932395,29,2024-02-04,53.20,4
93938991,2,2024-02-01,30.39,4
93945077,16,2024-02-06,60.61,4
93950297,24,2024-02-03,98.32,5
93957918,10,2024-02-01,0.00,0
93964257,5,2024-02-09,1.53,1
94002196,7,2024-02-01,11.25,1
94027741,1,2024-02-09,17.90,2
94033395,19,2024-02-08,62.37,4
94054817,11,2024-02-06,38.43,3
94063795,5,2024-02-02,47.87,5
94071923,4,2024-02-05,90.04,5
94075625,11,2024-02-02,132.55,5
94083366,8,2024-02-06,27.64,2
94086591,27,2024-02-10,27.23,3
94096528,27,2024-02-10,62.50,3
94107034,7,2024-02-02,64.28,5
94111296,18,2024-02-09,38.34,3
94113565,14,2024-02-01,102.69,4
94116040,25,2024-02-04,33.56,3
94137117,9,2024-02-04,6.16,1
94150785,11,2024-02-05,67.36,4
94151502,22,2024-02-09,49.95,4
94160663,27,2024-02-09,52.26,2
94165239,20,2024-02-01,74.21,5
94184519,5,2024-02-02,60.62,3
94201364,16,2024-02-09,9.74,1
94202643,17,2024-02-06,39.65,4
94208998,1,2024-02-02,66.44,5
94228422,10,2024-02-06,22.02,2
94228531,2,2024-02-08,62.31,4
94237288,21,2024-02-09,85.35,3
94250532,23,2024-02-10,115.49,4
94251846,4,2024-02-06,31.80,3
94260224,2,2024-02-10,21.23,2
94270697,5,2024-02-01,36.54,2
94295100,27,2024-02-01,28.24,2
94302816,28,2024-02-06,75.50,4
94316389,22,2024-02-04,39.08,3
94317283,25,2024-02-09,57.03,3
94322285,19,2024-02-06,25.16,1
94323620,30,2024-02-10,44.82,2
94326080,24,2024-02-03,53.56,3
94328776,16,2024-02-06,102.70,4
94334344,20,2024-02-01,3.29,1
94370563,19,2024-02-02,72.87,4
94376494,13,2024-02-09,7.42,1
94381722,28,2024-02-06,67.83,4
94384299,15,2024-02-09,32.30,4
94393966,11,2024-02-04,37.69,3
94397431,12,2024-02-06,38.50,5
94403855,22,2024-02-10,74.77,3
94433819,24,2024-02-04,27.70,4
94437076,11,2024-02-10,0.00,0
94439696,26,2024-02-04,29.73,3
94447165,9,2024-02-08,38.43,3
94455528,23,2024-02-01,48.26,3
94468446,30,2024-02-06,62.65,2
94482713,10,2024-02-06,91.48,4
94508258,14,2024-02-08,4.21,1
94514239,10,2024-02-08,83.73,4
94514548,17,2024-02-02,56.25,4
94546084,25,2024-02-06,1.54,1
94550105,30,2024-02-10,111.42,3
94553637,17,2024-02-03,81.26,4
94566144,24,2024-02-06,51.46,2
94566843,17,2024-02-04,10.86,1
94573472,24,2024-02-06,63.59,3
94579440,13,2024-02-09,24.35,1
94581530,12,2024-02-08,107.17,5
94605694,12,2024-02-01,40.20,2
94609680,24,2024-02-09,34.78,4
94612795,26,2024-02-09,19.97,2
94628529,24,2024-02-01,50.13,3
94641797,25,2024-02-06,9.37,1
94648698,11,2024-02-01,125.15,4
94659888,26,2024-02-10,81.47,4
94661996,30,2024-02-08,83.90,4
94663016,26,2024-02-02,98.72,4
94673522,26,2024-02-01,40.70,3
94675137,1,2024-02-09,49.74,2
94683102,13,2024-02-06,62.56,2
94692475,27,2024-02-09,18.69,3
94701005,21,2024-02-03,53.93,2
94719228,2,2024-02-01,65.28,2
94729076,18,2024-02-09,38.07,3
94734376,19,2024-02-09,62.35,5
94747522,27,2024-02-02,20.30,2
94772971,13,2024-02-04,32.06,2
94774944,7,2024-02-01,13.93,2
94777913,22,2024-02-09,56.58,4
94787026,19,2024-02-06,91.19,3
94790430,10,2024-02-02,61.00,2
94796369,20,2024-02-06,53.60,4
94796626,25,2024-02-06,37.30,3
94812154,14,2024-02-01,28.30,3
94824771,16,2024-02-06,16.84,1
94826710,4,2024-02-09,45.80,1
94835365,15,2024-02-10,19.74,2
94837585,9,2024-02-02,31.65,1
94841169,27,2024-02-06,119.12,5
94849030,10,2024-02-08,14.49,3
94853089,15,2024-02-01,20.63,2
94881314,6,2024-02-09,49.23,3
94910126,9,2024-02-08,1.79,1
94922108,6,2024-02-09,42.62,5
94925698,1,2024-02-01,63.59,4
94926700,27,2024-02-09,58.04,2
94928817,9,2024-02-09,68.06,5
94929412,20,2024-02-04,44.76,4
94938878,21,2024-02-06,69.16,3
94942562,16,2024-02-02,32.72,4
94945010,1,2024-02-02,43.42,2
94961413,12,2024-02-09,14.52,1
94966602,11,2024-02-10,69.65,4
94972312,1,2024-02-06,6.12,1
94977601,14,2024-02-02,75.50,4
94981124,28,2024-02-09,36.64,1
94982876,26,2024-02-04,33.56,3
95002414,21,2024-02-04,17.06,4
95006660,16,2024-02-10,11.56,1
95018414,17,2024-02-04,34.27,2
95026259,9,2024-02-06,45.59,2
95029574,25,2024-02-10,86.86,3
95029979,9,2024-02-10,22.23,1
95037160,28,2024-02-03,41.47,2
95048899,18,2024-02-10,24.48,2
95051172,18,2024-02-10,1.54,1
95086731,28,2024-02-06,34.60,2
95101300,4,2024-02-06,0.00,0
95109587,21,2024-02-01,41.79,3
95133417,23,2024-02-01,45.80,1
95137645,3,2024-02-08,37.10,1
95140938,19,2024-02-03,148.67,5
95151810,15,2024-02-08,57.68,5
95174388,9,2024-02-01,76.45,5
95179917,21,2024-02-01,28.29,1
95207643,9,2024-02-06,58.97,4
95208894,27,2024-02-08,28.50,3
95212001,21,2024-02-08,62.63,4
95225315,25,2024-02-09,73.99,3
95251554,28,2024-02-10,50.08,2
95251557,26,2024-02-01,68.16,3
95288860,23,2024-02-04,9.16,1
95290637,28,2024-02-02,122.30,5
95297496,1,2024-02-04,52.66,4
95298186,30,2024-02-03,31.64,4
95306213,14,2024-02-06,48.13,4
95307856,5,2024-02-10,93.75,4
95312991,23,2024-02-06,84.60,5
95335760,29,2024-02-09,57.90,2
95336855,7,2024-02-04,81.25,3
95350529,2,2024-02-09,47.64,4
95356389,10,2024-02-04,26.04,2
95364075,27,2024-02-03,66.98,4
95383989,13,2024-02-09,6.16,1
95400203,25,2024-02-09,14.16,1
95409578,10,2024-02-10,0.00,0
95423937,24,2024-02-06,9.57,3
95424558,6,2024-02-04,86.21,4
95427198,30,2024-02-09,22.31,4
95449987,17,2024-02-02,72.65,5
95478433,4,2024-02-10,37.72,1
95479105,11,2024-02-10,12.27,1
95505810,13,2024-02-02,4.50,1
95521915,1,2024-02-08,50.38,5
95523255,29,2024-02-01,39.44,3
95523941,14,2024-02-01,45.29,4
95530168,4,2024-02-04,36.83,3
95534333,17,2024-02-01,11.30,1
95560725,27,2024-02-09,13.06,2
95571508,26,2024-02-01,28.25,1
95578509,16,2024-02-01,69.09,3
95578660,27,2024-02-05,22.90,2
95584637,6,2024-02-06,95.94,4
95605096,22,2024-02-10,37.75,2
95606959,10,2024-02-06,28.11,1
95609024,21,2024-02-09,46.31,4
95625365,2,2024-02-01,65.07,4
95631008,26,2024-02-03,56.91,3
95632933,2,2024-02-06,23.80,2
95636237,18,2024-02-08,83.85,5
95650434,21,2024-02-01,47.15,1
95653434,5,2024-02-08,73.79,4
95655810,17,2024-02-01,12.70,2
95674041,28,2024-02-01,50.07,4
95677297,28,2024-02-04,25.68,1
95685769,8,2024-02-08,7.41,1
95701590,24,2024-02-01,62.32,4
95725663,24,2024-02-03,62.09,4
95726816,5,2024-02-04,55.08,4
95732010,25,2024-02-06,6.18,1
95740084,13,2024-02-02,37.52,3
95743093,22,2024-02-10,41.65,3
95760750,21,2024-02-01,24.39,2
95763371,16,2024-02-02,6.12,1
95793422,27,2024-02-02,64.53,3
95799527,4,2024-02-01,21.74,2
95806510,8,2024-02-01,53.19,4
95807121,23,2024-02-10,36.35,2
95816649,8,2024-02-02,65.44,3
95821596,13,2024-02-08,47.05,2
95830016,18,2024-02-02,47.30,2
95851569,24,2024-02-09,68.01,3
95883286,5,2024-02-08,68.34,4
95883994,23,2024-02-02,4.21,1
95934954,2,2024-02-01,28.80,5
95945482,16,2024-02-01,66.45,3
95951634,29,2024-02-09,60.22,2
95957207,18,2024-02-09,25.68,1
95959069,11,2024-02-10,9.38,1
95964250,30,2024-02-01,48.38,3
95965414,25,2024-02-05,18.87,1
95980783,19,2024-02-01,9.43,1
95990911,15,2024-02-06,31.59,3
96005311,15,2024-02-01,94.87,5
96012195,19,2024-02-09,31.15,3
96014808,30,2024-02-10,19.27,2
96019891,15,2024-02-01,49.73,3
96022679,6,2024-02-08,80.29,4
96023522,15,2024-02-06,22.12,2
96025056,16,2024-02-02,16.95,1
96037031,7,2024-02-06,68.68,4
96037642,14,2024-02-02,29.75,2
96039704,22,2024-02-06,1.53,1
96046089,2,2024-02-09,57.14,5
96053364,10,2024-02-05,19.48,1
96057454,14,2024-02-03,27.25,2
96070942,1,2024-02-06,23.60,1
96076844,17,2024-02-10,15.08,1
96116495,14,2024-02-06,89.46,3
96119981,24,2024-02-08,25.74,3
96120031,20,2024-02-02,14.61,1
96120386,9,2024-02-09,69.64,5
96139097,9,2024-02-06,9.14,2
96161996,11,2024-02-01,33.55,2
96170133,15,2024-02-08,90.90,5
96175817,18,2024-02-02,42.48,5
96180443,23,2024-02-10,0.00,0
96186378,4,2024-02-03,34.74,2
96189007,14,2024-02-03,34.16,2
96208165,20,2024-02-08,22.26,3
96232388,13,2024-02-10,62.58,5
96239316,20,2024-02-05,100.63,5
96242707,21,2024-02-04,73.70,4
96272998,8,2024-02-08,25.15,3
96278820,1,2024-02-09,46.58,2
96292238,26,2024-02-10,71.04,3
96305508,10,2024-02-03,56.16,5
96309947,27,2024-02-02,17.12,1
96310257,27,2024-02-10,14.69,3
96317896,27,2024-02-04,14.48,1
96323087,21,2024-02-02,9.00,1
96334443,7,2024-02-01,28.21,2
96334874,27,2024-02-05,112.46,4
96345606,6,2024-02-08,74.71,3
96358201,7,2024-02-09,41.07,2
96377579,27,2024-02-01,54.36,3
96387003,15,2024-02-05,33.89,2
96393189,15,2024-02-02,50.34,3
96400942,20,2024-02-08,13.12,1
96413572,23,2024-02-09,80.04,4
96425025,2,2024-02-01,23.12,1
96428981,28,2024-02-06,62.24,3
96429292,14,2024-02-10,92.65,4
96431007,15,2024-02-10,90.13,4
96431557,11,2024-02-03,28.38,2
96448292,29,2024-02-04,54.49,4
96465543,7,2024-02-10,18.87,1
96467832,8,2024-02-04,42.54,4
96468542,28,2024-02-06,15.99,2
96483995,25,2024-02-06,76.77,4
96494287,8,2024-02-05,17.89,2
96495237,3,2024-02-01,37.72,1
96504385,18,2024-02-09,72.84,5
96504826,26,2024-02-06,28.37,3
96514078,19,2024-02-01,32.56,2
96547231,5,2024-02-06,8.74,2
96563679,22,2024-02-04,15.08,1
96582205,4,2024-02-01,62.84,5
96586097,25,2024-02-08,40.10,4
96590469,9,2024-02-01,59.10,5
96600980,3,2024-02-02,17.24,2
96604681,23,2024-02-09,33.98,3
96616761,8,2024-02-08,8.56,1
96631224,30,2024-02-09,34.96,1
96635673,30,2024-02-10,18.86,1
96638322,4,2024-02-04,25.32,2
96642214,27,2024-02-06,51.10,2
96642398,15,2024-02-06,30.93,4
96656793,16,2024-02-01,51.00,5
96687571,15,2024-02-02,29.90,4
96693030,14,2024-02-09,65.07,3
96707311,4,2024-02-06,104.58,5
96709920,11,2024-02-02,102.27,5
96711766,25,2024-02-09,34.96,3
96760745,10,2024-02-06,26.58,4
96762042,3,2024-02-01,46.90,2
96768576,28,2024-02-02,28.59,2
96783113,25,2024-02-07,40.97,2
96801588,5,2024-02-03,46.85,1
96820479,11,2024-02-01,13.74,2
96826219,9,2024-02-10,40.14,4
96837623,6,2024-02-01,0.00,0
96839425,10,2024-02-05,19.41,2
96871498,24,2024-02-04,73.71,4
96883019,10,2024-02-06,6.75,1
96883668,27,2024-02-05,9.74,1
96890596,10,2024-02-01,73.92,3
96902718,19,2024-02-01,24.83,3
96902755,4,2024-02-01,26.05,3
96906042,4,2024-02-06,52.53,3
96910676,21,2024-02-09,19.35,2
96916842,24,2024-02-02,46.97,2
96938457,14,2024-02-06,33.71,2
96944597,3,2024-02-08,25.73,2
96945737,26,2024-02-01,49.75,1
96964768,9,2024-02-03,126.18,4
97000698,29,2024-02-02,57.57,5
97001323,19,2024-02-05,30.07,3
97030067,3,2024-02-06,61.08,4
97056207,16,2024-02-10,57.80,5
97063966,25,2024-02-04,116.20,5
97064644,15,2024-02-05,107.17,4
97068186,27,2024-02-06,75.30,3
97082198,8,2024-02-08,54.09,2
97088930,28,2024-02-01,3.58,1
97103192,4,2024-02-01,11.30,1
97103871,1,2024-02-05,26.04,1
97108986,16,2024-02-04,59.80,4
97115474,19,2024-02-04,39.46,2
97120172,14,2024-02-04,22.60,1
97129456,1,2024-02-08,103.87,4
97138214,21,2024-02-01,13.71,2
97138683,29,2024-02-06,57.18,5
97147481,29,2024-02-01,13.16,1
97167666,28,2024-02-06,35.42,3
97194146,9,2024-02-08,24.09,3
97200444,4,2024-02-06,3.62,1
97201327,29,2024-02-06,31.79,2
97201880,24,2024-02-08,56.99,5
97201996,25,2024-02-09,25.37,2
97216725,10,2024-02-01,51.75,2
97217274,8,2024-02-03,53.05,2
97219268,30,2024-02-09,66.05,3
97221985,28,2024-02-10,42.69,2
97223389,3,2024-02-09,57.84,5
97225898,5,2024-02-05,6.56,1
97231772,28,2024-02-01,36.69,4
97246381,10,2024-02-05,39.16,4
97248706,25,2024-02-02,42.80,1
97286469,11,2024-02-01,42.31,2
97312185,2,2024-02-10,31.97,2
97341640,30,2024-02-08,30.28,3
97344039,13,2024-02-10,58.85,3
97344570,4,2024-02-06,39.54,3
97352858,10,2024-02-02,38.99,3
97362923,27,2024-02-01,49.79,4
97372399,13,2024-02-08,38.35,3
97381348,7,2024-02-10,45.80,1
97389208,9,2024-02-09,59.09,3
97391178,20,2024-02-01,20.51,2
97428958,11,2024-02-09,96.79,4
97429903,25,2024-02-09,16.36,1
97444995,17,2024-02-09,71.30,3
97452114,30,2024-02-03,60.54,2
97456224,18,2024-02-06,88.30,3
97470740,1,2024-02-01,46.52,2
97471233,13,2024-02-09,66.87,3
97480713,3,2024-02-02,24.88,2
97507308,2,2024-02-10,29.65,2
97522284,15,2024-02-08,100.56,4
97524865,14,2024-02-08,50.87,5
97525217,28,2024-02-01,24.11,2
97529013,7,2024-02-08,75.57,5
97539719,21,2024-02-01,69.11,3
97539796,12,2024-02-09,13.95,2
97550414,14,2024-02-06,55.80,4
97566030,17,2024-02-04,60.20,4
97570868,27,2024-02-05,7.26,1
97578448,21,2024-02-09,59.99,2
97588169,17,2024-02-03,43.70,1
97593426,25,2024-02-04,52.61,3
97598989,10,2024-02-10,15.18,2
97606571,29,2024-02-09,58.13,3
97609988,27,2024-02-08,8.18,1
97619008,12,2024-02-02,45.21,3
97630275,10,2024-02-01,7.55,1
97631714,14,2024-02-08,21.17,2
97632865,8,2024-02-06,56.43,3
97634138,24,2024-02-02,77.15,4
97640225,9,2024-02-06,25.16,1
97645025,24,2024-02-09,37.21,3
97647598,16,2024-02-09,56.12,5
97667690,24,2024-02-10,47.00,3
97673518,7,2024-02-02,52.20,5
97677490,22,2024-02-10,34.98,4
97680181,14,2024-02-01,7.70,1
97682780,13,2024-02-05,75.70,4
97689180,30,2024-02-02,79.37,5
97690028,22,2024-02-04,79.11,4
97691099,22,2024-02-02,84.10,5
97698885,7,2024-02-06,33.90,2
97715487,2,2024-02-02,28.61,2
97718362,28,2024-02-06,48.17,4
97723450,14,2024-02-06,65.93,4
97728021,30,2024-02-06,16.59,2
97752186,4,2024-02-10,29.68,1
97755115,29,2024-02-03,71.15,4
97756417,29,2024-02-01,44.50,4
97778374,9,2024-02-04,66.29,4
97781114,17,2024-02-02,65.50,2
97782257,1,2024-02-02,94.50,4
97787204,28,2024-02-06,103.71,4
97809773,4,2024-02-05,56.17,4
97824283,9,2024-02-01,23.12,1
97830244,9,2024-02-09,69.92,4
97862410,6,2024-02-06,24.87,2
97869844,18,2024-02-06,13.78,2
97870544,26,2024-02-06,29.78,2
97878733,19,2024-02-09,20.50,3
97890507,15,2024-02-06,39.02,3
97896330,20,2024-02-02,13.45,2
97923924,9,2024-02-08,36.68,3
97926900,22,2024-02-09,29.84,3
97951507,18,2024-02-09,5.15,2
97968881,7,2024-02-02,27.55,2
97974942,4,2024-02-04,3.96,1
97976149,28,2024-02-01,81.18,4
97976701,6,2024-02-01,6.29,1
97978509,11,2024-02-04,89.71,4
97986571,17,2024-02-08,43.37,4
97998271,17,2024-02-09,74.05,4
98017959,27,2024-02-09,44.24,3
98025757,22,2024-02-09,42.21,4
98032781,14,2024-02-03,8.56,1
98051419,20,2024-02-08,57.97,2
98051688,3,2024-02-01,31.36,2
98053967,5,2024-02-03,9.08,2
98057940,18,2024-02-03,56.50,3
98086550,28,2024-02-01,21.40,1
98088414,20,2024-02-09,69.65,5
98092728,3,2024-02-01,119.22,5
98093833,1,2024-02-01,4.62,1
98094256,9,2024-02-09,85.60,2
98097547,14,2024-02-08,6.56,1
98107558,21,2024-02-09,0.00,0
98109904,10,2024-02-06,49.84,4
98111523,28,2024-02-03,48.23,4
98132574,23,2024-02-09,94.60,4
98134762,22,2024-02-09,92.58,4
98135143,14,2024-02-04,26.10,3
98144661,20,2024-02-03,105.89,5
98160424,8,2024-02-05,17.56,2
98171891,23,2024-02-08,58.83,5
98179254,6,2024-02-09,37.72,1
98191422,17,2024-02-06,48.83,3
98194409,16,2024-02-01,142.19,5
98199880,25,2024-02-02,56.77,5
98202038,8,2024-02-01,56.41,4
98205544,28,2024-02-10,22.62,1
98212247,11,2024-02-01,37.03,2
98222991,15,2024-02-01,45.30,3
98242792,16,2024-02-03,27.30,3
98246078,28,2024-02-10,59.94,2
98268829,14,2024-02-03,18.86,1
98296129,9,2024-02-04,40.27,2
98315345,3,2024-02-03,75.34,5
98321057,17,2024-02-03,74.80,2
98322195,21,2024-02-06,31.14,4
98326419,22,2024-02-05,44.15,4
98329784,20,2024-02-10,73.16,3
98330291,1,2024-02-09,40.28,4
98340184,25,2024-02-09,83.12,3
98342677,27,2024-02-06,34.18,2
98345510,24,2024-02-06,5.94,1
98345640,24,2024-02-01,46.66,4
98367224,25,2024-02-06,77.81,4
98371012,19,2024-02-10,20.27,2
98391796,24,2024-02-02,66.99,4
98397455,21,2024-02-03,28.29,1
98400034,27,2024-02-01,36.78,3
98431702,20,2024-02-02,23.50,2
98449793,19,2024-02-08,24.35,1
98460581,11,2024-02-06,22.06,3
98466594,2,2024-02-03,95.17,4
98469481,18,2024-02-08,63.95,4
98483019,30,2024-02-08,9.93,2
98488509,26,2024-02-01,11.94,1
98489183,28,2024-02-08,129.84,5
98489609,6,2024-02-06,112.92,5
98494352,2,2024-02-10,22.10,2
98497101,12,2024-02-08,43.92,4
98502744,30,2024-02-10,9.43,1
98505670,12,2024-02-09,52.61,5
98511963,7,2024-02-10,58.68,2
98535253,25,2024-02-06,23.60,1
98564451,6,2024-02-10,16.01,3
98572971,2,2024-02-03,48.94,3
98601649,26,2024-02-06,37.13,4
98601739,16,2024-02-09,56.08,4
98618611,26,2024-02-05,25.62,3
98619631,14,2024-02-09,25.68,1
98623730,13,2024-02-01,16.43,2
98626860,22,2024-02-03,94.98,3
98633256,14,2024-02-06,55.15,2
98641781,27,2024-02-10,11.48,2
98646981,3,2024-02-03,21.17,2
98647904,18,2024-02-08,59.55,3
98653741,21,2024-02-01,75.08,3
98659260,6,2024-02-02,1.53,1
98666588,27,2024-02-06,120.03,5
98669080,28,2024-02-06,107.57,5
98674730,8,2024-02-03,23.31,2
98675227,20,2024-02-01,104.85,5
98677335,27,2024-02-09,0.00,0
98678068,21,2024-02-02,30.18,3
98687724,13,2024-02-01,103.95,5
98688124,27,2024-02-10,19.90,1
98691093,15,2024-02-04,74.90,3
98699272,11,2024-02-03,4.62,1
98714392,12,2024-02-09,6.18,1
98719508,18,2024-02-06,15.45,2
98726698,2,2024-02-05,58.15,2
98746255,6,2024-02-09,39.09,2
98762346,19,2024-02-09,29.61,2
98767861,9,2024-02-09,25.68,1
98768254,28,2024-02-01,11.27,2
98770771,24,2024-02-02,77.83,5
98791159,19,2024-02-01,40.59,3
98801502,12,2024-02-06,76.09,4
98805698,5,2024-02-09,18.32,1
98806893,19,2024-02-04,52.24,2
98826884,26,2024-02-08,6.18,1
98830491,26,2024-02-09,5.65,1
98866862,19,2024-02-09,6.04,1
98868055,19,2024-02-04,60.21,4
98877427,12,2024-02-02,9.90,1
98878015,15,2024-02-09,8.42,1
98882997,21,2024-02-02,59.62,2
98883098,28,2024-02-01,10.26,3
98906407,8,2024-02-05,11.30,1
98914193,25,2024-02-08,42.45,2
98925864,1,2024-02-02,30.73,4
98927705,6,2024-02-10,99.45,3
98929400,3,2024-02-05,48.47,2
98959898,2,2024-02-04,15.72,2
98968725,7,2024-02-01,44.11,3
98994809,25,2024-02-06,41.17,4
99005191,25,2024-02-06,36.64,1
99029832,1,2024-02-02,35.38,3
99031812,26,2024-02-04,26.41,3
99042838,6,2024-02-08,27.76,2
99043890,30,2024-02-04,69.60,5
99062316,23,2024-02-04,43.70,1
99064809,14,2024-02-01,28.74,3
99065019,20,2024-02-02,22.72,3
99107415,1,2024-02-09,82.65,5
99120509,26,2024-02-02,50.19,4
99129401,10,2024-02-08,18.15,1
99134282,16,2024-02-08,69.77,2
99143533,30,2024-02-08,27.32,3
99146576,6,2024-02-08,111.98,5
99156103,15,2024-02-10,50.04,4
99161597,12,2024-02-09,54.96,3
99169565,4,2024-02-04,15.88,1
99169832,7,2024-02-10,32.87,2
99176317,3,2024-02-09,64.73,4
99189460,10,2024-02-02,2.25,1
99190659,13,2024-02-08,23.63,2
99206153,17,2024-02-05,26.29,3
99208326,2,2024-02-08,36.82,2
99221187,11,2024-02-10,71.49,5
99224172,14,2024-02-05,13.16,1
99235562,30,2024-02-10,17.12,1
99241279,23,2024-02-08,26.04,2
99245475,23,2024-02-05,35.78,5
99247731,16,2024-02-03,57.35,5
99267598,1,2024-02-01,67.85,5
99279995,12,2024-02-01,20.96,2
99281050,24,2024-02-09,65.13,3
99282045,8,2024-02-02,18.72,2
99286516,10,2024-02-05,84.41,5
99288154,2,2024-02-04,6.33,1
99296182,2,2024-02-10,86.75,4
99297143,28,2024-02-01,54.05,3
99301694,10,2024-02-08,29.68,1
99303190,2,2024-02-02,45.09,2
99319627,28,2024-02-05,34.08,3
99324428,28,2024-02-02,51.32,4
99326515,11,2024-02-09,47.67,2
99329134,20,2024-02-08,52.76,2
99334956,9,2024-02-01,69.32,5
99340242,1,2024-02-08,49.98,3
99346221,30,2024-02-01,46.85,1
99347456,26,2024-02-06,20.57,2
99350325,21,2024-02-08,84.61,5
99393037,17,2024-02-01,32.48,2
99395660,2,2024-02-04,62.65,4
99424141,4,2024-02-08,52.17,4
99437801,8,2024-02-08,68.68,3
99456223,11,2024-02-04,46.62,3
99466760,30,2024-02-06,45.85,3
99468273,8,2024-02-02,20.85,3
99482250,14,2024-02-09,94.80,5
99485429,13,2024-02-09,70.25,5
99492788,15,2024-02-01,72.32,4
99501793,19,2024-02-10,18.99,1
99519934,4,2024-02-08,6.18,1
99523555,17,2024-02-01,37.70,1
99538953,6,2024-02-06,55.23,5
99554721,11,2024-02-05,132.71,5
99573649,26,2024-02-04,34.24,1
99575238,26,2024-02-01,16.95,1
99577421,19,2024-02-08,100.29,5
99599922,4,2024-02-01,30.06,2
99607942,8,2024-02-05,81.62,3
99624120,8,2024-02-06,36.84,2
99628441,20,2024-02-02,64.98,4
99642414,29,2024-02-09,59.70,4
99643968,14,2024-02-08,81.21,5
99646499,16,2024-02-10,41.11,2
99649147,19,2024-02-05,6.16,1
99662583,14,2024-02-06,40.92,5
99671841,28,2024-02-06,35.20,4
99687601,13,2024-02-09,23.02,2
99693065,27,2024-02-10,78.45,4
99702877,22,2024-02-01,37.28,3
99715758,21,2024-02-09,48.55,3
99728834,21,2024-02-08,46.48,2
99733139,1,2024-02-06,79.05,4
99745876,16,2024-02-06,62.58,2
99746354,22,2024-02-06,5.37,1
99752699,25,2024-02-09,31.41,2
99776049,13,2024-02-02,13.57,2
99778487,9,2024-02-02,51.61,5
99781739,15,2024-02-03,11.56,1
99807026,30,2024-02-04,26.47,3
99817199,29,2024-02-10,10.60,2
99817562,15,2024-02-06,36.86,2
99846823,5,2024-02-06,55.02,3
99851748,10,2024-02-06,3.58,1
99854578,3,2024-02-09,51.95,3
99858157,30,2024-02-09,85.56,4
99877230,22,2024-02-04,57.51,4
99890535,25,2024-02-09,14.98,3
99899100,27,2024-02-01,66.27,5
99901558,4,2024-02-06,70.53,4
99909318,29,2024-02-05,6.21,2
99910033,1,2024-02-09,4.28,1
99920457,24,2024-02-09,29.36,3
99923809,13,2024-02-08,25.54,3
99945922,30,2024-02-06,75.35,5
99957218,2,2024-02-06,49.35,3
99960671,20,2024-02-04,63.78,5
99960858,30,2024-02-04,54.50,5
99963865,14,2024-02-04,35.45,2
99964932,29,2024-02-06,15.08,1
99987631,29,2024-02-02,58.58,5
99989594,2,2024-02-04,62.96,3
99999236,30,2024-02-04,54.67,4
